Record_ID,Year,District,Crop,Season,Soil_Type,Irrigation_Type,Land_Area_Acres,Rainfall_mm,Temperature_C,Humidity_pct,Soil_pH,Seed_Cost_INR,Fertilizer_Cost_INR,Pesticide_Cost_INR,Labour_Cost_INR,Irrigation_Cost_INR,Other_Cost_INR,Expected_Yield_kg,Market_Price_INR_per_kg,Total_Cost_INR,Expected_Revenue_INR,Profit_INR
1,2024,Pune,Rice,Kharif,Alluvial,Drip,4.81,597.7,25.6,64.5,7.31,17119.75,35070.8,15278.64,34955.6,24092.89,13809.63,13470.22,26.94,140327.31,362937.57,222610.26
2,2024,Ahmednagar,Soybean,Kharif,Black,Rainfed,2.1,510.1,22.2,75.2,6.56,6587.25,8908.09,4412.06,10043.19,4504.69,3673.33,2135.04,46.47,38128.62,99211.92,61083.31
3,2019,Pune,Tomato,Rabi,Black,Drip,8.37,607.6,24.7,57.2,6.7,35975.23,51875.61,32764.31,97188.4,43095.53,22142.64,83073.21,26.81,283041.73,2226929.0,1943887.27
4,2023,Pune,Soybean,Kharif,Red,Borewell,11.1,707.3,24.4,48.7,6.27,39000.56,48286.98,19126.05,57781.63,21580.64,18583.04,12287.03,50.9,204358.9,625400.66,421041.77
5,2023,Aurangabad,Soybean,Kharif,Alluvial,Rainfed,0.56,744.0,27.8,70.0,7.15,1781.03,2127.74,1222.18,2801.04,1086.48,1084.75,596.68,41.64,10103.21,24848.42,14745.21
6,2021,Sangli,Maize,Kharif,Alluvial,Drip,7.83,612.1,29.0,65.3,6.31,22373.52,42566.48,18245.7,40476.01,23649.28,14610.03,25366.87,20.62,161921.02,522968.87,361047.85
7,2019,Solapur,Soybean,Kharif,Black,Borewell,4.12,659.4,27.0,57.2,5.8,12050.77,14611.73,6764.82,18426.69,7652.96,6307.12,5026.6,44.29,65814.08,222626.63,156812.56
8,2025,Solapur,Rice,Kharif,Alluvial,Canal,2.65,570.7,28.9,55.7,6.5,9209.92,21298.62,9620.2,25251.58,12548.89,6565.74,7385.37,32.52,84494.94,240163.89,155668.95
9,2023,Aurangabad,Wheat,Rabi,Black,Borewell,1.88,729.8,25.7,63.9,5.49,6253.71,11520.7,4227.08,13182.36,4901.38,4025.81,4907.97,27.09,44111.05,132936.86,88825.81
10,2025,Kolhapur,Rice,Kharif,Alluvial,Drip,6.28,1428.8,25.6,61.7,6.0,25006.28,52186.81,20707.03,66529.88,26908.38,18370.09,20771.79,44.2,209708.46,918024.09,708315.62
11,2024,Pune,Rice,Kharif,Red,Canal,1.54,665.7,26.8,77.4,7.22,5535.37,12227.73,4765.44,14755.83,6644.13,4356.34,4065.14,32.9,48284.84,133730.98,85446.13
12,2025,Satara,Rice,Kharif,Black,Borewell,2.08,843.8,23.4,69.3,5.96,8546.33,14535.01,7505.73,20223.9,10665.92,5236.43,6138.92,28.49,66713.33,174927.98,108214.65
13,2024,Aurangabad,Cotton,Kharif,Alluvial,Drip,8.85,747.9,28.4,64.0,7.21,42208.81,65170.49,41966.8,103304.54,42056.34,26493.36,6884.86,64.49,321200.33,444005.91,122805.57
14,2020,Solapur,Onion,Rabi,Alluvial,Rainfed,9.08,666.0,27.8,69.4,7.84,45297.43,57835.59,29268.78,80155.62,43864.04,24246.58,64048.92,25.25,280668.04,1617348.63,1336680.59
15,2020,Satara,Maize,Kharif,Loamy,Borewell,9.64,1230.8,24.2,49.3,6.68,25594.64,50517.01,18930.03,59842.57,27743.15,16505.57,32501.15,23.01,199132.98,747891.93,548758.95
16,2024,Satara,Cotton,Kharif,Alluvial,Rainfed,4.93,880.9,25.7,63.9,5.95,25951.26,31727.37,21397.32,54606.36,23045.55,16151.49,3203.02,81.11,172879.35,259801.69,86922.34
17,2025,Pune,Soybean,Kharif,Alluvial,Borewell,8.52,614.5,27.8,70.1,6.34,30764.68,39018.7,19677.77,51877.87,18405.43,17958.68,10044.02,55.8,177703.13,560483.05,382779.92
18,2020,Nashik,Cotton,Kharif,Alluvial,Drip,9.65,655.3,25.5,55.0,6.56,42561.91,65621.71,30022.48,95740.95,36889.47,25229.16,7100.83,78.08,296065.69,554453.92,258388.24
19,2024,Sangli,Sugarcane,Annual,Loamy,Drip,1.96,791.6,27.3,66.9,5.94,16532.69,22356.3,8192.61,28846.9,16158.44,9108.06,94166.64,3.09,101194.99,290545.57,189350.58
20,2020,Ahmednagar,Cotton,Kharif,Alluvial,Borewell,3.61,522.8,24.8,66.5,7.22,15526.29,20423.37,12513.47,38747.31,16357.62,8818.99,2420.51,76.56,112387.06,185317.97,72930.9
21,2020,Solapur,Tomato,Rabi,Red,Borewell,11.48,601.5,30.3,50.1,7.81,46516.34,80221.28,49655.58,113790.44,52177.36,27959.9,99232.56,24.36,370320.9,2417549.68,2047228.78
22,2025,Pune,Rice,Kharif,Black,Drip,5.49,899.6,22.1,58.0,6.78,19114.87,46747.97,19538.42,48186.23,27474.2,15583.33,19829.42,31.72,176645.03,628906.54,452261.51
23,2023,Sangli,Maize,Kharif,Black,Borewell,0.8,691.2,27.3,44.9,7.47,2552.6,4946.93,1803.78,5863.07,2433.1,1542.35,2540.41,23.16,19141.84,58832.22,39690.38
24,2023,Aurangabad,Tomato,Rabi,Alluvial,Rainfed,4.17,615.2,27.7,65.2,6.28,21047.57,35363.97,18606.43,43645.54,22090.4,13558.4,37373.17,28.76,154312.32,1075025.34,920713.03
25,2025,Kolhapur,Rice,Kharif,Alluvial,Rainfed,11.89,1253.4,22.6,56.0,7.4,44106.27,90948.57,43165.77,113362.3,61654.58,31830.21,30839.38,38.64,385067.7,1191774.51,806706.81
26,2020,Sangli,Cotton,Kharif,Loamy,Rainfed,10.8,655.7,26.7,62.9,7.06,53352.1,58750.87,35664.07,110984.72,50403.26,30808.71,6576.31,73.99,339963.72,486563.18,146599.46
27,2023,Ahmednagar,Cotton,Kharif,Black,Canal,1.55,533.1,25.0,43.2,7.76,8052.28,10682.5,7096.9,15890.39,7807.06,4968.1,1107.66,82.17,54497.24,91017.88,36520.64
28,2021,Ahmednagar,Soybean,Kharif,Red,Rainfed,1.44,450.7,22.2,55.5,6.57,4783.92,5989.8,2634.18,6739.01,2454.31,2350.91,1322.9,43.17,24952.14,57105.39,32153.25
29,2019,Aurangabad,Onion,Rabi,Black,Canal,1.15,819.8,27.5,66.4,6.75,5458.77,7295.42,3933.95,9829.47,5582.17,2983.93,8633.58,22.36,35083.72,193019.64,157935.93
30,2019,Satara,Cotton,Kharif,Red,Rainfed,6.52,1089.6,25.9,81.4,6.24,27685.24,42108.79,21344.37,54738.01,26070.9,14071.66,4485.43,62.05,186018.96,278312.18,92293.22
31,2025,Aurangabad,Rice,Kharif,Black,Drip,7.21,469.6,26.7,67.1,7.28,29903.94,59554.31,25367.4,68270.83,34009.86,20620.93,21112.19,29.49,237727.26,622654.73,384927.47
32,2023,Aurangabad,Maize,Kharif,Red,Canal,4.88,667.4,28.5,47.7,6.34,13859.12,27884.92,11486.13,31599.46,14801.31,9883.49,13772.87,24.06,109514.42,331348.68,221834.26
33,2023,Satara,Tomato,Rabi,Red,Canal,3.13,1046.6,27.1,54.5,6.52,17417.87,25317.05,14946.32,35564.41,18960.51,10391.49,30666.41,27.23,122597.65,834905.71,712308.06
34,2022,Solapur,Tomato,Rabi,Loamy,Rainfed,5.14,631.0,29.7,53.3,7.11,21916.78,36384.69,17575.8,54227.56,28993.29,16991.18,47277.19,26.25,176089.3,1241047.09,1064957.79
35,2019,Satara,Soybean,Kharif,Alluvial,Rainfed,5.06,1038.0,24.7,61.9,7.18,12752.88,18208.1,8879.41,23712.18,7610.23,7515.37,5639.61,42.13,78678.16,237616.18,158938.03
36,2019,Satara,Soybean,Kharif,Black,Rainfed,1.98,970.3,22.1,57.4,6.06,5861.72,6636.16,3501.73,8152.83,3152.5,2944.57,2126.43,36.82,30249.51,78302.69,48053.18
37,2019,Nashik,Soybean,Kharif,Alluvial,Rainfed,2.87,696.3,19.4,61.1,6.73,8616.83,10947.73,4636.86,11613.95,5105.19,4116.52,3019.63,35.76,45037.08,107972.8,62935.71
38,2024,Kolhapur,Soybean,Kharif,Loamy,Drip,6.07,1283.3,27.7,76.8,6.55,21208.92,32537.93,13772.96,31646.52,11674.47,9720.21,7075.2,49.58,120561.02,350770.92,230209.9
39,2020,Aurangabad,Maize,Kharif,Loamy,Borewell,3.6,659.4,25.9,52.4,6.31,8838.77,19097.33,7668.48,24477.67,10292.67,5948.25,10715.96,20.89,76323.17,223867.66,147544.49
40,2019,Nashik,Soybean,Kharif,Loamy,Canal,6.68,857.5,25.1,52.7,6.59,17152.17,25607.09,13090.67,25510.2,11867.45,9498.44,8145.06,39.86,102726.02,324625.15,221899.13
41,2022,Sangli,Tomato,Rabi,Black,Rainfed,2.65,528.9,25.9,39.5,7.11,12568.19,20792.47,11064.88,26918.64,13534.12,8150.67,23418.69,26.7,93028.98,625310.92,532281.94
42,2024,Sangli,Wheat,Rabi,Alluvial,Rainfed,6.9,436.4,28.1,56.0,7.04,19596.6,38945.52,18667.03,56082.81,18818.4,15991.77,13616.81,23.05,168102.14,313862.94,145760.8
43,2020,Satara,Soybean,Kharif,Loamy,Drip,2.28,1236.2,20.8,60.7,6.46,6975.59,9241.62,4300.46,9652.32,4839.07,3067.77,2957.8,37.83,38076.82,111904.24,73827.42
44,2021,Ahmednagar,Tomato,Rabi,Loamy,Drip,11.19,650.8,23.8,62.8,6.61,52009.83,84900.34,42462.73,111352.44,55342.61,32713.18,125904.19,23.96,378781.13,3016997.6,2638216.46
45,2025,Aurangabad,Rice,Kharif,Black,Rainfed,8.15,437.1,26.7,59.6,7.27,33475.48,61134.57,23810.35,84159.46,36677.64,19892.37,18647.45,34.47,259149.88,642811.01,383661.14
46,2025,Nashik,Wheat,Rabi,Red,Drip,10.85,781.2,19.6,64.1,7.16,38285.32,73351.21,29307.75,94100.85,39078.29,25163.97,24251.61,31.07,299287.38,753528.78,454241.4
47,2022,Aurangabad,Tomato,Rabi,Red,Borewell,2.24,559.9,24.4,75.6,6.94,11209.3,18845.79,8827.07,23326.95,11420.98,7119.94,19629.56,29.29,80750.04,574962.1,494212.06
48,2022,Ahmednagar,Wheat,Rabi,Black,Borewell,7.87,655.5,28.8,55.0,5.95,25309.05,48576.35,19564.0,59361.34,19507.63,19224.31,18473.95,28.47,191542.7,525960.17,334417.47
49,2021,Aurangabad,Cotton,Kharif,Loamy,Borewell,0.71,876.0,27.2,64.0,6.97,3028.1,3926.89,3117.51,7067.56,3276.41,1997.62,573.8,77.33,22414.08,44370.46,21956.38
50,2021,Satara,Maize,Kharif,Red,Rainfed,1.8,936.1,26.2,46.8,7.62,4588.19,9114.99,3234.28,12547.23,5131.12,2991.2,4608.77,17.84,37607.01,82214.28,44607.27
51,2019,Solapur,Wheat,Rabi,Black,Borewell,8.98,394.7,26.5,51.9,6.61,21500.04,49325.49,19507.53,63415.32,18371.09,14848.65,22457.83,27.64,186968.1,620726.14,433758.04
52,2023,Pune,Maize,Kharif,Black,Drip,11.55,690.4,22.8,85.2,6.74,32662.25,69089.89,25596.04,78021.15,33885.15,23108.59,37379.88,20.96,262363.07,783368.22,521005.14
53,2024,Nashik,Rice,Kharif,Red,Borewell,7.0,842.7,18.7,43.3,5.96,26039.41,54243.66,23520.54,63541.38,33960.78,20122.5,17855.68,27.81,221428.27,496489.42,275061.15
54,2023,Satara,Rice,Kharif,Black,Rainfed,5.2,1032.9,26.5,68.5,6.02,18948.5,34788.64,18160.79,45135.22,22617.63,14266.99,13757.65,34.69,153917.78,477312.69,323394.91
55,2021,Solapur,Tomato,Rabi,Red,Canal,10.05,741.1,25.0,56.1,6.14,50880.38,68016.99,36860.84,115022.06,44265.29,30205.07,90218.22,20.69,345250.63,1866919.78,1521669.15
56,2022,Kolhapur,Soybean,Kharif,Red,Canal,5.21,1221.0,28.4,63.9,6.64,16953.9,21231.98,10939.99,25659.77,10173.57,8612.01,4888.71,45.66,93571.21,223215.81,129644.61
57,2025,Solapur,Sugarcane,Annual,Black,Rainfed,3.59,797.1,28.3,56.4,6.45,28438.65,34333.32,15233.88,63489.85,31336.74,15358.63,119255.23,3.68,188191.08,438340.05,250148.96
58,2019,Nashik,Sugarcane,Annual,Red,Canal,0.63,718.2,26.0,77.0,7.31,3606.12,5120.79,2020.21,7873.08,3857.25,2237.95,19547.47,2.67,24715.39,52178.62,27463.24
59,2019,Solapur,Maize,Kharif,Red,Canal,3.32,392.4,25.4,74.1,6.17,7129.65,19018.49,6154.31,20071.9,8755.64,5918.33,9415.84,16.33,67048.32,153770.14,86721.82
60,2022,Ahmednagar,Cotton,Kharif,Alluvial,Rainfed,1.09,891.6,24.8,72.3,6.28,5748.1,6623.98,4957.86,11764.78,4962.22,3379.33,810.59,81.1,37436.27,65741.3,28305.03
61,2020,Nashik,Cotton,Kharif,Alluvial,Rainfed,3.63,496.1,26.3,50.1,6.56,16046.4,22457.19,13933.83,37653.22,17285.93,9504.7,2318.3,74.03,116881.26,171619.47,54738.21
62,2021,Ahmednagar,Rice,Kharif,Alluvial,Drip,6.13,657.3,25.4,64.4,5.93,21311.73,41311.84,19728.76,50226.28,25450.9,15803.14,17940.32,29.11,173832.65,522187.59,348354.93
63,2024,Satara,Onion,Rabi,Alluvial,Borewell,0.93,775.4,25.0,52.6,7.47,5742.38,7618.98,3179.15,9179.62,5554.61,3045.85,6951.99,26.13,34320.6,181636.2,147315.59
64,2019,Pune,Cotton,Kharif,Loamy,Canal,7.58,729.1,27.1,57.3,7.55,31142.92,41124.25,29614.66,76840.67,30504.34,19045.52,6325.08,64.16,228272.36,405819.01,177546.65
65,2021,Pune,Wheat,Rabi,Red,Canal,4.58,609.3,22.9,44.6,5.98,13511.34,25658.29,10257.46,38445.21,11344.93,9824.96,9685.11,33.05,109042.2,320125.1,211082.91
66,2023,Aurangabad,Maize,Kharif,Loamy,Rainfed,6.4,609.8,24.9,56.4,6.37,19417.84,41514.68,13693.64,42294.74,20375.71,12271.23,16470.61,24.41,149567.83,401972.43,252404.6
67,2024,Nashik,Rice,Kharif,Red,Rainfed,3.07,949.3,25.9,54.4,6.8,11677.44,24203.73,11442.94,26286.39,14410.59,7116.3,8092.01,28.11,95137.39,227449.68,132312.29
68,2022,Ahmednagar,Onion,Rabi,Red,Rainfed,3.49,606.4,28.6,57.3,6.83,21217.97,30301.82,12516.64,32351.43,19314.16,10443.09,21779.36,29.76,126145.12,648191.29,522046.17
69,2025,Solapur,Cotton,Kharif,Black,Canal,3.57,586.4,27.6,70.4,6.95,19859.31,26282.78,16957.17,44097.32,21375.74,11175.92,2720.96,82.24,139748.24,223759.0,84010.77
70,2024,Satara,Soybean,Kharif,Black,Canal,10.63,911.6,24.3,72.9,6.21,35600.41,46972.63,24401.06,56849.55,22219.21,17407.7,13329.88,52.99,203450.56,706293.59,502843.04
71,2020,Ahmednagar,Tomato,Rabi,Red,Drip,7.79,774.5,25.4,64.4,6.46,34288.68,60040.43,25926.43,78421.3,39510.98,20849.86,84324.99,23.4,259037.67,1973256.81,1714219.14
72,2020,Pune,Tomato,Rabi,Alluvial,Borewell,8.64,734.6,23.6,72.8,5.79,38779.21,68124.01,32332.71,81963.88,48821.57,20755.52,85179.71,17.64,290776.9,1502538.93,1211762.02
73,2020,Kolhapur,Soybean,Kharif,Black,Borewell,2.38,1521.3,27.0,72.1,7.49,6484.64,8881.74,4442.27,9644.53,4789.6,3998.63,2991.2,42.53,38241.42,127205.41,88963.99
74,2020,Aurangabad,Wheat,Rabi,Red,Borewell,3.14,542.3,28.9,61.3,7.37,8765.18,17743.29,7477.42,22425.11,8712.5,5999.2,7226.49,29.05,71122.69,209942.21,138819.51
75,2025,Kolhapur,Onion,Rabi,Red,Drip,9.66,1336.6,24.9,65.4,6.25,60177.61,75607.95,40438.78,91003.6,57700.93,29113.41,63794.66,29.14,354042.29,1858960.58,1504918.29
76,2022,Satara,Wheat,Rabi,Alluvial,Canal,5.74,880.2,19.2,47.7,7.16,17371.14,31584.37,14278.07,42334.65,14186.81,13137.23,14691.87,31.19,132892.26,458292.45,325400.19
77,2021,Kolhapur,Rice,Kharif,Loamy,Canal,6.94,1353.6,25.1,59.6,6.65,21697.26,47542.06,19380.28,61222.8,30178.87,15985.14,19257.99,29.4,196006.4,566091.33,370084.93
78,2021,Nashik,Wheat,Rabi,Red,Canal,1.7,843.9,25.8,62.5,6.31,4931.54,10239.4,4283.75,13055.81,4256.78,3686.92,4666.13,28.0,40454.2,130657.68,90203.48
79,2023,Nashik,Wheat,Rabi,Loamy,Canal,5.7,734.1,28.4,58.7,6.82,16932.23,36489.91,16134.07,54089.18,16017.61,11202.94,13572.74,31.51,150865.94,427686.1,276820.16
80,2023,Sangli,Onion,Rabi,Black,Borewell,11.96,624.2,27.2,67.5,6.09,63499.48,94296.74,48983.55,115321.8,71504.41,31822.2,94572.67,19.92,425428.19,1883597.22,1458169.03
81,2019,Kolhapur,Soybean,Kharif,Loamy,Rainfed,11.86,1278.2,29.0,61.1,7.77,32066.77,45088.47,20451.16,53171.98,18139.66,19749.47,9819.73,46.85,188667.51,460035.39,271367.88
82,2022,Solapur,Soybean,Kharif,Black,Canal,2.01,614.3,27.5,57.0,6.3,6837.25,8525.38,3763.31,10415.42,2994.5,3736.51,2476.47,35.6,36272.36,88153.54,51881.18
83,2024,Nashik,Onion,Rabi,Alluvial,Canal,2.38,731.2,23.8,69.3,5.95,13958.18,16886.77,9411.49,20628.02,13386.53,7137.58,20681.21,29.24,81408.56,604750.67,523342.11
84,2022,Solapur,Tomato,Rabi,Alluvial,Drip,3.36,725.1,28.7,58.9,6.49,18012.93,26625.8,14201.28,39215.31,18266.32,9709.88,35599.69,25.34,126031.52,901965.69,775934.17
85,2024,Sangli,Soybean,Kharif,Loamy,Drip,3.6,625.3,25.6,60.8,6.08,12680.2,15221.7,7502.57,19174.39,7768.41,6544.31,4434.18,55.12,68891.58,244403.76,175512.18
86,2023,Sangli,Cotton,Kharif,Black,Canal,6.43,849.7,26.7,72.0,6.08,29852.92,40634.19,30622.21,67244.92,32421.4,21100.36,5486.13,78.56,221875.99,430965.81,209089.82
87,2022,Satara,Cotton,Kharif,Alluvial,Borewell,11.36,926.6,28.0,70.7,6.88,54372.44,73202.72,46749.41,106047.34,57048.83,30601.21,8082.09,87.27,368021.94,705302.3,337280.36
88,2024,Aurangabad,Sugarcane,Annual,Red,Borewell,7.99,713.3,24.5,61.4,6.9,62220.28,92593.66,32457.2,115158.85,68527.22,37516.95,299036.26,2.82,408474.17,844412.88,435938.71
89,2021,Nashik,Maize,Kharif,Alluvial,Rainfed,9.79,769.4,25.3,73.6,6.54,24029.94,48582.23,17608.93,59492.68,31190.91,15887.44,28943.07,20.6,196792.14,596331.05,399538.92
90,2020,Kolhapur,Soybean,Kharif,Red,Drip,4.79,1630.6,27.0,55.8,8.05,13742.38,14867.23,10069.01,19131.15,7389.32,8122.55,6378.47,57.56,73321.63,367146.41,293824.78
91,2020,Pune,Wheat,Rabi,Loamy,Rainfed,7.49,794.8,26.2,59.7,6.94,21025.64,40604.69,15910.35,47332.54,17305.76,15182.99,17478.7,24.46,157361.96,427614.02,270252.06
92,2024,Sangli,Sugarcane,Annual,Red,Borewell,6.7,721.0,23.9,53.1,7.26,50200.65,72449.91,24229.39,99320.27,47655.26,27344.25,233426.89,3.5,321199.74,816919.59,495719.85
93,2020,Sangli,Sugarcane,Annual,Red,Rainfed,7.02,773.7,26.8,56.8,6.74,45862.49,67619.84,24195.97,86031.15,49213.77,26701.93,238363.71,2.53,299625.15,602505.34,302880.19
94,2020,Sangli,Rice,Kharif,Red,Borewell,5.23,483.2,25.6,55.5,7.24,17623.53,32287.68,15644.54,38250.85,24332.42,10881.42,13453.21,31.62,139020.43,425449.96,286429.53
95,2025,Satara,Wheat,Rabi,Black,Borewell,8.97,891.0,24.9,73.0,7.67,30094.77,65289.89,21683.17,75909.69,27336.0,21185.45,21647.82,27.08,241498.98,586179.25,344680.27
96,2024,Aurangabad,Maize,Kharif,Alluvial,Borewell,5.15,864.5,24.9,67.1,7.68,14956.06,30259.36,11013.54,35886.36,14796.67,10754.12,17777.5,20.79,117666.11,369554.61,251888.5
97,2020,Aurangabad,Tomato,Rabi,Loamy,Borewell,1.28,611.6,27.4,71.3,6.77,6331.8,8349.09,4340.19,13413.72,7265.71,3405.28,12635.83,30.24,43105.79,382168.83,339063.05
98,2025,Satara,Cotton,Kharif,Alluvial,Borewell,1.19,991.4,24.2,66.8,6.15,5809.05,8397.39,4907.05,12801.34,6975.14,4272.43,936.09,83.53,43162.41,78190.47,35028.06
99,2022,Kolhapur,Soybean,Kharif,Black,Canal,11.16,1391.3,22.2,62.7,7.17,38077.63,43208.39,21921.41,52168.03,22156.26,19765.57,13102.8,49.48,197297.3,648362.08,451064.78
100,2021,Kolhapur,Soybean,Kharif,Alluvial,Rainfed,8.65,1363.5,22.3,45.5,7.0,22989.65,34865.86,19225.16,40522.86,17103.63,14235.33,8068.04,44.27,148942.49,357199.59,208257.11
101,2020,Ahmednagar,Maize,Kharif,Loamy,Drip,4.88,672.5,26.2,57.4,6.56,11979.81,23647.86,10707.05,30721.3,13439.81,8513.17,14839.99,21.44,99009.0,318122.18,219113.19
102,2022,Nashik,Soybean,Kharif,Loamy,Canal,10.41,687.2,25.6,74.5,7.03,30479.01,39363.92,19595.63,48328.65,19785.65,17803.35,12470.76,49.17,175356.22,613156.85,437800.63
103,2019,Sangli,Sugarcane,Annual,Red,Borewell,11.61,421.7,25.7,36.0,6.88,68555.88,102416.07,33340.21,128547.59,77983.66,38396.28,387482.9,2.94,449239.69,1137607.0,688367.31
104,2025,Pune,Tomato,Rabi,Loamy,Borewell,11.94,736.4,24.3,56.5,6.52,64339.17,104272.86,54602.98,149091.59,78058.44,42420.84,118057.68,22.55,492785.87,2662746.57,2169960.7
105,2021,Solapur,Wheat,Rabi,Loamy,Borewell,6.56,445.2,26.6,60.8,7.29,17284.79,40325.7,15332.39,49744.58,18207.36,12839.94,15739.08,26.68,153734.76,419940.04,266205.29
106,2020,Aurangabad,Soybean,Kharif,Alluvial,Borewell,6.04,619.9,26.8,48.7,6.81,18287.31,22912.68,9894.77,29738.81,10593.98,9447.02,7205.65,38.4,100874.57,276683.19,175808.62
107,2022,Pune,Sugarcane,Annual,Alluvial,Borewell,2.23,848.5,23.3,41.3,6.43,13549.19,21942.96,8233.55,33148.23,14976.66,7725.38,85225.32,3.03,99575.97,258301.18,158725.22
108,2020,Aurangabad,Maize,Kharif,Black,Borewell,10.17,917.3,24.8,68.7,6.88,27896.07,53257.3,18975.46,66112.34,26133.77,20977.08,40553.82,21.27,213352.01,862618.95,649266.95
109,2024,Nashik,Wheat,Rabi,Loamy,Drip,0.98,716.1,23.1,54.8,7.48,2872.61,6539.86,2885.73,7521.45,2780.69,2209.74,2459.68,26.69,24810.09,65660.21,40850.12
110,2019,Ahmednagar,Sugarcane,Annual,Alluvial,Borewell,9.29,719.6,23.5,49.2,7.6,56731.15,86306.66,31050.85,115545.79,70843.69,30841.08,367646.75,3.32,391319.22,1219496.37,828177.14
111,2022,Satara,Onion,Rabi,Alluvial,Canal,11.77,1090.1,27.6,68.7,7.06,68234.35,90217.71,43342.61,108148.08,53953.23,28754.53,92281.89,17.92,392650.5,1653931.75,1261281.25
112,2025,Kolhapur,Tomato,Rabi,Loamy,Canal,7.55,1425.7,24.4,64.8,7.19,38862.81,64439.04,35298.94,89278.47,50860.87,25909.3,78462.51,30.62,304649.44,2402536.0,2097886.56
113,2019,Aurangabad,Rice,Kharif,Black,Canal,9.43,565.7,27.0,64.9,6.72,28144.2,61792.03,27624.73,70897.45,31557.04,21566.62,26219.59,32.38,241582.07,849107.35,607525.28
114,2025,Nashik,Soybean,Kharif,Black,Rainfed,6.74,716.5,29.2,67.1,5.64,24515.56,33597.37,15335.33,36399.45,13126.41,12625.0,7475.9,43.98,135599.12,328808.37,193209.25
115,2025,Satara,Soybean,Kharif,Black,Drip,9.7,958.7,21.2,68.5,7.57,32195.49,45211.37,23379.67,46827.59,19088.81,17807.08,11657.12,44.18,184510.0,514969.88,330459.87
116,2022,Ahmednagar,Soybean,Kharif,Black,Drip,10.58,800.0,24.2,64.0,7.26,30070.99,38613.1,22476.07,49356.04,24591.98,17199.37,13241.95,47.1,182307.57,623743.71,441436.14
117,2025,Kolhapur,Sugarcane,Annual,Alluvial,Drip,7.17,1654.7,28.8,76.7,7.27,59260.84,77361.99,32198.25,119025.64,56114.03,34287.28,286075.55,3.75,378248.03,1071354.6,693106.58
118,2021,Ahmednagar,Rice,Kharif,Black,Rainfed,6.45,484.4,24.6,55.5,5.58,20937.43,48206.99,20678.82,48408.42,30678.6,16977.97,16098.77,33.56,185888.24,540290.57,354402.34
119,2022,Sangli,Cotton,Kharif,Red,Rainfed,1.86,746.2,26.4,72.8,5.54,9052.1,10654.63,6694.61,18197.68,9413.82,4656.33,1078.08,73.59,58669.17,79340.27,20671.1
120,2024,Nashik,Soybean,Kharif,Alluvial,Rainfed,11.32,638.7,20.8,66.6,6.38,32136.22,49825.05,26916.21,67552.72,22711.86,19798.4,10469.16,51.24,218940.45,536475.94,317535.49
121,2023,Solapur,Wheat,Rabi,Loamy,Canal,7.52,603.5,25.9,65.2,6.77,21835.95,47289.44,19176.6,53801.11,19724.39,15584.25,18564.95,34.55,177411.73,641430.26,464018.53
122,2019,Solapur,Rice,Kharif,Loamy,Borewell,9.43,557.6,25.5,40.2,7.23,27812.47,58740.17,27493.83,61884.12,34317.35,22064.23,29517.77,24.77,232312.17,731258.36,498946.19
123,2021,Sangli,Rice,Kharif,Loamy,Drip,2.78,473.4,31.8,62.7,6.91,8918.64,18226.01,8116.78,23877.3,11100.62,7209.09,6841.86,42.0,77448.44,287370.75,209922.3
124,2024,Ahmednagar,Tomato,Rabi,Alluvial,Borewell,1.82,657.2,26.4,63.6,6.48,9412.3,14022.8,6150.41,21919.97,11236.41,4700.92,17853.45,23.72,67442.81,423420.74,355977.92
125,2025,Sangli,Sugarcane,Annual,Alluvial,Canal,7.99,541.8,27.1,74.6,6.73,62690.99,82457.48,34036.42,114860.61,63264.09,38816.89,276090.28,3.1,396126.48,854882.42,458755.94
126,2021,Nashik,Soybean,Kharif,Loamy,Drip,6.47,725.5,23.5,59.4,5.76,19654.22,25067.53,15051.46,31049.66,11267.86,10217.63,8597.04,51.55,112308.37,443143.36,330834.99
127,2021,Sangli,Sugarcane,Annual,Black,Borewell,9.42,418.6,27.4,65.3,7.52,65710.52,91952.33,32352.75,111196.68,67369.24,38762.18,356861.51,3.39,407343.7,1208411.57,801067.87
128,2022,Ahmednagar,Onion,Rabi,Red,Canal,4.14,573.2,24.2,53.4,6.95,21989.63,30594.63,17258.24,39686.18,21910.28,10748.83,34198.19,25.34,142187.8,866456.34,724268.55
129,2021,Solapur,Cotton,Kharif,Alluvial,Rainfed,10.64,429.2,26.5,62.3,6.54,49364.45,61285.13,42528.44,106641.11,49895.3,34514.9,7322.87,73.4,344229.33,537507.61,193278.28
130,2020,Nashik,Soybean,Kharif,Loamy,Borewell,4.12,834.9,23.8,42.9,6.34,12038.58,14415.24,7023.62,19758.23,7639.31,6334.66,5808.46,41.62,67209.63,241725.27,174515.64
131,2024,Aurangabad,Soybean,Kharif,Loamy,Borewell,2.13,607.1,21.9,68.9,7.45,7851.15,9325.56,4870.47,11253.84,4483.82,4030.49,2180.19,43.34,41815.33,94487.61,52672.28
132,2021,Nashik,Wheat,Rabi,Red,Borewell,4.24,638.9,24.4,64.5,6.54,11673.77,25498.07,9072.7,30344.12,12812.34,7653.15,10784.02,24.89,97054.15,268464.87,171410.72
133,2024,Kolhapur,Soybean,Kharif,Alluvial,Borewell,0.88,1563.2,22.4,68.5,7.1,3169.48,3954.88,1927.95,4277.06,1854.61,1396.46,1028.35,34.0,16580.44,34966.85,18386.41
134,2024,Sangli,Onion,Rabi,Alluvial,Canal,10.44,381.0,28.7,57.2,6.65,64675.89,87256.8,40733.37,113168.73,56355.54,33862.23,72967.5,27.22,396052.56,1985879.4,1589826.85
135,2021,Kolhapur,Sugarcane,Annual,Alluvial,Drip,0.71,1547.8,23.9,67.9,6.47,4612.27,6158.8,2494.68,7886.2,4911.12,2360.56,30012.5,3.44,28423.63,103124.67,74701.03
136,2021,Satara,Rice,Kharif,Black,Drip,3.95,1034.5,27.4,61.1,6.6,13816.94,24961.26,12285.29,34810.48,17016.77,9615.76,12684.28,35.26,112506.5,447250.94,334744.44
137,2024,Satara,Soybean,Kharif,Loamy,Canal,6.45,730.9,22.6,75.3,6.49,22428.82,32636.2,12236.07,37296.27,15312.17,10890.05,7303.49,53.22,130799.58,388660.16,257860.58
138,2025,Nashik,Cotton,Kharif,Red,Canal,6.39,662.9,22.3,81.5,6.59,35212.08,45584.39,32255.19,69399.55,34614.9,19846.5,4258.2,64.12,236912.61,273026.86,36114.25
139,2020,Solapur,Soybean,Kharif,Alluvial,Rainfed,5.93,535.8,22.9,66.1,5.96,16654.28,21988.63,10540.43,28958.26,10047.92,9652.32,5823.59,59.21,97841.84,344838.6,246996.76
140,2019,Kolhapur,Maize,Kharif,Black,Canal,3.88,1432.4,26.3,63.9,6.25,8867.24,20861.22,7384.57,26820.78,10039.04,6222.19,12004.06,16.35,80195.04,196211.93,116016.89
141,2019,Aurangabad,Maize,Kharif,Black,Canal,5.35,771.4,25.6,68.9,7.62,12422.16,27021.26,9665.07,30281.12,14291.48,8489.42,19092.26,14.51,102170.51,276946.38,174775.87
142,2022,Aurangabad,Sugarcane,Annual,Alluvial,Drip,4.74,656.8,24.0,60.8,6.75,32054.52,46269.02,17824.34,58927.21,38916.5,18681.14,182674.05,3.21,212672.73,585989.4,373316.67
143,2025,Kolhapur,Wheat,Rabi,Loamy,Rainfed,7.82,1472.7,26.5,65.4,7.08,24667.75,45508.22,20720.67,78384.74,22909.31,15074.35,18059.48,32.97,207265.04,595364.36,388099.32
144,2022,Sangli,Rice,Kharif,Black,Rainfed,8.89,726.6,27.9,56.2,7.77,31939.84,66940.61,26736.69,84106.24,37575.58,22711.01,22038.17,33.08,270009.96,729087.42,459077.46
145,2025,Ahmednagar,Maize,Kharif,Alluvial,Rainfed,11.04,409.9,23.6,45.5,7.4,35223.86,65261.56,29797.95,82420.4,32912.32,21996.41,31107.53,22.33,267612.5,694552.85,426940.35
146,2023,Nashik,Soybean,Kharif,Loamy,Drip,0.79,834.1,26.8,56.9,6.57,2483.95,3582.58,1789.56,3612.63,1509.63,1395.35,911.13,48.87,14373.7,44524.42,30150.72
147,2022,Aurangabad,Tomato,Rabi,Alluvial,Borewell,8.42,674.9,23.7,62.0,6.41,41123.75,59990.11,33408.3,77687.62,43640.91,24661.69,85126.46,26.77,280512.38,2279172.6,1998660.23
148,2023,Pune,Cotton,Kharif,Black,Drip,10.72,849.0,25.7,61.0,6.97,49536.52,64917.51,44779.89,129625.65,62611.94,34567.75,7870.42,78.61,386039.26,618654.92,232615.67
149,2024,Kolhapur,Soybean,Kharif,Black,Drip,5.57,1333.0,23.3,50.6,6.18,19671.32,26216.83,9906.25,28936.58,10571.19,10066.79,6693.67,62.96,105368.95,421407.9,316038.95
150,2023,Ahmednagar,Soybean,Kharif,Black,Drip,5.12,731.1,28.9,50.9,7.0,16808.94,25775.73,9035.79,26506.23,10655.0,9849.59,6421.42,47.75,98631.28,306626.7,207995.41
151,2022,Sangli,Wheat,Rabi,Loamy,Canal,2.0,580.2,27.6,56.0,7.22,5486.76,11792.87,5150.02,15056.32,5903.84,3612.66,4949.36,24.93,47002.48,123399.44,76396.96
152,2021,Satara,Wheat,Rabi,Alluvial,Borewell,2.84,864.5,26.7,42.8,8.2,8156.37,16035.27,6965.9,20960.26,7812.93,5819.75,7901.76,27.62,65750.46,218230.26,152479.8
153,2021,Satara,Rice,Kharif,Red,Borewell,2.81,1058.2,23.6,60.8,7.3,9294.71,21591.5,8410.49,24721.21,12664.33,6517.38,9592.13,28.17,83199.62,270208.76,187009.14
154,2024,Satara,Rice,Kharif,Red,Canal,4.63,861.1,25.7,70.6,7.01,17542.22,33585.82,16429.65,45261.96,22853.21,13664.66,12929.16,36.69,149337.51,474420.92,325083.41
155,2019,Nashik,Maize,Kharif,Red,Canal,10.23,605.6,24.4,54.6,6.69,22147.05,50465.95,18584.2,61904.37,26311.23,17433.0,25645.62,21.96,196845.8,563179.59,366333.79
156,2019,Aurangabad,Cotton,Kharif,Loamy,Canal,3.95,680.1,24.4,67.9,7.26,15830.78,20929.06,12785.47,37909.03,16332.75,10052.67,2557.74,49.25,113839.77,125970.1,12130.34
157,2023,Kolhapur,Tomato,Rabi,Loamy,Borewell,3.1,1458.7,25.0,47.1,7.42,15672.44,24888.27,14226.21,40832.39,15417.82,9017.06,29753.7,27.31,120054.2,812428.18,692373.98
158,2022,Pune,Rice,Kharif,Alluvial,Canal,8.35,808.8,23.1,66.3,7.0,33139.47,60373.01,25455.82,70933.95,30916.69,19691.17,27307.84,30.3,240510.11,827356.03,586845.92
159,2020,Nashik,Wheat,Rabi,Black,Canal,7.74,621.1,24.0,70.6,6.08,22449.82,41255.48,16687.4,55638.74,18653.77,15755.59,18822.8,24.3,170440.8,457485.47,287044.67
160,2022,Ahmednagar,Wheat,Rabi,Loamy,Canal,10.76,703.6,24.7,65.5,6.64,30642.51,52664.04,26579.1,88417.14,31482.05,23680.44,29907.74,32.5,253465.27,971986.96,718521.7
161,2024,Sangli,Maize,Kharif,Loamy,Rainfed,11.61,503.9,29.1,63.8,6.53,34419.66,73141.81,26752.1,65996.8,37027.82,21389.67,28156.47,22.47,258727.87,632704.35,373976.48
162,2022,Solapur,Sugarcane,Annual,Alluvial,Canal,4.74,504.1,26.7,57.9,7.57,33956.73,47720.86,15647.22,69925.5,34757.4,19839.64,178337.71,2.75,221847.35,491161.21,269313.86
163,2021,Ahmednagar,Rice,Kharif,Loamy,Borewell,7.49,528.4,24.2,73.5,7.19,22480.94,56102.32,21467.05,62172.69,30655.71,16698.74,23012.45,25.47,209577.45,586144.58,376567.13
164,2025,Sangli,Cotton,Kharif,Black,Borewell,1.17,624.5,25.0,68.7,6.39,5868.45,6828.55,5121.17,15954.23,6632.5,3857.39,890.27,74.75,44262.29,66551.78,22289.48
165,2021,Solapur,Rice,Kharif,Alluvial,Rainfed,11.58,782.0,27.4,71.5,6.27,41382.67,76955.54,35885.68,102094.82,45116.31,22966.92,33031.79,32.24,324401.94,1064832.78,740430.84
166,2024,Pune,Tomato,Rabi,Loamy,Borewell,4.78,738.1,25.1,63.6,6.85,26791.52,35355.33,19682.64,55167.75,23903.09,15010.12,48207.23,33.2,175910.45,1600313.96,1424403.51
167,2023,Satara,Wheat,Rabi,Alluvial,Borewell,1.17,989.1,24.1,60.1,6.31,3460.81,7349.39,2795.75,9256.23,3687.99,2549.83,3092.8,27.32,29100.0,84498.5,55398.5
168,2020,Pune,Sugarcane,Annual,Alluvial,Drip,7.81,893.9,23.0,54.7,5.95,52016.88,74166.88,25957.95,95431.4,53693.48,26656.6,323643.0,3.87,327923.2,1251134.47,923211.27
169,2024,Aurangabad,Cotton,Kharif,Loamy,Rainfed,2.04,684.2,27.2,62.0,5.72,10637.26,14818.77,8314.33,26427.19,8905.08,6204.39,1244.05,74.78,75307.02,93034.6,17727.58
170,2024,Satara,Wheat,Rabi,Red,Canal,2.41,773.4,23.5,58.1,7.05,7888.7,17527.06,5786.65,19480.86,6710.17,5495.1,4820.16,29.47,62888.54,142065.4,79176.85
171,2019,Sangli,Wheat,Rabi,Red,Rainfed,9.21,610.7,24.5,53.3,7.2,25634.6,48670.29,18311.77,59834.58,24866.57,17398.26,21847.86,25.2,194716.07,550597.19,355881.12
172,2024,Nashik,Sugarcane,Annual,Red,Borewell,3.13,552.5,25.2,69.9,6.43,24151.58,31594.8,12204.69,53739.82,24430.1,13035.16,102707.7,3.08,159156.16,316047.39,156891.23
173,2022,Kolhapur,Cotton,Kharif,Loamy,Borewell,5.08,1302.1,21.8,64.2,6.79,25070.32,34982.54,19224.13,53579.64,21156.16,16644.55,3434.13,60.35,170657.34,207244.13,36586.79
174,2023,Aurangabad,Soybean,Kharif,Red,Borewell,3.26,681.6,24.1,58.3,7.11,11148.72,15764.43,5721.2,18681.3,6594.16,5355.31,3766.49,39.0,63265.12,146877.32,83612.2
175,2025,Ahmednagar,Soybean,Kharif,Black,Canal,10.78,765.2,24.2,58.8,5.2,35284.98,47386.15,21363.28,57144.79,24100.49,20554.2,14614.6,54.01,205833.9,789362.84,583528.94
176,2025,Solapur,Tomato,Rabi,Alluvial,Rainfed,5.21,608.0,27.8,73.1,6.06,29778.54,39391.81,24429.25,60323.28,30895.67,17681.92,48383.63,26.18,202500.47,1266666.61,1064166.14
177,2025,Kolhapur,Cotton,Kharif,Loamy,Drip,0.5,1525.9,19.9,55.4,6.09,2547.14,3859.03,2368.39,5599.91,2908.87,1510.69,343.23,65.34,18794.03,22427.65,3633.62
178,2021,Aurangabad,Sugarcane,Annual,Alluvial,Borewell,8.7,628.9,26.9,69.1,6.55,63812.26,90417.04,32721.92,114572.71,57653.81,30985.47,312401.03,3.33,390163.22,1040898.91,650735.69
179,2025,Solapur,Sugarcane,Annual,Red,Drip,9.48,622.5,27.2,47.7,7.18,78243.58,102575.35,35579.65,117785.62,79240.65,45785.92,374377.87,3.89,459210.76,1454533.71,995322.94
180,2025,Satara,Tomato,Rabi,Loamy,Rainfed,5.81,955.3,25.0,68.0,6.95,29842.8,48214.26,24225.42,72562.29,36840.96,19887.2,54861.5,34.03,231572.93,1867171.16,1635598.24
181,2024,Aurangabad,Onion,Rabi,Loamy,Borewell,11.39,417.0,25.9,66.1,6.38,75809.84,90310.13,47719.32,125943.23,57757.17,35421.03,75720.4,29.52,432960.73,2235505.08,1802544.36
182,2019,Aurangabad,Maize,Kharif,Red,Canal,11.62,680.8,24.7,68.3,6.95,27007.8,49342.35,24015.84,67049.24,28126.71,20849.92,35526.37,19.31,216391.85,686118.4,469726.55
183,2019,Aurangabad,Rice,Kharif,Loamy,Rainfed,8.24,608.6,27.5,72.0,7.86,23771.1,47503.0,21038.35,67978.92,27516.75,19894.03,20159.08,26.26,207702.15,529341.85,321639.71
184,2025,Sangli,Maize,Kharif,Red,Rainfed,5.15,561.1,23.6,52.0,7.44,15180.81,33068.81,12925.8,42751.01,18975.87,10798.83,12762.43,19.57,133701.13,249799.92,116098.79
185,2021,Kolhapur,Sugarcane,Annual,Loamy,Rainfed,9.14,1417.6,23.9,57.4,5.7,62055.24,93654.33,30315.99,113403.81,73571.72,31777.58,269337.93,2.45,404778.67,658854.39,254075.72
186,2021,Sangli,Onion,Rabi,Loamy,Rainfed,3.54,610.8,24.1,53.7,6.1,19373.27,23813.77,12913.5,31363.69,16986.34,10937.94,24617.09,27.48,115388.52,676420.47,561031.95
187,2024,Satara,Rice,Kharif,Alluvial,Drip,7.96,1060.9,26.0,47.8,7.26,26556.12,59546.71,27907.38,82869.75,39202.1,19968.45,27130.7,41.01,256050.53,1112506.65,856456.12
188,2019,Sangli,Rice,Kharif,Black,Borewell,0.68,451.6,28.0,67.1,6.66,1999.11,4382.63,1748.68,5090.39,2547.96,1522.96,2011.87,28.18,17291.73,56690.46,39398.73
189,2019,Kolhapur,Maize,Kharif,Black,Canal,11.02,1273.4,24.1,77.1,6.4,26310.33,61148.7,23099.42,70391.52,26421.17,19272.31,32559.35,21.85,226643.45,711502.8,484859.35
190,2021,Kolhapur,Wheat,Rabi,Alluvial,Borewell,0.66,1363.8,23.6,53.8,6.2,1790.11,3919.48,1770.99,4459.11,1759.63,1346.68,1693.3,28.98,15046.0,49063.71,34017.7
191,2023,Satara,Maize,Kharif,Loamy,Drip,11.23,776.0,24.4,74.8,7.11,35070.08,65398.78,23929.74,80486.87,36566.25,19431.59,34310.69,23.39,260883.32,802358.75,541475.43
192,2019,Ahmednagar,Maize,Kharif,Loamy,Drip,4.74,643.4,26.4,59.9,7.57,11848.96,22694.88,10244.78,32973.37,11568.14,7703.73,14021.56,22.62,97033.86,317224.32,220190.46
193,2020,Ahmednagar,Sugarcane,Annual,Loamy,Canal,5.61,534.1,25.0,69.1,6.69,35526.91,55932.39,17231.66,66414.12,36604.98,21409.42,208448.07,2.63,233119.49,548102.23,314982.74
194,2024,Kolhapur,Sugarcane,Annual,Black,Borewell,10.64,1512.8,26.9,59.0,6.33,76808.67,133659.91,45861.93,139502.49,75757.8,47377.58,391641.99,3.6,518968.38,1409537.23,890568.85
195,2019,Ahmednagar,Cotton,Kharif,Loamy,Canal,4.04,484.0,22.3,68.4,6.71,14789.04,20405.78,14156.21,37574.93,18117.75,10650.9,2907.12,68.03,115694.61,197758.69,82064.08
196,2024,Sangli,Cotton,Kharif,Alluvial,Borewell,9.11,846.2,24.7,66.3,6.14,44287.37,60668.78,38137.05,108278.46,50314.86,26123.76,7952.27,76.14,327810.26,605484.72,277674.46
197,2022,Satara,Cotton,Kharif,Loamy,Rainfed,1.46,899.1,24.8,55.0,6.53,6322.07,8358.9,6078.18,14739.6,6629.69,4054.44,940.45,65.46,46182.87,61563.7,15380.83
198,2023,Sangli,Soybean,Kharif,Alluvial,Canal,11.54,732.4,31.2,47.7,5.57,39019.48,46042.34,24139.34,46207.28,23155.49,20961.48,15594.02,52.82,199525.42,823602.96,624077.54
199,2025,Pune,Cotton,Kharif,Loamy,Canal,6.62,747.7,23.2,59.0,6.23,33603.29,45523.06,26402.26,74867.03,35810.39,17164.25,4962.94,80.01,233370.29,397094.25,163723.96
200,2023,Pune,Wheat,Rabi,Loamy,Canal,0.71,1008.3,22.8,75.2,7.3,2408.13,4470.04,1900.54,5422.56,2207.54,1640.32,2090.83,26.37,18049.13,55125.94,37076.81
201,2020,Solapur,Soybean,Kharif,Red,Canal,5.69,596.7,26.4,61.2,7.31,15951.49,20992.67,10868.99,26582.89,10144.08,9055.74,6379.16,40.52,93595.86,258484.33,164888.47
202,2024,Nashik,Maize,Kharif,Black,Canal,1.35,822.0,23.0,45.1,7.07,3685.69,7907.37,3095.74,9442.45,3541.08,3013.13,4326.39,26.93,30685.47,116502.98,85817.51
203,2023,Pune,Sugarcane,Annual,Alluvial,Drip,8.65,697.0,29.2,64.4,7.61,64857.82,91321.24,34293.09,111271.7,66649.58,38794.66,356570.69,3.93,407188.09,1401595.89,994407.8
204,2021,Kolhapur,Rice,Kharif,Loamy,Drip,9.04,1401.3,24.0,64.7,6.98,30112.95,68362.12,29955.2,75029.07,40263.37,19887.28,27058.33,32.81,263609.99,887891.76,624281.77
205,2025,Ahmednagar,Soybean,Kharif,Alluvial,Canal,5.95,501.3,26.9,56.3,6.1,20285.57,28823.24,12684.97,28925.55,12877.95,11536.3,6443.98,46.37,115133.58,298798.27,183664.7
206,2025,Kolhapur,Maize,Kharif,Loamy,Canal,4.9,1506.2,27.1,56.1,7.21,15732.96,31489.27,12347.02,33826.45,15021.24,11084.55,14250.77,20.73,119501.49,295479.85,175978.35
207,2022,Nashik,Onion,Rabi,Black,Drip,3.02,522.1,25.2,71.4,7.02,17919.55,20799.32,12609.72,28063.09,15342.73,8341.21,24605.57,25.53,103075.62,628269.16,525193.53
208,2025,Sangli,Soybean,Kharif,Alluvial,Rainfed,6.91,630.5,26.5,68.1,6.52,25650.97,32333.49,15296.02,39152.15,13085.99,13960.51,7246.22,53.39,139479.14,386856.06,247376.92
209,2021,Pune,Tomato,Rabi,Black,Borewell,10.37,709.3,24.0,72.9,6.34,49298.38,70398.98,42944.2,118848.85,55801.97,31907.56,93185.87,32.01,369199.93,2982606.89,2613406.95
210,2023,Kolhapur,Onion,Rabi,Loamy,Canal,7.68,1477.4,27.1,63.3,6.71,49562.48,55530.9,33572.07,80110.78,36215.61,23322.36,58200.34,17.88,278314.2,1040861.56,762547.36
211,2022,Satara,Rice,Kharif,Black,Canal,2.93,1053.0,25.1,68.2,7.66,9585.71,22335.22,10183.93,26055.6,12474.96,7317.02,9313.93,26.69,87952.45,248576.08,160623.63
212,2024,Nashik,Soybean,Kharif,Loamy,Canal,8.45,801.3,26.7,55.3,6.41,31913.76,38732.78,16358.55,51585.96,16849.64,15110.58,11404.57,50.45,170551.27,575355.23,404803.95
213,2020,Nashik,Tomato,Rabi,Black,Rainfed,0.72,747.5,26.7,69.6,7.0,3740.64,4721.22,2640.91,6201.59,3688.71,1979.89,6116.61,27.16,22972.96,166110.7,143137.74
214,2019,Aurangabad,Cotton,Kharif,Black,Drip,7.32,628.8,25.7,61.3,6.43,29345.24,37747.77,26896.31,69197.87,28765.77,20395.23,5649.75,61.13,212348.19,345379.09,133030.9
215,2022,Sangli,Maize,Kharif,Alluvial,Borewell,11.97,651.8,27.1,72.7,6.63,31658.16,69561.06,26450.27,77170.69,34821.33,21877.38,38216.51,19.98,261538.89,763721.58,502182.69
216,2024,Sangli,Maize,Kharif,Black,Borewell,5.89,566.0,26.4,59.7,6.56,17814.74,38284.7,12996.37,39124.43,17195.78,11787.85,18582.34,22.04,137203.86,409613.86,272410.0
217,2019,Kolhapur,Tomato,Rabi,Alluvial,Drip,3.45,1600.6,22.7,58.6,6.9,14159.42,20310.1,12270.86,36320.02,16581.05,9139.65,40195.07,20.73,108781.1,833102.12,724321.03
218,2020,Aurangabad,Sugarcane,Annual,Alluvial,Rainfed,6.31,718.5,24.0,61.1,5.63,38839.05,59640.02,20172.99,78388.25,40681.44,26289.28,214769.22,2.91,264011.02,625632.38,361621.36
219,2019,Solapur,Onion,Rabi,Loamy,Canal,7.1,684.2,28.4,58.3,7.18,35791.43,42323.92,22493.95,68570.62,31758.95,13028.85,61469.51,17.96,213967.73,1104034.66,890066.93
220,2025,Nashik,Soybean,Kharif,Loamy,Rainfed,10.14,794.7,23.3,46.7,6.15,35465.06,45570.25,21367.13,63809.8,24739.93,22745.46,12306.63,48.43,213697.63,595980.2,382282.57
221,2019,Pune,Soybean,Kharif,Alluvial,Drip,3.14,489.4,26.7,54.0,6.94,8945.43,10585.0,5032.65,13979.42,5154.21,4853.33,3201.21,41.49,48550.03,132832.19,84282.16
222,2019,Satara,Maize,Kharif,Red,Drip,11.65,808.5,24.4,73.0,6.39,27573.27,63060.33,22478.73,66929.45,31462.53,18058.53,31987.83,22.15,229562.84,708611.51,479048.67
223,2025,Solapur,Soybean,Kharif,Red,Rainfed,3.01,520.3,28.1,64.7,6.93,11145.98,13625.12,5883.1,15497.97,6362.53,6114.39,3125.81,49.27,58629.1,154022.24,95393.14
224,2020,Ahmednagar,Cotton,Kharif,Alluvial,Drip,0.96,507.0,23.7,64.6,6.59,3677.31,5379.27,3639.76,7044.27,4044.99,2498.51,591.07,80.75,26284.11,47726.31,21442.2
225,2020,Pune,Rice,Kharif,Black,Canal,10.02,654.1,22.8,83.7,6.83,33083.98,61961.95,29322.85,78885.68,38159.18,25246.77,28659.1,29.54,266660.42,846471.7,579811.28
226,2019,Solapur,Soybean,Kharif,Red,Canal,2.35,555.0,26.2,56.9,6.9,6876.33,8213.53,3633.83,9741.21,4396.78,3374.04,2348.7,44.53,36235.72,104594.11,68358.39
227,2024,Ahmednagar,Wheat,Rabi,Loamy,Rainfed,9.39,692.9,22.8,68.7,6.77,29608.88,66236.55,25585.11,70564.56,24946.0,21542.1,20994.27,30.15,238483.2,632946.27,394463.07
228,2022,Aurangabad,Rice,Kharif,Alluvial,Rainfed,3.55,853.6,28.0,69.8,6.43,12780.6,26513.29,12611.06,28759.22,15029.98,7701.71,9164.27,30.37,103395.86,278294.44,174898.58
229,2023,Satara,Sugarcane,Annual,Black,Canal,4.45,878.5,21.7,52.1,6.88,33503.35,39481.35,16816.48,73475.21,33115.0,19591.11,161572.34,3.63,215982.5,586175.6,370193.1
230,2019,Pune,Sugarcane,Annual,Loamy,Borewell,7.15,615.6,28.5,70.4,6.56,41387.48,57267.31,21766.04,82169.1,42546.72,27473.61,271087.24,2.86,272610.26,775416.0,502805.75
231,2022,Nashik,Tomato,Rabi,Loamy,Rainfed,1.88,715.2,27.4,61.4,5.59,8088.28,13281.84,7535.21,20470.31,9219.6,5424.8,17147.54,28.42,64020.04,487285.83,423265.79
232,2023,Solapur,Rice,Kharif,Red,Rainfed,8.93,619.8,27.4,64.4,7.46,32159.83,57763.7,27238.65,78254.68,40341.23,21086.22,22880.0,43.08,256844.31,985748.1,728903.79
233,2023,Kolhapur,Maize,Kharif,Alluvial,Borewell,1.87,1466.4,23.6,65.8,7.95,5480.85,10982.05,4343.69,12783.4,5670.12,3790.08,5326.11,21.67,43050.19,115394.25,72344.06
234,2023,Aurangabad,Cotton,Kharif,Loamy,Rainfed,5.77,741.2,23.3,66.4,5.77,27787.78,37878.25,26357.61,54967.48,25399.95,16875.87,4058.78,83.76,189266.93,339972.25,150705.32
235,2022,Satara,Rice,Kharif,Loamy,Drip,2.9,922.5,22.3,73.1,6.66,9103.49,21099.34,9556.58,23121.72,10269.99,7479.26,8201.67,31.22,80630.38,256079.78,175449.4
236,2025,Solapur,Tomato,Rabi,Loamy,Borewell,1.86,580.9,27.9,57.4,6.72,9529.4,16572.89,7835.65,22546.79,11499.25,5973.41,15205.42,28.57,73957.39,434409.52,360452.13
237,2021,Nashik,Tomato,Rabi,Loamy,Canal,5.3,719.3,22.2,63.6,6.99,23345.83,33274.36,22700.29,56652.2,28080.75,13144.05,50933.93,29.9,177197.47,1522784.73,1345587.25
238,2020,Solapur,Cotton,Kharif,Loamy,Rainfed,3.44,528.3,25.4,77.6,6.19,15283.31,18436.86,12183.53,33174.85,14696.11,9276.65,2105.75,63.69,103051.32,134121.75,31070.43
239,2019,Nashik,Rice,Kharif,Loamy,Rainfed,2.43,706.8,26.0,62.1,5.75,7178.06,16511.26,7582.08,20360.17,8819.14,6197.02,6436.84,30.95,66647.74,199222.81,132575.07
240,2023,Ahmednagar,Onion,Rabi,Black,Canal,5.43,695.3,26.1,64.1,6.55,32306.8,35913.37,19254.64,53653.16,29548.36,15945.98,48910.22,28.5,186622.32,1393856.67,1207234.35
241,2021,Sangli,Rice,Kharif,Loamy,Rainfed,6.41,694.0,23.5,60.0,6.65,20090.22,47285.08,17718.39,58047.18,25542.7,15461.48,18673.27,29.84,184145.06,557129.04,372983.98
242,2021,Kolhapur,Cotton,Kharif,Black,Drip,8.08,1369.7,25.7,50.4,7.04,32840.34,45309.35,30126.97,77356.99,33411.13,23611.29,6258.76,72.49,242656.08,453728.48,211072.4
243,2020,Aurangabad,Maize,Kharif,Black,Canal,1.47,587.5,25.6,51.8,6.91,3574.55,7361.44,2893.88,9278.45,3827.85,2536.5,4418.86,20.68,29472.67,91375.42,61902.75
244,2025,Nashik,Onion,Rabi,Alluvial,Drip,7.21,680.2,23.9,46.4,7.6,47000.43,63482.99,27748.58,80780.05,40322.89,24442.48,59272.05,18.67,283777.42,1106329.37,822551.95
245,2023,Pune,Tomato,Rabi,Alluvial,Rainfed,1.08,853.1,24.5,56.7,7.09,5176.25,7461.51,4363.94,12762.85,5618.3,3310.54,10683.51,24.37,38693.4,260380.05,221686.65
246,2024,Kolhapur,Maize,Kharif,Alluvial,Canal,5.58,1335.8,21.7,50.9,6.77,16713.47,32726.49,13461.13,39506.71,16784.73,10547.22,17824.08,17.84,129739.75,317968.4,188228.65
247,2020,Pune,Onion,Rabi,Red,Borewell,8.32,892.5,23.3,66.7,6.02,42622.76,55277.3,30091.72,71128.75,34654.72,23059.82,68804.09,19.4,256835.07,1335043.64,1078208.57
248,2024,Ahmednagar,Rice,Kharif,Black,Rainfed,10.0,717.6,26.0,52.1,6.5,39683.92,69587.27,36752.31,98438.21,53363.51,26066.72,26183.9,36.71,323891.93,961248.21,637356.28
249,2022,Sangli,Soybean,Kharif,Loamy,Canal,5.88,475.4,30.5,45.5,6.23,18921.77,25586.46,11838.15,32071.19,11613.6,10542.03,6673.3,41.67,110573.2,278069.72,167496.52
250,2021,Solapur,Maize,Kharif,Alluvial,Rainfed,3.41,659.0,27.9,72.7,5.99,9735.85,19541.48,8068.77,19345.8,9258.48,5947.04,10888.4,23.46,71897.42,255462.06,183564.65
251,2020,Ahmednagar,Wheat,Rabi,Black,Rainfed,8.46,678.0,22.4,54.7,7.13,23434.65,45050.75,16158.89,56503.65,22123.23,15510.0,21661.52,26.52,178781.15,574505.22,395724.07
252,2024,Aurangabad,Cotton,Kharif,Loamy,Borewell,1.44,562.2,29.8,50.5,6.81,6850.95,10006.13,6637.26,15891.88,9108.91,3974.17,1027.88,86.01,52469.29,88402.97,35933.68
253,2021,Sangli,Sugarcane,Annual,Red,Rainfed,11.05,502.6,26.4,53.0,7.32,75772.83,103175.71,39012.42,158203.84,85558.87,41765.71,366041.85,3.22,503489.38,1179551.73,676062.35
254,2019,Sangli,Onion,Rabi,Alluvial,Borewell,0.51,523.1,25.6,72.7,7.56,2557.04,3105.08,1840.9,4565.77,2651.41,1185.41,3898.09,21.11,15905.61,82285.11,66379.5
255,2020,Pune,Cotton,Kharif,Loamy,Rainfed,1.59,636.4,25.6,75.8,6.31,7094.38,8459.58,5462.84,14983.69,6810.77,4530.3,960.61,93.0,47341.55,89331.89,41990.33
256,2021,Satara,Wheat,Rabi,Red,Drip,1.48,693.2,25.8,47.9,7.6,4141.05,8020.03,3467.26,11675.75,3101.12,3200.4,3282.06,28.5,33605.62,93537.58,59931.96
257,2021,Kolhapur,Cotton,Kharif,Black,Rainfed,4.26,1360.1,21.7,72.9,7.39,19035.28,24334.04,16676.56,47581.27,20598.9,13073.17,2475.89,77.68,141299.22,192329.04,51029.82
258,2020,Sangli,Sugarcane,Annual,Red,Borewell,10.54,813.7,27.0,51.4,6.97,64130.87,91252.7,36420.0,131601.62,65966.87,42009.86,465005.2,3.96,431381.92,1839969.8,1408587.88
259,2019,Solapur,Soybean,Kharif,Loamy,Rainfed,1.49,689.9,31.6,67.9,5.94,4167.13,5049.46,2314.27,6835.67,2581.4,2296.7,1759.63,49.67,23244.62,87394.12,64149.5
260,2022,Pune,Tomato,Rabi,Black,Canal,8.9,874.0,22.3,49.7,6.61,46999.08,72085.25,35659.38,88084.67,52148.79,24236.95,97884.92,31.5,319214.12,3083788.28,2764574.16
261,2024,Sangli,Tomato,Rabi,Loamy,Canal,9.2,371.8,24.6,64.0,6.11,48294.65,75662.95,38967.44,96352.54,53061.99,24461.41,80600.48,24.87,336800.98,2004162.62,1667361.64
262,2019,Sangli,Rice,Kharif,Alluvial,Drip,5.11,422.7,24.3,55.6,7.87,15493.49,32570.16,14458.02,38087.56,17561.18,12546.91,13836.24,36.55,130717.33,505771.03,375053.7
263,2019,Solapur,Sugarcane,Annual,Loamy,Rainfed,5.12,468.3,26.3,51.9,6.48,33032.38,43766.12,15491.33,66334.91,33958.9,15273.51,151848.88,3.31,207857.15,503212.3,295355.15
264,2023,Sangli,Soybean,Kharif,Loamy,Rainfed,9.73,530.2,27.2,69.8,6.78,30599.37,41119.01,19400.23,57160.78,17354.2,17918.68,8623.62,56.28,183552.28,485316.19,301763.91
265,2024,Kolhapur,Tomato,Rabi,Alluvial,Drip,10.03,1445.0,23.3,71.9,6.96,54386.8,86822.58,41353.55,115777.46,55471.2,38675.94,98466.72,29.19,392487.54,2873964.16,2481476.62
266,2019,Ahmednagar,Onion,Rabi,Black,Drip,11.26,585.5,29.1,55.9,6.46,53489.3,70371.59,36720.95,102147.34,51512.35,25239.01,101433.62,20.66,339480.53,2096040.68,1756560.15
267,2024,Solapur,Onion,Rabi,Red,Drip,5.59,595.8,29.4,72.3,6.36,34676.22,48377.45,23634.69,51120.6,35120.92,17190.3,45024.34,27.09,210120.18,1219690.41,1009570.24
268,2021,Ahmednagar,Rice,Kharif,Red,Drip,7.46,673.1,22.4,50.4,6.88,23495.34,50912.21,25661.5,64378.26,28078.81,17729.5,21585.08,27.94,210255.61,602980.29,392724.68
269,2020,Nashik,Maize,Kharif,Loamy,Borewell,2.38,633.1,22.9,57.2,6.62,5074.22,10366.85,4597.45,14686.5,6564.29,3981.94,7399.32,20.93,45271.26,154836.09,109564.83
270,2025,Solapur,Sugarcane,Annual,Alluvial,Drip,1.32,746.5,30.8,63.4,7.31,9560.07,13838.62,5421.1,19385.28,10705.99,5824.5,53861.66,3.4,64735.56,183335.99,118600.43
271,2022,Nashik,Sugarcane,Annual,Loamy,Canal,1.92,509.9,24.2,64.9,6.78,12690.43,17499.71,7030.39,23820.88,16170.73,6015.79,64494.56,3.07,83227.92,197704.82,114476.9
272,2021,Pune,Cotton,Kharif,Black,Canal,0.78,608.8,24.0,75.8,7.1,3228.55,4652.13,2924.89,7955.55,3417.92,2300.97,517.62,87.86,24480.01,45478.31,20998.31
273,2019,Aurangabad,Sugarcane,Annual,Black,Canal,5.96,581.3,23.4,66.5,6.49,38272.61,45243.9,16474.95,68101.78,42080.63,19935.39,209593.8,3.58,230109.28,749372.35,519263.07
274,2024,Nashik,Cotton,Kharif,Black,Borewell,7.15,737.8,25.0,54.8,6.95,31893.78,50775.14,24541.0,72738.98,41581.29,21712.85,6139.16,64.06,243243.03,393293.95,150050.92
275,2022,Pune,Sugarcane,Annual,Red,Canal,8.2,431.0,24.0,72.3,5.66,58615.85,93340.78,26546.34,99202.79,62134.68,35713.83,229572.09,2.94,375554.27,675028.0,299473.74
276,2019,Ahmednagar,Sugarcane,Annual,Loamy,Rainfed,6.98,706.7,22.8,74.4,6.89,47083.96,54713.5,22271.98,80198.83,39679.3,25107.61,248330.73,3.93,269055.18,975057.44,706002.26
277,2023,Nashik,Onion,Rabi,Red,Rainfed,3.81,689.8,23.5,70.9,6.16,21993.31,27399.63,14762.74,40820.81,23663.21,11760.49,24616.81,16.57,140400.2,407909.15,267508.95
278,2022,Aurangabad,Soybean,Kharif,Red,Canal,10.81,705.2,28.1,64.0,7.24,37058.51,45161.49,21181.7,47397.71,21336.72,17179.12,11695.01,42.18,189315.25,493331.28,304016.03
279,2022,Kolhapur,Onion,Rabi,Loamy,Canal,3.34,1507.5,21.3,48.0,7.82,19181.97,22072.28,12604.17,30369.19,14925.86,10490.88,24458.6,27.69,109644.35,677249.1,567604.75
280,2019,Solapur,Wheat,Rabi,Alluvial,Rainfed,9.68,813.4,24.0,73.3,7.39,26688.85,51520.41,20908.45,58772.64,21895.49,20281.27,23515.33,25.9,200067.12,609101.24,409034.11
281,2021,Kolhapur,Tomato,Rabi,Red,Canal,3.25,1537.1,26.6,54.7,5.68,15045.92,25782.61,12038.28,35700.22,18054.21,9140.27,32333.38,26.72,115761.51,864076.86,748315.35
282,2021,Ahmednagar,Rice,Kharif,Alluvial,Borewell,2.0,741.4,26.8,49.6,6.91,6558.42,15311.52,5641.13,15258.71,8790.34,4204.06,5458.24,28.63,55764.16,156288.88,100524.72
283,2021,Nashik,Maize,Kharif,Loamy,Canal,2.78,702.0,24.2,74.1,6.28,6767.63,15126.58,5421.76,17756.47,7592.35,5559.42,7796.27,19.81,58224.22,154469.4,96245.18
284,2024,Nashik,Maize,Kharif,Loamy,Canal,10.57,776.1,23.1,65.7,7.03,29536.33,65418.15,25318.35,77734.12,28046.07,22294.64,34865.45,29.74,248347.66,1037046.11,788698.45
285,2021,Solapur,Wheat,Rabi,Red,Drip,1.88,668.9,25.8,60.8,6.9,5575.8,11265.15,4354.5,13748.08,4634.03,3938.06,5440.63,31.39,43515.62,170757.75,127242.13
286,2020,Aurangabad,Onion,Rabi,Red,Drip,3.4,672.9,26.1,62.7,6.61,17675.77,21284.62,11355.77,30632.23,17560.76,9311.06,27881.75,20.28,107820.22,565414.35,457594.13
287,2021,Nashik,Maize,Kharif,Black,Rainfed,6.38,595.4,28.6,65.4,6.93,17005.23,35922.39,14203.77,38459.54,20115.79,12163.96,16022.43,23.15,137870.68,370855.86,232985.18
288,2023,Ahmednagar,Onion,Rabi,Loamy,Drip,1.79,712.6,24.6,71.6,7.57,10030.68,13594.39,7141.79,17200.27,10533.1,5459.64,14272.08,24.73,63959.87,352893.56,288933.69
289,2025,Ahmednagar,Maize,Kharif,Red,Borewell,4.75,459.5,22.5,37.5,7.27,15388.25,27760.31,11484.13,36817.05,14979.6,8980.79,12975.86,29.02,115410.12,376529.28,261119.16
290,2021,Sangli,Wheat,Rabi,Red,Borewell,5.36,551.6,28.2,66.5,7.34,13079.27,32205.16,12001.68,31843.34,14184.48,11183.62,11513.71,26.87,114497.56,309336.88,194839.32
291,2020,Aurangabad,Cotton,Kharif,Red,Canal,4.47,525.0,25.2,66.3,7.11,19279.35,25938.82,17317.42,42154.37,17983.64,10946.52,2899.41,55.15,133620.13,159914.62,26294.49
292,2021,Satara,Sugarcane,Annual,Loamy,Borewell,7.65,865.5,24.7,73.3,6.43,45591.25,71390.45,31042.33,102282.24,54103.65,29936.74,271274.4,3.12,334346.67,845155.68,510809.02
293,2023,Sangli,Cotton,Kharif,Loamy,Drip,9.18,647.3,23.7,64.6,6.36,44084.42,58430.48,41037.11,89194.76,42621.28,28694.6,6294.04,61.08,304062.65,384442.21,80379.57
294,2025,Ahmednagar,Soybean,Kharif,Alluvial,Rainfed,3.85,408.6,22.5,43.3,6.65,13422.24,16317.58,7532.65,21805.91,7946.05,7519.87,3650.82,43.76,74544.3,159756.75,85212.45
295,2023,Solapur,Sugarcane,Annual,Black,Rainfed,1.92,613.4,26.1,54.8,6.75,14232.43,21373.83,7289.73,25796.89,13676.83,7388.99,65797.67,2.66,89758.7,174776.81,85018.11
296,2025,Nashik,Cotton,Kharif,Red,Canal,5.02,556.1,24.3,54.0,7.01,23614.08,37339.13,23761.27,52816.48,27676.79,15440.25,3243.24,78.38,180648.0,254214.35,73566.35
297,2025,Ahmednagar,Sugarcane,Annual,Loamy,Rainfed,4.84,554.6,24.8,60.8,6.95,37803.42,53723.43,18805.3,81520.02,38146.64,23574.28,163420.93,2.78,253573.09,454294.3,200721.22
298,2021,Aurangabad,Soybean,Kharif,Black,Borewell,2.71,810.0,27.0,60.2,6.38,7564.76,9911.9,4861.92,13959.4,5174.19,4087.71,3807.2,43.04,45559.88,163864.68,118304.8
299,2023,Sangli,Wheat,Rabi,Alluvial,Drip,2.76,534.1,25.0,72.6,7.7,9181.48,16357.57,7470.85,23557.45,7725.6,5708.44,6865.24,31.69,70001.39,217551.34,147549.95
300,2021,Nashik,Tomato,Rabi,Red,Rainfed,8.36,649.8,23.7,49.4,7.05,37823.4,60003.99,30733.12,86519.01,42089.55,22987.43,63608.56,22.95,280156.5,1459775.44,1179618.94
301,2025,Nashik,Onion,Rabi,Alluvial,Drip,11.15,762.9,22.4,71.0,6.77,81058.46,89013.46,45125.65,117993.15,66759.01,39156.53,103059.33,23.61,439106.25,2433280.27,1994174.02
302,2021,Pune,Maize,Kharif,Loamy,Drip,4.4,824.5,25.5,48.2,6.58,11631.63,20885.01,8463.37,28628.49,13004.59,6720.76,15315.89,21.0,89333.84,321601.73,232267.89
303,2023,Aurangabad,Sugarcane,Annual,Black,Rainfed,10.96,846.5,26.8,57.1,7.34,79129.6,119113.92,39546.45,157175.7,87905.95,48106.64,428367.72,3.55,530978.26,1518570.8,987592.54
304,2020,Kolhapur,Wheat,Rabi,Red,Borewell,10.22,1388.8,24.7,77.0,6.13,27231.22,60688.08,20851.44,72673.2,24120.98,17047.27,27777.85,27.36,222612.19,759882.26,537270.07
305,2020,Kolhapur,Rice,Kharif,Alluvial,Rainfed,3.86,1437.2,28.3,54.0,5.2,12790.52,23234.15,12060.51,27745.62,15148.34,9408.49,9786.64,25.71,100387.62,251586.48,151198.86
306,2022,Satara,Wheat,Rabi,Loamy,Rainfed,10.15,800.3,24.3,68.0,7.62,31320.01,60157.26,26131.88,82366.82,24700.65,20156.76,23348.26,25.19,244833.38,588092.34,343258.96
307,2023,Aurangabad,Rice,Kharif,Black,Drip,9.88,499.0,29.0,72.5,6.65,34200.04,72772.72,32266.71,85137.02,45575.34,23169.44,28711.62,31.73,293121.29,910941.17,617819.88
308,2022,Kolhapur,Maize,Kharif,Black,Canal,8.63,1690.3,26.1,56.8,6.33,23170.31,52804.05,18888.14,55330.44,29318.66,16717.27,30415.62,24.2,196228.87,736024.09,539795.22
309,2020,Sangli,Soybean,Kharif,Black,Canal,3.48,579.6,25.6,84.4,7.45,10394.26,14427.93,5442.23,15733.69,6243.58,4898.72,3877.82,45.86,57140.41,177822.34,120681.94
310,2022,Pune,Rice,Kharif,Loamy,Rainfed,8.17,869.9,28.3,90.0,6.03,24343.55,59718.42,24825.57,80248.74,33053.59,17643.68,22119.66,30.04,239833.54,664464.33,424630.79
311,2021,Solapur,Tomato,Rabi,Black,Canal,6.92,620.6,26.6,62.0,7.19,30047.34,51184.26,25967.75,75078.13,34792.32,19657.17,77514.05,24.46,236726.97,1895939.65,1659212.67
312,2020,Solapur,Rice,Kharif,Black,Canal,9.02,465.0,26.9,62.2,6.98,29283.09,47377.34,25062.58,67932.8,37633.2,20774.52,23062.04,24.85,228063.53,572981.44,344917.9
313,2021,Pune,Maize,Kharif,Alluvial,Drip,9.34,733.0,23.7,72.6,6.57,22116.05,50685.28,18488.86,69315.62,30374.13,15596.7,29712.0,18.32,206576.64,544349.82,337773.18
314,2024,Aurangabad,Sugarcane,Annual,Red,Drip,1.73,594.1,25.5,76.4,7.18,12022.85,16562.07,5241.32,23784.33,14829.42,7724.13,64794.27,3.26,80164.12,211439.46,131275.34
315,2019,Aurangabad,Rice,Kharif,Alluvial,Drip,1.15,776.1,25.9,70.3,8.02,3195.36,7226.11,3514.89,7976.08,4382.1,2807.3,3496.53,23.32,29101.84,81527.43,52425.59
316,2019,Satara,Wheat,Rabi,Alluvial,Canal,1.42,980.6,24.4,52.8,6.82,3791.38,7881.23,3064.77,9783.73,3484.14,2361.56,4255.74,26.97,30366.8,114787.85,84421.05
317,2021,Aurangabad,Tomato,Rabi,Black,Drip,4.06,764.0,28.3,53.8,6.35,20393.11,31278.96,14243.87,41728.57,20390.25,10426.07,42664.65,25.0,138460.83,1066815.02,928354.19
318,2025,Solapur,Cotton,Kharif,Black,Canal,11.82,517.3,26.4,67.7,6.28,55816.39,91779.36,51597.04,144393.17,63450.39,42587.76,9635.43,73.5,449624.11,708227.1,258603.0
319,2025,Nashik,Cotton,Kharif,Alluvial,Borewell,2.04,708.4,24.8,67.0,6.6,10085.68,15542.04,9626.56,24528.51,11587.52,6649.02,1469.05,71.11,78019.33,104467.87,26448.54
320,2022,Aurangabad,Tomato,Rabi,Alluvial,Drip,3.75,828.6,27.8,61.4,6.85,19331.29,28536.59,15606.69,44141.5,18760.31,12446.25,40013.43,20.83,138822.62,833361.34,694538.72
321,2021,Aurangabad,Sugarcane,Annual,Alluvial,Rainfed,5.61,587.5,27.5,60.7,6.51,37688.56,47762.38,16935.31,74080.88,37726.36,24286.04,161593.08,3.53,238479.55,569713.97,331234.42
322,2022,Nashik,Tomato,Rabi,Red,Canal,5.32,609.1,27.3,59.8,6.7,27295.79,40741.26,21062.36,57106.28,29146.83,16818.75,50247.93,26.01,192171.27,1307164.64,1114993.37
323,2019,Nashik,Onion,Rabi,Alluvial,Canal,8.75,837.2,24.7,60.8,7.36,42398.26,53826.12,28795.25,61292.78,43531.85,21437.83,62418.9,23.12,251282.1,1443127.94,1191845.85
324,2023,Aurangabad,Cotton,Kharif,Loamy,Drip,10.0,608.5,26.2,62.1,6.99,44099.4,64078.16,43922.78,103673.49,48583.14,33100.96,7146.65,66.97,337457.93,478606.66,141148.73
325,2022,Solapur,Sugarcane,Annual,Black,Canal,5.92,494.3,26.0,66.1,6.6,41506.1,56717.84,23179.72,74359.6,47107.01,23333.14,200202.61,2.74,266203.4,548374.22,282170.81
326,2024,Kolhapur,Tomato,Rabi,Black,Rainfed,7.47,1404.2,24.9,65.6,6.86,32837.92,51828.21,31635.85,94563.38,37621.63,18067.35,72248.34,29.33,266554.34,2118835.56,1852281.22
327,2023,Solapur,Tomato,Rabi,Red,Rainfed,3.7,378.8,28.2,55.9,5.76,18501.53,29262.29,14242.46,35819.97,20641.57,10824.19,25545.22,25.76,129292.01,657939.51,528647.5
328,2019,Aurangabad,Maize,Kharif,Red,Rainfed,3.99,767.8,22.3,62.4,7.04,9299.2,20403.11,6486.99,19358.93,11075.1,6779.98,11869.84,23.47,73403.3,278558.45,205155.15
329,2021,Solapur,Soybean,Kharif,Loamy,Rainfed,7.44,586.9,24.0,63.4,7.86,21875.83,28384.64,12539.04,32496.79,11679.54,12081.86,8648.48,53.65,119057.7,464031.66,344973.97
330,2021,Aurangabad,Maize,Kharif,Alluvial,Borewell,9.63,477.4,27.8,56.7,7.12,22859.62,53087.09,23447.8,65464.07,27165.84,19379.5,27694.46,22.04,211403.92,610315.31,398911.39
331,2023,Ahmednagar,Rice,Kharif,Alluvial,Borewell,2.1,726.3,25.4,76.7,7.07,7327.97,12931.69,6437.62,18018.53,9827.91,5124.35,6370.21,27.49,59668.08,175091.06,115422.98
332,2020,Kolhapur,Onion,Rabi,Black,Rainfed,10.8,1443.4,26.0,64.6,5.5,59576.8,72680.46,35683.34,85504.65,46400.07,23651.4,70230.21,22.5,323496.72,1580166.06,1256669.34
333,2023,Aurangabad,Maize,Kharif,Loamy,Rainfed,2.71,534.7,21.8,64.6,6.73,7163.39,16839.53,6819.16,19589.28,7908.59,5499.36,7130.51,20.62,63819.3,147043.21,83223.9
334,2024,Kolhapur,Cotton,Kharif,Loamy,Drip,9.01,1505.9,24.1,48.6,6.57,42108.81,57243.65,39020.6,91510.38,43417.36,27724.37,7572.34,62.18,301025.16,470838.46,169813.3
335,2020,Aurangabad,Cotton,Kharif,Black,Drip,8.6,615.6,23.5,64.6,6.66,35723.39,55727.58,31536.8,81540.97,38064.44,25973.17,5931.07,59.11,268566.34,350561.35,81995.01
336,2020,Aurangabad,Rice,Kharif,Loamy,Rainfed,4.1,697.0,25.3,61.8,6.64,12023.15,25146.02,12991.17,30602.81,17454.03,10707.4,11607.66,28.81,108924.58,334441.26,225516.68
337,2024,Solapur,Onion,Rabi,Black,Canal,8.47,679.2,30.2,65.8,7.63,46378.53,71505.83,29298.77,89394.74,50259.27,26612.26,66760.41,32.66,313449.39,2180630.11,1867180.72
338,2024,Ahmednagar,Cotton,Kharif,Red,Canal,1.09,604.8,21.8,53.5,6.36,5624.03,7347.03,4047.93,12405.85,5929.22,3534.7,619.86,72.42,38888.77,44887.04,5998.27
339,2020,Nashik,Soybean,Kharif,Red,Drip,9.79,644.9,24.6,71.3,6.97,30333.64,41260.2,13924.2,44331.6,16941.23,15192.39,12732.65,39.13,161983.27,498190.53,336207.26
340,2021,Pune,Sugarcane,Annual,Alluvial,Borewell,3.87,599.9,25.3,71.0,7.09,29357.89,36596.67,12660.03,51255.9,27805.43,13976.42,119545.89,3.2,171652.34,382579.72,210927.39
341,2019,Nashik,Maize,Kharif,Alluvial,Borewell,1.79,645.3,22.8,67.2,6.61,4391.31,8559.47,3493.07,9964.4,5006.56,2702.88,6023.21,23.58,34117.69,142045.3,107927.62
342,2025,Sangli,Sugarcane,Annual,Loamy,Rainfed,11.97,520.9,25.1,71.7,7.27,100313.66,121262.92,50002.7,180596.03,105506.94,52716.19,394643.33,3.27,610398.45,1289636.6,679238.15
343,2024,Solapur,Maize,Kharif,Black,Borewell,10.0,519.0,30.7,61.1,6.32,29300.98,55292.09,25213.18,69107.41,31961.06,20711.48,31785.88,23.79,231586.2,756217.74,524631.54
344,2020,Solapur,Sugarcane,Annual,Red,Drip,6.0,710.7,24.8,73.3,7.27,36231.85,54602.11,18708.76,75856.88,39180.79,18818.0,221647.24,2.16,243398.38,478429.78,235031.4
345,2025,Pune,Tomato,Rabi,Black,Drip,1.39,829.5,26.1,57.8,5.79,6711.98,11825.48,6954.46,17570.98,6953.7,4663.38,15702.8,26.79,54679.99,420682.78,366002.8
346,2020,Ahmednagar,Cotton,Kharif,Alluvial,Drip,7.2,555.6,24.0,72.3,6.88,32148.24,38721.59,23525.47,59311.02,33274.51,21422.54,5880.99,84.84,208403.38,498970.01,290566.62
347,2025,Kolhapur,Onion,Rabi,Black,Canal,9.03,1333.7,26.3,54.2,6.49,54571.78,68560.75,39254.9,112040.04,56739.16,30292.27,70110.54,29.08,361458.9,2039108.24,1677649.34
348,2020,Kolhapur,Soybean,Kharif,Alluvial,Rainfed,10.1,1399.3,26.5,49.4,7.33,30059.37,35748.32,18736.99,45261.18,15653.52,16364.58,9654.88,40.42,161823.96,390219.54,228395.59
349,2020,Ahmednagar,Maize,Kharif,Alluvial,Rainfed,6.26,474.0,26.4,66.2,6.17,16208.08,31546.0,10580.34,39969.72,16947.54,10203.89,18076.18,18.06,125455.58,326537.22,201081.64
350,2019,Nashik,Wheat,Rabi,Alluvial,Drip,4.58,515.8,24.8,60.1,6.93,12097.78,24912.57,10019.95,26943.06,11922.2,7855.47,12273.02,22.75,93751.02,279209.23,185458.2
351,2022,Pune,Tomato,Rabi,Alluvial,Canal,1.57,869.4,24.3,51.7,7.02,6917.84,13790.61,6628.09,18328.7,9358.12,4993.57,18505.3,25.63,60016.94,474224.12,414207.18
352,2025,Satara,Sugarcane,Annual,Loamy,Canal,7.05,985.1,22.2,68.7,6.32,54501.33,74938.78,30407.5,98501.16,67254.23,26771.82,267903.12,3.17,352374.82,849982.41,497607.59
353,2024,Nashik,Sugarcane,Annual,Black,Drip,9.26,704.5,23.8,54.0,7.21,69326.51,97991.49,38392.28,125678.98,78881.76,44307.25,367899.46,2.74,454578.26,1006966.48,552388.21
354,2022,Sangli,Sugarcane,Annual,Loamy,Drip,2.18,560.9,28.3,52.4,7.73,15542.51,22197.33,7556.3,31716.49,14501.44,9666.08,74887.8,3.21,101180.16,240081.75,138901.58
355,2021,Ahmednagar,Onion,Rabi,Alluvial,Canal,2.06,554.3,23.3,59.4,6.4,12011.99,14335.49,7016.86,19128.77,10188.55,5080.5,15292.31,22.49,67762.16,343958.33,276196.17
356,2025,Ahmednagar,Tomato,Rabi,Alluvial,Rainfed,11.84,547.7,26.7,63.9,6.11,66125.36,100902.76,59299.37,154523.45,75868.35,37658.03,101243.7,24.03,494377.32,2432520.9,1938143.58
357,2022,Satara,Onion,Rabi,Black,Canal,7.83,908.3,22.8,63.3,6.71,44146.23,63324.91,28587.98,81138.83,40723.3,25292.34,66897.12,19.39,283213.6,1297249.8,1014036.2
358,2020,Satara,Sugarcane,Annual,Black,Rainfed,7.75,809.9,23.5,58.9,6.99,47684.89,69166.27,21728.13,108395.83,50484.09,28472.3,259158.86,2.92,325931.51,756128.74,430197.23
359,2025,Sangli,Cotton,Kharif,Loamy,Drip,5.74,593.6,27.0,76.9,6.35,29861.28,42742.33,24345.37,58490.83,31632.66,19923.75,4716.39,64.16,206996.21,302601.59,95605.37
360,2023,Solapur,Maize,Kharif,Alluvial,Drip,10.04,390.1,25.9,65.5,7.2,23461.57,61405.56,20312.16,59611.29,23823.25,21451.74,29118.61,22.93,210065.56,667603.53,457537.97
361,2023,Aurangabad,Maize,Kharif,Loamy,Borewell,9.71,872.3,25.2,59.9,8.2,25231.11,58419.56,21468.98,70765.73,29471.89,22930.66,33451.66,24.18,228287.93,808930.53,580642.59
362,2019,Aurangabad,Cotton,Kharif,Black,Borewell,6.74,645.3,24.1,64.2,6.22,27826.96,36249.7,22700.53,64146.34,27950.76,16624.43,5588.38,81.02,195498.73,452763.08,257264.35
363,2020,Satara,Sugarcane,Annual,Alluvial,Rainfed,6.45,794.2,25.9,53.7,6.82,43623.95,61026.93,22831.71,87564.3,49292.99,21375.08,185878.03,2.73,285714.96,507134.17,221419.2
364,2022,Kolhapur,Wheat,Rabi,Loamy,Canal,11.86,1611.8,23.6,52.7,7.1,33003.79,62924.29,28470.33,86918.16,32934.92,26073.99,31025.56,29.92,270325.49,928219.79,657894.31
365,2022,Nashik,Wheat,Rabi,Red,Canal,2.19,737.7,23.0,57.6,6.77,6834.72,14088.37,5194.75,15641.73,6558.92,4430.13,4826.95,30.14,52748.63,145490.0,92741.38
366,2021,Sangli,Onion,Rabi,Black,Borewell,9.38,725.1,26.9,56.5,7.06,52215.93,66835.41,33637.58,103510.75,50367.81,27038.57,81586.78,23.74,333606.04,1936877.64,1603271.6
367,2021,Satara,Wheat,Rabi,Alluvial,Rainfed,8.16,706.4,28.2,54.9,6.7,25896.12,45965.57,22054.35,59694.75,19703.93,16182.45,16685.56,26.88,189497.18,448497.94,259000.76
368,2025,Aurangabad,Tomato,Rabi,Alluvial,Rainfed,7.55,593.0,26.1,49.7,7.12,41469.71,65209.19,35663.99,102781.99,44038.11,25206.62,66662.26,24.0,314369.6,1600131.61,1285762.0
369,2022,Nashik,Maize,Kharif,Alluvial,Canal,6.78,671.8,22.3,67.3,6.48,17736.4,39151.7,13671.32,50546.13,19063.45,13773.89,21464.67,18.38,153942.9,394579.99,240637.09
370,2020,Ahmednagar,Onion,Rabi,Loamy,Rainfed,3.21,683.9,25.8,53.1,6.85,16517.89,23375.09,11775.22,28547.46,13917.85,8819.24,20980.95,22.86,102952.75,479570.84,376618.09
371,2020,Pune,Wheat,Rabi,Alluvial,Borewell,6.66,838.6,24.3,35.0,6.21,18058.56,35331.31,16740.54,44871.35,13907.11,11018.85,20613.27,28.05,139927.72,578154.58,438226.86
372,2023,Ahmednagar,Sugarcane,Annual,Red,Canal,9.63,380.1,24.7,59.6,6.46,71570.19,95573.93,32685.85,141664.52,62343.32,33248.17,303210.18,3.6,437085.98,1090097.17,653011.18
373,2022,Ahmednagar,Onion,Rabi,Alluvial,Canal,5.64,599.1,25.8,54.3,6.21,31512.39,43537.99,19552.43,54164.04,28031.21,15138.83,49610.29,27.6,191936.9,1369469.2,1177532.3
374,2022,Kolhapur,Sugarcane,Annual,Black,Canal,6.98,1522.5,23.4,64.8,6.55,46541.21,70297.94,24784.49,93863.62,50737.55,25852.14,300502.97,3.19,312076.95,959847.02,647770.06
375,2022,Nashik,Onion,Rabi,Alluvial,Rainfed,2.75,764.8,23.6,46.6,6.9,16806.81,19750.8,10419.87,26637.89,15719.64,7297.18,21228.05,22.55,96632.18,478698.16,382065.97
376,2024,Kolhapur,Sugarcane,Annual,Red,Rainfed,3.77,1598.6,23.7,54.7,6.75,28389.8,42460.15,15406.16,45761.86,28747.12,15437.35,130479.87,3.57,176202.43,465732.86,289530.44
377,2023,Ahmednagar,Sugarcane,Annual,Loamy,Drip,6.39,867.2,24.5,63.0,7.07,46908.92,61053.54,24930.77,88484.38,50064.92,24181.19,266340.83,2.93,295623.73,779459.76,483836.03
378,2023,Pune,Soybean,Kharif,Black,Drip,4.78,711.7,21.6,63.7,6.68,15298.35,24678.83,10632.02,21838.94,9767.31,8049.07,5953.95,40.93,90264.52,243705.39,153440.87
379,2021,Aurangabad,Wheat,Rabi,Loamy,Drip,7.33,645.3,25.5,67.3,7.07,20256.75,42840.91,16453.91,56944.04,20109.77,14578.78,18536.61,28.69,171184.17,531767.99,360583.82
380,2022,Satara,Tomato,Rabi,Loamy,Rainfed,2.29,999.6,23.1,55.1,7.67,11332.98,16657.15,8444.24,23567.06,12094.8,6182.45,20647.86,25.97,78278.68,536157.4,457878.72
381,2023,Satara,Maize,Kharif,Alluvial,Borewell,5.11,1063.0,22.7,58.1,6.93,13212.02,30952.97,11048.81,33569.6,16434.23,9584.84,15575.79,21.75,114802.48,338699.76,223897.28
382,2020,Solapur,Tomato,Rabi,Loamy,Canal,7.72,503.0,29.7,69.4,6.79,34312.85,58939.01,28169.89,84924.28,41838.12,23767.02,64397.4,25.68,271951.16,1653733.89,1381782.72
383,2023,Kolhapur,Onion,Rabi,Loamy,Drip,9.2,1324.8,25.7,67.9,7.23,51487.07,68083.81,32938.04,91899.07,47887.13,31797.3,70004.87,27.46,324092.42,1922416.28,1598323.85
384,2023,Kolhapur,Soybean,Kharif,Alluvial,Drip,8.13,1399.4,26.1,62.0,7.44,24605.04,35955.97,16040.5,41524.98,15358.73,16402.57,10716.59,53.53,149887.78,573606.04,423718.26
385,2024,Kolhapur,Cotton,Kharif,Red,Borewell,3.44,1562.6,24.2,66.4,6.43,18086.8,22083.36,15539.32,41138.43,17979.34,11376.64,2796.1,74.91,126203.88,209468.32,83264.44
386,2021,Aurangabad,Onion,Rabi,Alluvial,Canal,5.7,644.9,23.9,60.9,6.89,30625.66,37728.72,22338.72,51566.47,31207.85,17432.12,42426.12,23.15,190899.54,982311.47,791411.93
387,2022,Sangli,Rice,Kharif,Alluvial,Drip,4.9,392.0,25.1,66.0,5.35,17826.58,39412.53,15933.78,38619.72,19510.41,12377.14,13180.56,33.17,143680.17,437183.39,293503.21
388,2021,Pune,Cotton,Kharif,Black,Canal,7.14,695.7,25.1,63.7,8.14,34026.87,43232.32,28474.17,66359.83,32558.88,21386.38,4552.13,98.61,226038.45,448878.0,222839.55
389,2024,Kolhapur,Sugarcane,Annual,Loamy,Drip,3.3,1372.2,26.0,60.4,5.88,23814.89,37594.72,14274.37,47301.72,28857.22,13952.72,114966.98,3.22,165795.64,369884.85,204089.21
390,2023,Kolhapur,Soybean,Kharif,Alluvial,Drip,11.77,1625.8,26.5,62.1,6.56,37693.99,42632.49,27467.99,60463.07,24362.66,20736.39,16053.36,42.64,213356.59,684580.96,471224.37
391,2020,Satara,Rice,Kharif,Black,Drip,3.26,658.1,20.6,45.6,7.33,9446.2,21847.58,10293.2,26589.6,12750.02,7634.13,8507.4,33.96,88560.76,288934.28,200373.53
392,2019,Pune,Soybean,Kharif,Loamy,Canal,6.6,960.4,23.6,76.6,6.93,16603.61,23476.61,10490.41,30260.02,12181.4,8257.01,8997.12,42.43,101269.07,381730.91,280461.84
393,2024,Nashik,Sugarcane,Annual,Red,Rainfed,5.57,737.2,25.7,60.0,6.87,44183.84,58523.22,18365.94,88036.18,42968.99,21454.3,173403.74,3.17,273532.47,549390.49,275858.03
394,2024,Sangli,Maize,Kharif,Loamy,Borewell,5.39,701.8,26.6,62.3,7.66,16121.55,30289.3,12324.76,41548.28,15031.04,11405.03,17579.61,23.4,126719.97,411409.98,284690.0
395,2021,Kolhapur,Soybean,Kharif,Alluvial,Rainfed,10.64,1619.8,25.2,77.7,7.93,32904.84,42003.96,19046.99,51832.21,19780.79,16372.87,10936.94,44.69,181941.66,488825.18,306883.53
396,2023,Satara,Rice,Kharif,Black,Drip,6.84,729.7,22.6,49.5,7.72,23711.04,53156.06,20571.29,56820.29,30837.59,19218.04,18815.96,34.94,204314.31,657414.42,453100.11
397,2019,Ahmednagar,Tomato,Rabi,Loamy,Borewell,7.95,613.6,26.6,62.7,6.09,31396.02,62911.73,27855.07,79422.32,37327.89,18630.1,80758.06,18.11,257543.14,1462873.21,1205330.08
398,2019,Kolhapur,Maize,Kharif,Black,Canal,8.72,1275.9,26.6,49.6,6.44,20840.56,45703.33,15661.88,51174.28,22646.12,15001.41,25061.26,20.61,171027.58,516482.47,345454.89
399,2021,Solapur,Rice,Kharif,Loamy,Borewell,10.33,522.9,27.3,66.7,6.96,36682.59,72657.53,30390.47,81443.65,40876.56,26024.02,29673.27,28.67,288074.81,850855.3,562780.48
400,2021,Aurangabad,Maize,Kharif,Red,Rainfed,2.65,793.7,25.2,70.2,6.77,6844.48,15197.31,5631.1,20486.39,6998.08,5113.98,7223.84,19.97,60271.32,144291.4,84020.08
401,2024,Ahmednagar,Onion,Rabi,Loamy,Canal,11.62,605.7,21.5,63.1,6.2,71211.53,80018.7,44439.93,145687.24,67387.26,33076.92,80229.99,29.8,441821.59,2390857.59,1949036.01
402,2024,Pune,Maize,Kharif,Alluvial,Canal,1.11,635.7,22.7,64.8,5.94,3068.54,7060.35,2955.85,7308.98,3011.26,2288.48,3236.95,23.15,25693.46,74926.21,49232.75
403,2023,Ahmednagar,Soybean,Kharif,Loamy,Borewell,1.4,660.6,25.5,54.9,5.86,4675.3,6053.12,2668.71,6647.88,2256.84,2432.8,1875.75,55.97,24734.64,104984.45,80249.81
404,2022,Nashik,Onion,Rabi,Black,Drip,3.97,803.2,23.3,54.4,7.26,21840.12,29595.09,15786.5,45598.25,21618.67,12310.11,33640.75,22.42,146748.75,754272.26,607523.51
405,2021,Aurangabad,Maize,Kharif,Red,Rainfed,6.52,759.7,26.1,68.8,6.46,17886.14,33433.83,14196.83,42745.69,15034.27,11526.41,16511.84,22.38,134823.17,369596.02,234772.85
406,2020,Sangli,Cotton,Kharif,Loamy,Canal,5.17,942.9,24.9,58.1,6.95,23995.32,34083.06,19674.96,44515.99,22224.7,14392.82,4535.07,86.79,158886.85,393601.97,234715.11
407,2023,Kolhapur,Onion,Rabi,Black,Canal,7.85,1524.4,24.5,54.8,6.8,45454.49,60096.75,34129.25,76843.79,43385.11,24782.88,72621.87,23.97,284692.27,1740796.61,1456104.35
408,2019,Satara,Onion,Rabi,Black,Borewell,10.81,1020.1,24.8,53.3,6.38,49240.68,66243.19,32437.23,88852.95,45770.28,23507.42,89835.78,28.04,306051.75,2518743.2,2212691.45
409,2022,Ahmednagar,Cotton,Kharif,Alluvial,Rainfed,4.49,660.7,25.6,55.1,7.4,21997.73,27813.71,16596.85,43645.22,22660.66,13632.68,2881.92,81.06,146346.84,233612.18,87265.34
410,2023,Solapur,Cotton,Kharif,Red,Drip,3.41,702.0,32.2,51.2,7.12,17694.28,20213.83,12660.58,33966.39,17006.72,9925.33,2307.88,80.12,111467.13,184914.44,73447.31
411,2020,Aurangabad,Maize,Kharif,Loamy,Canal,8.29,710.5,28.7,69.4,7.43,20137.29,45129.43,14188.45,49121.84,25033.37,14273.54,27242.16,15.82,167883.92,431097.35,263213.43
412,2025,Aurangabad,Tomato,Rabi,Red,Drip,9.91,688.8,27.5,68.3,6.87,51868.28,90722.25,47315.03,117103.04,64273.59,32385.03,92661.46,24.86,403667.23,2303145.53,1899478.3
413,2023,Aurangabad,Rice,Kharif,Alluvial,Rainfed,3.15,787.1,24.5,79.2,5.84,10711.81,22754.74,11549.5,25681.97,13614.68,8605.57,8541.23,33.2,92918.26,283545.27,190627.01
414,2025,Pune,Rice,Kharif,Red,Drip,0.54,839.3,25.4,63.8,6.69,2084.29,4393.51,1651.88,4921.81,2552.89,1539.68,1569.68,39.74,17144.06,62373.7,45229.64
415,2025,Solapur,Maize,Kharif,Loamy,Rainfed,11.99,449.4,25.0,59.3,6.52,35078.85,78455.27,28224.84,85920.29,38544.59,26583.35,33712.65,26.46,292807.21,892136.71,599329.5
416,2019,Aurangabad,Soybean,Kharif,Loamy,Rainfed,2.39,492.8,24.9,59.0,7.7,5808.16,7400.11,4074.06,10781.62,4185.04,3633.06,2285.66,48.98,35882.04,111949.32,76067.28
417,2023,Ahmednagar,Sugarcane,Annual,Loamy,Borewell,10.0,518.8,21.8,58.9,5.53,71875.47,95456.1,37886.19,138925.41,74689.32,33290.61,339142.6,2.73,452123.09,925159.88,473036.78
418,2024,Aurangabad,Wheat,Rabi,Alluvial,Rainfed,9.7,626.2,29.2,50.8,6.02,30768.69,63655.91,27688.4,93128.35,23386.05,22430.1,19591.63,27.27,261057.5,534276.52,273219.03
419,2025,Kolhapur,Tomato,Rabi,Black,Drip,2.77,1522.6,22.9,68.2,6.61,13991.25,23251.94,11620.75,30537.32,17032.92,8886.69,29772.32,23.23,105320.87,691544.46,586223.59
420,2022,Pune,Rice,Kharif,Alluvial,Rainfed,5.66,643.1,25.3,62.9,6.79,20201.02,40497.52,19042.34,40885.17,25019.9,12790.08,12991.65,30.35,158436.03,394259.28,235823.25
421,2022,Nashik,Wheat,Rabi,Black,Canal,7.15,690.4,25.2,63.9,6.27,20583.17,38258.25,17448.31,55225.37,18425.78,15633.69,20518.18,25.2,165574.56,516976.37,351401.81
422,2025,Ahmednagar,Tomato,Rabi,Red,Borewell,2.87,567.9,21.0,56.9,5.99,14215.17,26391.86,13026.03,34134.59,18029.92,10207.52,25686.71,27.88,116005.09,716067.58,600062.49
423,2022,Sangli,Onion,Rabi,Loamy,Borewell,9.78,459.8,26.2,50.2,7.18,56698.79,58998.34,35091.15,89086.8,46138.85,26829.04,73886.19,20.49,312842.95,1513642.55,1200799.59
424,2024,Ahmednagar,Rice,Kharif,Alluvial,Rainfed,10.97,461.5,28.5,64.9,5.86,40582.97,93258.67,34291.5,108656.64,56782.57,28077.3,25108.11,32.39,361649.65,813196.97,451547.31
425,2023,Sangli,Maize,Kharif,Red,Drip,5.41,402.3,26.5,61.9,7.65,14785.29,32788.92,12930.96,38566.19,15818.24,10390.43,15735.24,23.68,125280.03,372610.73,247330.7
426,2021,Pune,Wheat,Rabi,Loamy,Borewell,3.13,701.3,28.3,60.4,6.69,9455.33,20174.68,7776.31,22322.9,8212.17,4969.69,7700.33,29.94,72911.08,230582.89,157671.81
427,2020,Satara,Tomato,Rabi,Loamy,Canal,11.47,778.9,25.9,74.7,5.97,49928.63,77932.95,43650.51,124872.62,46214.13,35106.29,94959.94,23.39,377705.13,2221510.64,1843805.5
428,2020,Kolhapur,Maize,Kharif,Black,Rainfed,10.02,1468.2,22.2,57.6,7.21,21312.73,51522.2,19669.09,63506.75,28811.02,18708.51,25901.9,21.6,203530.29,559560.69,356030.4
429,2020,Pune,Tomato,Rabi,Red,Rainfed,4.47,673.8,25.2,66.0,6.45,21059.56,33129.28,13783.03,42003.99,20582.22,11541.49,34480.09,27.47,142099.57,947139.63,805040.06
430,2022,Pune,Rice,Kharif,Black,Drip,2.7,843.0,25.0,60.4,6.63,8780.25,20749.52,8725.09,22688.79,13974.96,6172.54,9776.7,30.53,81091.15,298469.75,217378.61
431,2022,Sangli,Wheat,Rabi,Red,Drip,8.17,691.2,23.7,50.0,7.98,25164.98,53951.67,16623.21,65704.86,23410.46,18881.74,20558.34,23.7,203736.92,487217.46,283480.54
432,2023,Ahmednagar,Wheat,Rabi,Alluvial,Drip,2.23,591.0,26.3,61.4,5.83,7272.2,13655.3,6148.06,15673.47,6302.09,4499.88,6084.13,31.49,53550.99,191570.84,138019.85
433,2020,Solapur,Onion,Rabi,Alluvial,Drip,10.85,782.0,27.5,58.0,6.9,57007.35,67417.76,37390.53,92690.88,46439.37,32825.9,93725.08,19.59,333771.79,1835868.84,1502097.05
434,2021,Sangli,Soybean,Kharif,Alluvial,Rainfed,1.36,471.7,27.0,79.1,7.31,4248.13,5772.78,2374.12,6045.74,1967.85,2434.6,1500.12,53.83,22843.23,80752.79,57909.57
435,2023,Sangli,Maize,Kharif,Loamy,Rainfed,4.06,644.7,28.0,58.9,6.17,11718.54,21533.47,9602.7,29862.79,12131.92,9199.75,11896.83,20.74,94049.17,246714.37,152665.2
436,2025,Sangli,Onion,Rabi,Alluvial,Borewell,11.06,480.2,26.2,70.1,6.72,77674.83,97938.05,46697.91,114512.03,50295.54,34642.47,87362.67,24.71,421760.83,2158430.54,1736669.71
437,2021,Ahmednagar,Tomato,Rabi,Loamy,Drip,4.23,600.7,25.3,79.9,6.43,17912.48,32696.44,17127.14,49017.18,23597.42,12324.83,43329.36,23.8,152675.5,1031276.97,878601.47
438,2025,Satara,Sugarcane,Annual,Red,Canal,3.55,946.7,24.6,55.0,7.12,26262.27,37410.83,14694.52,57505.69,27993.44,12203.39,145170.66,4.05,176070.13,587626.08,411555.95
439,2019,Aurangabad,Maize,Kharif,Loamy,Borewell,4.12,855.9,27.1,78.0,5.97,10488.53,18174.95,7642.94,24509.33,9324.11,6850.13,14960.4,22.66,76989.99,339002.72,262012.72
440,2020,Sangli,Maize,Kharif,Alluvial,Drip,9.12,614.0,25.2,62.1,5.81,20901.88,49966.68,19145.83,49267.15,27423.23,19438.67,29269.52,21.02,186143.43,615391.64,429248.2
441,2022,Nashik,Onion,Rabi,Alluvial,Rainfed,6.94,831.2,16.9,66.1,6.42,39674.52,50666.02,27051.52,67256.71,32267.78,18783.88,43552.53,21.7,235700.45,944984.05,709283.6
442,2021,Pune,Soybean,Kharif,Loamy,Rainfed,5.18,858.1,24.0,50.6,6.6,14152.73,20798.2,8794.45,27601.98,10000.88,8198.35,5830.95,40.51,89546.59,236184.49,146637.9
443,2025,Satara,Rice,Kharif,Red,Borewell,10.79,912.1,23.9,56.7,6.66,42463.66,98946.99,36674.72,105848.43,55620.04,33234.86,25595.99,33.22,372788.7,850246.47,477457.77
444,2021,Solapur,Soybean,Kharif,Black,Drip,10.91,569.6,24.9,69.7,6.94,32446.73,44160.87,19792.89,53409.42,17135.37,17218.7,14535.21,54.89,184163.97,797852.57,613688.6
445,2024,Nashik,Soybean,Kharif,Loamy,Drip,3.45,752.4,21.9,59.1,5.26,11047.89,15322.87,7376.26,18091.38,6964.72,6147.11,3872.16,52.8,64950.23,204434.81,139484.58
446,2020,Sangli,Soybean,Kharif,Alluvial,Canal,1.59,683.7,29.8,56.3,6.76,4375.27,5990.13,2493.44,6133.52,2907.51,2415.79,1938.75,44.85,24315.65,86951.41,62635.76
447,2023,Aurangabad,Tomato,Rabi,Alluvial,Canal,1.72,543.1,25.9,41.6,6.57,8697.8,12201.07,7007.1,20772.09,9022.99,4472.78,15194.82,27.54,62173.82,418499.2,356325.38
448,2023,Solapur,Cotton,Kharif,Loamy,Borewell,4.67,571.8,26.4,67.6,6.65,20890.18,34938.68,19033.68,52363.17,21596.44,14680.6,3509.6,61.3,163502.75,215139.97,51637.22
449,2025,Aurangabad,Rice,Kharif,Alluvial,Drip,2.98,439.7,26.5,69.6,5.94,11388.81,26089.96,9871.88,34778.93,11630.84,8106.64,8496.46,26.8,101867.06,227739.0,125871.94
450,2022,Solapur,Onion,Rabi,Black,Drip,5.91,592.7,27.3,59.4,6.64,33019.71,45157.96,20985.96,58363.38,29610.03,16218.89,59748.92,29.67,203355.93,1773047.09,1569691.15
451,2021,Pune,Maize,Kharif,Loamy,Canal,6.72,712.6,27.4,60.9,5.3,17926.09,37373.1,14665.88,41202.85,19440.43,11509.92,18628.7,22.17,142118.26,413089.5,270971.24
452,2021,Satara,Maize,Kharif,Red,Borewell,1.41,662.1,25.4,54.7,6.81,3629.86,7702.64,2982.86,8398.98,4378.56,2487.97,3401.31,16.78,29580.87,57076.48,27495.62
453,2023,Aurangabad,Soybean,Kharif,Alluvial,Canal,7.97,485.9,26.6,64.8,7.1,29130.55,29784.64,14449.4,42582.13,14573.7,12463.06,9188.04,58.59,142983.48,538296.77,395313.29
454,2022,Aurangabad,Sugarcane,Annual,Red,Canal,5.64,759.3,24.9,88.3,6.1,38342.3,55337.96,19713.93,80579.79,38351.65,19928.55,194367.16,2.45,252254.17,476577.14,224322.97
455,2024,Ahmednagar,Maize,Kharif,Loamy,Drip,5.9,523.2,24.5,71.7,5.94,18345.73,32658.7,13535.62,42814.61,19118.59,11549.69,16836.24,20.32,138022.94,342049.12,204026.18
456,2025,Pune,Wheat,Rabi,Black,Rainfed,1.97,650.1,25.4,65.2,6.15,6122.43,11536.56,5671.85,15198.91,6158.9,3637.44,4935.85,35.55,48326.09,175463.09,127137.0
457,2020,Sangli,Wheat,Rabi,Red,Rainfed,3.58,728.0,27.5,49.5,6.41,8741.07,20424.89,8079.81,21611.93,7939.15,7326.93,7861.59,25.28,74123.78,198765.66,124641.88
458,2020,Pune,Maize,Kharif,Loamy,Canal,7.98,547.2,27.2,62.3,7.36,16985.01,41251.96,17188.07,46457.14,21008.72,13976.71,22438.08,13.02,156867.61,292189.13,135321.51
459,2024,Aurangabad,Wheat,Rabi,Loamy,Rainfed,5.14,593.7,29.5,62.9,6.98,16462.97,28954.85,12699.6,44491.57,15364.82,10972.38,10718.11,31.26,128946.2,335028.28,206082.08
460,2019,Sangli,Wheat,Rabi,Black,Canal,8.19,757.8,27.3,67.8,6.75,20194.3,44592.5,18258.22,58264.6,20290.14,13601.91,20044.51,23.22,175201.67,465426.61,290224.94
461,2023,Pune,Cotton,Kharif,Loamy,Drip,9.55,702.6,23.9,88.0,6.87,51084.47,69102.91,45094.79,118362.31,50009.48,28479.36,6721.76,71.86,362133.34,482999.58,120866.24
462,2023,Nashik,Rice,Kharif,Red,Drip,1.87,690.1,20.9,66.4,7.2,7082.89,12084.72,5439.65,16730.35,8402.11,4576.23,4889.04,36.25,54315.95,177238.18,122922.23
463,2025,Kolhapur,Soybean,Kharif,Alluvial,Canal,10.04,1478.3,25.2,77.6,6.11,34429.06,41597.01,21300.21,69040.58,23228.74,20048.79,14421.0,54.56,209644.39,786836.56,577192.16
464,2021,Nashik,Tomato,Rabi,Loamy,Borewell,8.13,727.2,22.8,70.8,6.7,32409.54,62145.0,30272.34,95321.01,43726.12,23482.53,85747.72,26.95,287356.55,2311127.03,2023770.48
465,2021,Satara,Soybean,Kharif,Black,Rainfed,8.23,940.4,21.9,54.5,7.76,27749.55,33421.67,16169.76,41470.84,13757.94,13786.48,8838.19,37.64,146356.24,332648.85,186292.61
466,2022,Sangli,Rice,Kharif,Loamy,Borewell,10.9,746.8,24.6,66.2,6.0,35709.5,71645.16,33121.59,91196.63,50160.18,26518.01,31701.48,25.4,308351.08,805337.97,496986.89
467,2024,Pune,Wheat,Rabi,Red,Rainfed,4.19,840.9,24.6,51.4,6.84,14911.83,28167.62,11568.12,35778.52,12186.17,9183.21,9701.23,35.74,111795.47,346726.53,234931.06
468,2024,Sangli,Sugarcane,Annual,Alluvial,Rainfed,7.44,585.0,27.2,71.6,5.8,54516.24,68608.51,28173.59,113764.59,55019.49,28257.85,209128.63,3.39,348340.28,709005.96,360665.68
469,2020,Satara,Wheat,Rabi,Loamy,Canal,4.18,851.4,24.3,67.3,7.14,12017.52,22270.7,11188.24,27586.82,10575.14,8677.66,11102.87,28.56,92316.09,317083.6,224767.51
470,2024,Nashik,Wheat,Rabi,Alluvial,Rainfed,6.25,542.0,22.3,74.4,7.31,20926.73,40763.43,18865.37,50062.27,19882.68,16694.07,12985.03,31.69,167194.54,411442.72,244248.18
471,2019,Solapur,Maize,Kharif,Red,Drip,9.12,815.3,28.2,53.8,6.68,22972.71,42008.15,15812.1,53225.88,24726.01,16325.79,31713.62,20.72,175070.64,657227.48,482156.83
472,2021,Nashik,Tomato,Rabi,Red,Drip,8.3,877.8,22.5,50.5,6.16,41044.77,68188.62,33403.54,94343.78,42976.58,23343.22,77152.61,24.25,303300.51,1871141.62,1567841.11
473,2022,Solapur,Tomato,Rabi,Red,Rainfed,3.23,475.8,26.8,60.8,7.16,15677.23,25624.45,13456.88,36787.04,17061.82,10787.15,25255.9,34.59,119394.57,873618.69,754224.12
474,2019,Pune,Onion,Rabi,Loamy,Drip,2.12,745.6,23.6,56.7,6.84,10822.55,12916.34,7590.86,21390.21,8883.07,5526.5,15872.48,20.1,67129.54,319078.41,251948.87
475,2023,Solapur,Rice,Kharif,Loamy,Canal,3.98,455.1,27.9,55.1,6.93,13706.1,27392.9,14079.08,36525.58,16086.56,10164.14,9590.08,29.51,117954.36,282972.99,165018.64
476,2025,Kolhapur,Wheat,Rabi,Loamy,Borewell,8.7,1578.9,28.0,54.7,5.83,27783.86,64970.02,24375.49,67209.48,24084.01,21622.3,24237.23,27.86,230045.15,675369.48,445324.32
477,2023,Solapur,Soybean,Kharif,Loamy,Borewell,10.82,300.0,29.3,42.7,6.61,40487.88,44795.27,19216.76,60568.84,23207.17,18402.21,12150.19,43.38,206678.13,527024.53,320346.4
478,2019,Sangli,Maize,Kharif,Alluvial,Drip,3.53,699.7,27.9,60.6,6.15,7676.67,17827.2,7174.63,19059.97,8052.76,6759.26,11845.4,18.73,66550.49,221883.2,155332.72
479,2021,Nashik,Rice,Kharif,Red,Borewell,5.69,768.2,20.2,49.9,6.46,17558.07,35947.35,19487.89,47241.05,25553.35,12850.94,18071.37,30.79,158638.65,556376.96,397738.32
480,2021,Sangli,Maize,Kharif,Alluvial,Rainfed,5.84,665.8,29.3,61.8,7.47,14290.78,30326.82,13021.13,29905.24,16352.67,9582.82,17223.11,20.12,113479.46,346548.39,233068.92
481,2021,Pune,Rice,Kharif,Loamy,Canal,2.07,557.7,27.0,50.6,5.88,7164.44,16001.24,6612.06,19060.99,7742.57,5821.51,5529.84,23.65,62402.82,130779.66,68376.84
482,2020,Nashik,Cotton,Kharif,Black,Drip,10.71,637.6,21.4,54.0,5.72,43631.15,61509.84,43465.38,110391.75,46884.81,28896.34,7857.96,85.12,334779.27,668836.82,334057.55
483,2023,Aurangabad,Tomato,Rabi,Loamy,Rainfed,3.46,701.2,27.9,55.5,6.17,18469.27,29791.66,14672.98,41950.89,15552.9,11287.57,28728.16,22.77,131725.28,654256.07,522530.79
484,2021,Nashik,Wheat,Rabi,Black,Canal,1.89,666.2,22.1,74.0,7.26,5516.24,11115.51,4765.1,11575.67,5342.39,3539.18,4666.55,26.03,41854.1,121470.72,79616.63
485,2021,Pune,Tomato,Rabi,Loamy,Borewell,6.36,521.6,27.2,41.9,6.46,29582.0,45862.47,22765.57,67669.51,30005.95,18407.7,60308.3,25.81,214293.19,1556822.32,1342529.14
486,2023,Satara,Rice,Kharif,Red,Borewell,3.71,864.0,24.3,62.7,7.28,13522.66,26453.91,12985.29,32591.93,15195.77,9320.43,10746.71,33.16,110069.99,356365.57,246295.58
487,2021,Ahmednagar,Maize,Kharif,Alluvial,Canal,3.66,601.4,24.1,52.6,6.95,10097.92,21078.8,8126.04,22178.12,10904.31,7142.93,11612.02,18.6,79528.12,216015.61,136487.49
488,2019,Ahmednagar,Sugarcane,Annual,Red,Borewell,3.03,769.4,24.4,59.8,7.58,19277.71,23607.96,10222.48,33657.33,17908.24,10310.8,121129.0,2.73,114984.5,331237.79,216253.28
489,2021,Sangli,Cotton,Kharif,Loamy,Rainfed,2.91,716.9,26.8,64.8,6.37,13550.23,17919.38,11792.6,31519.64,12585.1,8815.11,1846.18,60.35,96182.07,111409.04,15226.97
490,2020,Kolhapur,Onion,Rabi,Loamy,Drip,0.96,1429.6,27.4,50.8,7.06,5231.59,7581.92,3170.47,9180.25,4476.09,2755.47,8131.44,22.78,32395.79,185211.57,152815.78
491,2020,Nashik,Sugarcane,Annual,Alluvial,Rainfed,9.72,533.1,23.1,72.8,6.49,57128.86,83088.97,35423.91,109381.75,69810.6,36056.51,302986.52,2.95,390890.61,892825.64,501935.03
492,2025,Solapur,Tomato,Rabi,Loamy,Canal,1.64,636.0,26.1,63.3,6.67,8688.1,14020.61,7399.06,19836.87,9848.42,5228.0,15616.48,32.57,65021.07,508697.55,443676.48
493,2022,Solapur,Sugarcane,Annual,Red,Canal,4.37,547.3,23.8,80.8,7.19,30119.36,40389.87,13378.02,51268.23,37143.0,19545.22,152261.53,2.96,191843.69,450766.66,258922.97
494,2022,Satara,Onion,Rabi,Alluvial,Drip,8.39,873.6,25.4,74.5,7.77,41038.42,58340.52,30351.77,79265.79,42207.91,25937.59,66744.68,27.98,277142.0,1867263.65,1590121.65
495,2021,Solapur,Tomato,Rabi,Loamy,Drip,11.43,790.9,24.2,62.3,6.96,48128.67,92174.21,46060.28,106361.9,60610.82,36802.07,127356.39,25.23,390137.94,3213242.56,2823104.62
496,2021,Sangli,Onion,Rabi,Loamy,Canal,9.36,406.4,27.0,47.7,6.3,53488.93,66857.94,30205.27,92825.97,40644.63,26179.59,60829.32,20.92,310202.33,1272779.34,962577.02
497,2023,Satara,Rice,Kharif,Red,Rainfed,3.76,1011.1,22.6,65.2,6.75,12485.84,27214.9,11786.3,33395.31,17579.11,9251.98,10208.65,31.25,111713.44,318994.43,207280.99
498,2022,Satara,Sugarcane,Annual,Alluvial,Rainfed,8.59,788.7,27.0,66.4,6.56,57467.21,90428.41,31542.47,111842.49,65956.76,31900.55,245922.26,3.82,389137.89,940492.95,551355.07
499,2020,Aurangabad,Tomato,Rabi,Alluvial,Drip,5.13,656.2,24.0,41.1,6.48,22313.06,34848.98,22123.41,53035.83,24188.93,13867.26,51135.15,29.24,170377.48,1495315.46,1324937.98
500,2024,Ahmednagar,Cotton,Kharif,Loamy,Borewell,3.93,457.8,26.8,69.1,6.16,19660.24,22708.36,17302.76,42382.5,21789.19,11417.14,2536.96,69.52,135260.2,176357.38,41097.18
501,2023,Aurangabad,Rice,Kharif,Loamy,Borewell,4.84,805.5,23.6,67.6,5.69,16990.43,39158.49,14543.74,40900.94,21059.41,12411.35,15775.29,31.32,145064.36,494156.95,349092.58
502,2025,Pune,Tomato,Rabi,Alluvial,Rainfed,2.31,778.4,23.7,62.3,6.51,10561.48,17394.12,11081.75,30182.66,12784.06,7478.71,21156.09,29.02,89482.78,613967.85,524485.07
503,2024,Satara,Rice,Kharif,Alluvial,Drip,1.62,898.7,25.5,43.4,7.15,5597.74,11069.42,5610.53,16559.35,7403.49,4068.08,5026.68,34.44,50308.61,173096.43,122787.82
504,2025,Sangli,Wheat,Rabi,Alluvial,Borewell,6.8,725.4,28.3,52.8,6.93,24045.86,44698.32,18454.94,61645.34,18719.82,16090.21,19945.7,24.74,183654.49,493438.41,309783.92
505,2019,Pune,Rice,Kharif,Alluvial,Drip,11.0,580.4,28.6,58.3,7.06,33413.15,70912.51,29085.01,91115.66,36518.13,22189.35,30772.2,34.57,283233.82,1063895.63,780661.81
506,2021,Aurangabad,Soybean,Kharif,Loamy,Borewell,1.74,696.0,24.6,77.2,6.79,5418.61,6661.36,3204.89,7914.88,3432.39,3099.73,1741.25,46.5,29731.86,80968.69,51236.83
507,2019,Solapur,Maize,Kharif,Loamy,Rainfed,5.57,615.1,27.0,58.0,6.82,12837.91,28574.7,11496.04,32825.18,14560.92,9835.47,16123.2,21.81,110130.23,351623.63,241493.39
508,2019,Sangli,Cotton,Kharif,Black,Drip,3.48,515.4,28.4,57.4,6.09,12270.51,17099.39,12007.05,31526.57,14184.16,7904.74,2545.13,59.52,94992.42,151482.71,56490.29
509,2021,Kolhapur,Onion,Rabi,Loamy,Drip,10.47,1517.8,25.9,52.1,6.69,59301.03,70466.1,37369.46,95919.66,51854.85,32325.47,81409.7,22.67,347236.56,1845313.53,1498076.97
510,2022,Solapur,Sugarcane,Annual,Black,Borewell,7.62,526.7,29.7,60.3,7.58,55897.33,81104.84,27247.58,105597.63,62012.99,29948.36,279958.53,2.65,361808.73,742032.54,380223.81
511,2019,Solapur,Sugarcane,Annual,Alluvial,Rainfed,11.63,640.2,28.2,61.7,6.39,74109.81,89295.69,37873.67,126709.04,69761.68,38582.12,423104.56,2.98,436332.01,1259695.34,823363.33
512,2025,Pune,Rice,Kharif,Alluvial,Rainfed,2.32,688.3,25.5,59.6,5.77,8894.11,20097.75,8078.3,20542.28,11437.43,6370.18,6694.23,29.13,75420.04,195023.26,119603.22
513,2023,Satara,Maize,Kharif,Red,Drip,5.06,986.5,27.1,51.7,6.47,13081.07,30944.22,8916.17,37235.55,14288.26,9786.9,16011.24,24.46,114252.17,391650.94,277398.78
514,2022,Sangli,Onion,Rabi,Red,Borewell,6.15,530.9,27.4,54.9,6.82,36916.8,41477.26,27082.77,62975.02,31406.82,18971.67,45352.63,31.38,218830.35,1423168.76,1204338.41
515,2024,Ahmednagar,Maize,Kharif,Loamy,Borewell,5.73,616.7,21.8,53.8,5.42,16702.42,38817.51,13774.73,42900.06,16592.79,11145.66,16365.48,20.86,139933.17,341334.5,201401.32
516,2022,Satara,Wheat,Rabi,Loamy,Borewell,0.63,886.7,22.5,55.2,6.46,1712.76,3614.9,1567.89,4239.17,1962.78,1199.21,1644.33,25.56,14296.72,42034.38,27737.66
517,2020,Satara,Wheat,Rabi,Alluvial,Rainfed,8.02,793.4,23.4,67.6,7.79,23208.67,44638.33,17427.41,57316.05,19976.41,15540.64,18233.73,23.33,178107.51,425367.98,247260.47
518,2021,Ahmednagar,Rice,Kharif,Alluvial,Drip,4.89,597.8,25.6,69.5,6.32,13392.63,31381.09,13821.0,35966.96,19906.08,12088.09,15948.14,34.05,126555.86,543034.09,416478.23
519,2021,Nashik,Sugarcane,Annual,Loamy,Canal,1.48,834.7,26.6,63.3,6.65,10187.28,13454.67,5234.32,16921.36,10554.04,5861.57,59132.28,2.92,62213.25,172744.31,110531.05
520,2023,Sangli,Tomato,Rabi,Black,Canal,2.05,698.7,26.9,62.1,6.79,9595.69,14427.91,8224.11,23850.35,10729.97,6169.75,20528.73,28.27,72997.78,580264.01,507266.23
521,2023,Aurangabad,Onion,Rabi,Red,Canal,2.63,824.3,27.9,51.9,7.4,16261.45,19941.5,11212.77,23931.74,13679.9,8513.53,19924.35,16.95,93540.9,337686.68,244145.78
522,2021,Ahmednagar,Rice,Kharif,Black,Drip,0.76,770.8,24.4,71.7,7.56,2527.66,4430.23,2405.03,6734.1,3127.5,2076.84,2802.7,34.69,21301.36,97218.53,75917.17
523,2020,Nashik,Cotton,Kharif,Alluvial,Drip,9.75,573.0,27.3,74.7,6.74,38786.07,58072.73,33658.64,79101.62,37385.92,25494.73,6306.75,70.13,272499.71,442313.34,169813.62
524,2023,Sangli,Tomato,Rabi,Red,Borewell,7.33,687.6,28.0,69.3,6.9,34086.97,51773.17,30158.64,71862.06,35798.43,20687.0,83924.98,23.46,244366.27,1968466.76,1724100.49
525,2022,Ahmednagar,Tomato,Rabi,Red,Drip,10.4,632.5,24.0,57.6,6.08,49055.76,82585.84,43472.44,110369.38,48794.32,33318.92,100604.3,25.71,367596.67,2586792.99,2219196.32
526,2020,Kolhapur,Sugarcane,Annual,Red,Canal,9.27,1677.1,25.3,69.4,6.58,66068.49,70098.39,32024.61,136106.04,64387.17,38382.04,370145.57,2.79,407066.74,1033200.42,626133.68
527,2025,Pune,Sugarcane,Annual,Alluvial,Rainfed,10.4,701.6,22.6,77.1,6.21,75498.76,110575.63,45623.03,155329.96,83321.43,46267.34,358336.68,2.84,516616.14,1018586.16,501970.02
528,2020,Ahmednagar,Sugarcane,Annual,Loamy,Borewell,10.26,616.4,24.5,68.2,6.45,61958.99,84124.01,36196.26,127749.03,67160.48,40197.97,421031.32,2.8,417386.74,1178892.03,761505.29
529,2022,Aurangabad,Tomato,Rabi,Loamy,Borewell,9.7,927.4,24.2,72.5,6.92,44720.04,76240.38,34230.1,87237.42,44453.86,29218.11,96196.41,24.36,316099.92,2343519.97,2027420.05
530,2023,Nashik,Maize,Kharif,Black,Drip,2.96,648.7,21.4,66.0,5.84,7323.03,15723.24,6731.1,17663.17,8005.22,5936.63,8799.66,20.96,61382.4,184409.38,123026.98
531,2021,Pune,Cotton,Kharif,Red,Canal,6.87,914.3,26.0,57.0,6.27,29325.15,39398.68,25322.01,68976.28,36045.19,18714.23,5107.53,74.41,217781.54,380060.42,162278.88
532,2023,Aurangabad,Maize,Kharif,Loamy,Rainfed,7.47,782.1,22.5,56.8,6.55,20437.81,49845.47,15607.71,63216.43,23719.4,15095.17,20136.3,23.95,187921.99,482185.77,294263.78
533,2025,Kolhapur,Rice,Kharif,Alluvial,Rainfed,5.92,1531.5,25.3,57.4,7.27,21375.42,52139.38,21103.18,52944.5,28582.92,17665.48,15322.85,37.18,193810.87,569676.57,375865.7
534,2022,Satara,Sugarcane,Annual,Black,Drip,3.83,839.2,27.7,79.4,6.85,28618.39,39781.62,13013.62,49967.2,25266.7,15712.58,143397.2,3.48,172360.1,498637.54,326277.44
535,2022,Pune,Cotton,Kharif,Alluvial,Canal,5.14,653.7,22.6,54.5,6.37,25745.23,27643.46,18976.99,52305.59,24914.5,17221.1,3407.67,86.46,166806.87,294638.6,127831.73
536,2025,Aurangabad,Rice,Kharif,Black,Drip,5.32,610.3,25.8,71.1,8.2,20816.26,39814.94,18102.5,47753.38,23362.29,14814.98,14644.86,27.81,164664.34,407215.27,242550.94
537,2025,Solapur,Soybean,Kharif,Loamy,Drip,0.73,590.4,31.1,67.1,7.06,2443.26,3214.15,1486.51,4111.62,1367.87,1456.57,842.21,48.7,14079.98,41012.52,26932.54
538,2025,Satara,Maize,Kharif,Red,Rainfed,1.95,854.5,26.3,71.6,5.93,6856.72,13900.16,4693.49,15164.94,6113.94,4355.67,4483.52,21.45,51084.92,96149.16,45064.24
539,2023,Kolhapur,Onion,Rabi,Red,Canal,5.53,1336.3,24.5,52.3,6.71,32351.12,42014.87,18612.18,54192.44,32066.96,15986.92,42919.89,23.58,195224.49,1012210.02,816985.54
540,2023,Kolhapur,Cotton,Kharif,Alluvial,Rainfed,5.12,1402.8,26.9,73.7,7.28,27023.79,29478.78,22664.9,52774.55,26800.85,14033.74,2832.28,85.04,172776.61,240846.37,68069.76
541,2019,Sangli,Maize,Kharif,Alluvial,Drip,5.0,529.2,24.5,76.4,6.31,12012.94,25006.93,9050.5,31848.05,13160.52,8565.79,16671.23,18.78,99644.73,313087.46,213442.73
542,2020,Satara,Maize,Kharif,Alluvial,Drip,10.32,984.9,23.3,63.8,7.02,25762.21,53701.45,21845.02,59188.07,27923.82,21137.78,33168.49,24.06,209558.36,798125.05,588566.68
543,2020,Aurangabad,Tomato,Rabi,Alluvial,Borewell,6.32,713.0,26.5,55.5,7.73,29157.6,46965.37,23329.3,64706.06,28966.77,15624.48,74136.47,19.92,208749.59,1477101.51,1268351.92
544,2019,Aurangabad,Tomato,Rabi,Black,Borewell,2.96,525.7,30.2,61.8,6.67,13149.83,21460.72,11571.24,26700.85,13580.49,8169.48,28070.9,22.4,94632.61,628819.44,534186.84
545,2022,Solapur,Cotton,Kharif,Loamy,Canal,11.78,529.3,27.0,58.3,6.2,56623.4,74032.67,48770.13,120836.78,56501.24,36411.4,7891.41,85.28,393175.62,672987.7,279812.08
546,2024,Nashik,Wheat,Rabi,Loamy,Canal,7.71,838.1,26.9,64.6,6.72,25634.98,48050.16,21451.38,61218.51,21118.88,18755.63,22393.22,29.61,196229.55,663084.97,466855.42
547,2020,Sangli,Rice,Kharif,Loamy,Drip,5.6,727.8,32.1,63.0,6.44,17891.04,40401.01,18527.71,43693.32,22687.7,12244.48,15971.55,28.4,155445.26,453520.02,298074.75
548,2021,Kolhapur,Sugarcane,Annual,Alluvial,Canal,8.18,1626.6,27.4,47.9,6.14,52684.72,79853.5,27587.11,110938.62,50897.11,33198.87,277484.38,2.89,355159.93,803275.01,448115.08
549,2025,Aurangabad,Maize,Kharif,Alluvial,Rainfed,0.56,470.0,27.5,72.1,5.88,1815.15,3444.23,1424.1,3316.33,2011.58,1211.94,1424.55,22.86,13223.33,32561.48,19338.15
550,2024,Nashik,Wheat,Rabi,Loamy,Rainfed,8.11,859.0,25.2,55.6,6.77,24374.83,50270.66,21496.66,72870.62,19874.45,19607.6,20549.49,25.82,208494.81,530578.94,322084.13
551,2022,Ahmednagar,Rice,Kharif,Loamy,Rainfed,7.9,739.4,23.5,73.6,7.54,26945.38,51957.08,28080.55,59115.49,35530.93,18784.44,20932.14,27.39,220413.87,573359.15,352945.28
552,2024,Satara,Tomato,Rabi,Red,Canal,5.98,945.2,20.2,62.5,7.22,33863.1,44720.72,28885.06,73350.99,29703.23,23176.75,51412.0,27.07,233699.85,1391916.53,1158216.68
553,2019,Kolhapur,Maize,Kharif,Alluvial,Canal,3.8,1373.0,24.6,50.7,7.23,9715.05,19233.08,6104.29,24800.09,8288.92,5493.63,11682.33,17.92,73635.08,209388.66,135753.59
554,2024,Solapur,Rice,Kharif,Red,Rainfed,8.67,676.7,26.1,77.8,6.48,33176.07,63839.92,27736.25,76610.61,40214.83,25874.52,20721.16,25.15,267452.2,521176.74,253724.53
555,2024,Kolhapur,Tomato,Rabi,Red,Borewell,11.46,1597.0,25.1,56.9,6.73,52688.62,90682.28,47731.98,137750.71,68764.22,36795.69,122792.88,18.5,434413.5,2272075.18,1837661.68
556,2019,Nashik,Rice,Kharif,Red,Borewell,5.84,693.8,20.6,64.8,6.99,14732.4,39671.2,15386.92,46205.73,23507.67,11946.9,16255.18,32.14,151450.82,522465.13,371014.32
557,2023,Ahmednagar,Rice,Kharif,Red,Borewell,4.39,386.2,24.3,55.0,7.4,14579.81,29445.17,16812.32,38782.85,18454.06,11509.53,10806.92,40.89,129583.74,441877.05,312293.31
558,2024,Pune,Wheat,Rabi,Alluvial,Rainfed,10.53,666.8,24.5,60.5,7.06,34261.83,72649.82,26188.02,81063.95,29164.35,23802.73,26486.42,28.03,267130.69,742363.02,475232.33
559,2022,Ahmednagar,Tomato,Rabi,Black,Drip,3.06,632.2,25.2,84.6,7.74,14198.94,27628.5,11928.42,38505.17,15766.84,8861.02,28343.91,28.92,116888.89,819673.86,702784.97
560,2024,Nashik,Tomato,Rabi,Black,Rainfed,11.56,885.3,21.0,63.3,6.74,56464.85,84541.34,51619.18,137556.2,74488.13,33076.76,114777.69,31.4,437746.46,3603790.73,3166044.27
561,2021,Solapur,Onion,Rabi,Red,Borewell,6.03,408.5,30.4,77.7,6.75,30720.19,37866.54,18809.3,64926.61,34451.27,14958.35,34676.7,23.37,201732.27,810513.41,608781.15
562,2019,Ahmednagar,Maize,Kharif,Black,Drip,6.2,603.7,24.9,63.4,7.1,16386.64,31531.9,12464.93,35330.63,17778.92,10323.25,19296.94,21.08,123816.27,406861.86,283045.59
563,2024,Solapur,Sugarcane,Annual,Red,Drip,3.62,450.3,25.1,60.3,6.49,26347.76,38463.38,15754.3,53167.53,28648.24,14359.94,121461.29,3.26,176741.16,396275.13,219533.97
564,2025,Aurangabad,Tomato,Rabi,Red,Rainfed,8.28,796.2,27.9,68.5,7.79,45885.01,68580.9,45283.14,115751.11,49470.29,28186.12,69289.76,32.89,353156.59,2278871.47,1925714.88
565,2025,Ahmednagar,Rice,Kharif,Black,Borewell,10.95,574.3,24.9,65.9,5.5,47792.67,89119.32,38063.1,102953.42,55835.89,29962.13,35226.79,38.28,363726.53,1348647.47,984920.94
566,2021,Sangli,Onion,Rabi,Red,Drip,8.97,504.0,26.9,61.3,7.16,52899.38,72302.62,32164.05,91415.83,40279.16,26545.8,60465.87,26.59,315606.84,1607534.34,1291927.49
567,2020,Nashik,Cotton,Kharif,Alluvial,Rainfed,6.16,687.5,25.7,49.5,6.56,26930.01,32703.58,23798.89,62702.19,25427.35,15200.5,3995.25,61.56,186762.51,245958.09,59195.58
568,2023,Satara,Cotton,Kharif,Red,Borewell,2.44,879.8,24.7,66.1,5.2,13134.81,14938.23,9293.36,24979.41,11361.27,7620.02,1795.41,55.13,81327.11,98971.84,17644.73
569,2025,Pune,Cotton,Kharif,Red,Borewell,8.13,881.2,23.4,50.7,6.11,43460.39,57209.65,33902.53,93577.98,43973.88,28353.48,5856.41,92.2,300477.92,539934.96,239457.04
570,2020,Nashik,Tomato,Rabi,Loamy,Rainfed,9.93,538.7,23.1,88.5,7.13,47231.78,71756.93,38257.42,98291.59,41990.81,27018.76,92748.44,28.59,324547.3,2651443.9,2326896.6
571,2021,Solapur,Wheat,Rabi,Red,Borewell,9.1,514.6,25.8,55.3,7.01,24523.13,56360.87,20155.4,68923.23,19876.7,19925.41,20220.5,22.79,209764.74,460864.48,251099.74
572,2023,Solapur,Tomato,Rabi,Red,Borewell,8.84,593.7,26.5,51.3,7.87,45555.54,76193.17,35884.15,107325.46,52023.98,30870.27,79812.78,25.02,347852.58,1997231.05,1649378.47
573,2023,Pune,Rice,Kharif,Black,Rainfed,4.94,781.8,22.6,79.8,6.43,17640.42,37088.33,17498.5,46677.38,21544.65,13369.7,14283.57,34.75,153818.98,496310.33,342491.35
574,2019,Satara,Cotton,Kharif,Black,Borewell,2.37,978.3,25.7,73.5,6.75,9747.89,13312.94,7076.78,23699.62,10067.38,6349.99,1683.95,78.42,70254.6,132059.88,61805.28
575,2022,Sangli,Cotton,Kharif,Loamy,Rainfed,9.48,709.8,24.9,70.9,6.56,40540.66,62912.88,30905.04,94700.67,39025.09,29392.24,6702.54,72.65,297476.58,486928.44,189451.86
576,2019,Kolhapur,Maize,Kharif,Alluvial,Rainfed,11.98,1536.0,23.2,61.8,6.55,28733.95,55144.42,24636.1,61562.96,32493.01,19833.98,33502.57,17.25,222404.41,577996.97,355592.56
577,2023,Ahmednagar,Soybean,Kharif,Alluvial,Borewell,3.17,455.4,25.3,50.9,6.72,10965.34,13389.14,5856.03,16289.4,6005.09,5701.18,3985.98,36.64,58206.18,146031.02,87824.84
578,2024,Kolhapur,Rice,Kharif,Loamy,Drip,6.45,1460.0,26.6,46.0,7.6,23015.49,53230.22,21673.11,57087.99,31166.49,15904.03,20465.04,38.06,202077.33,778949.82,576872.49
579,2019,Satara,Wheat,Rabi,Loamy,Rainfed,3.92,1045.2,22.1,54.6,7.02,9959.75,19718.28,7019.5,23509.11,10297.29,6751.52,9064.0,19.5,77255.45,176757.5,99502.05
580,2021,Pune,Sugarcane,Annual,Red,Rainfed,7.7,684.5,24.3,58.2,7.07,51081.35,65165.73,29595.87,99947.81,62106.25,24098.28,251730.64,3.2,331995.29,805350.66,473355.36
581,2024,Ahmednagar,Wheat,Rabi,Black,Drip,5.85,687.5,25.7,58.8,7.07,16941.93,37323.23,12893.15,46119.69,16686.14,13406.87,17838.12,25.3,143371.0,451282.67,307911.67
582,2023,Solapur,Sugarcane,Annual,Alluvial,Drip,5.84,300.0,26.6,77.5,6.77,42981.35,55838.96,18096.77,84053.6,42013.47,22574.92,212731.86,3.07,265559.07,652497.94,386938.87
583,2024,Ahmednagar,Onion,Rabi,Alluvial,Rainfed,6.76,521.8,25.1,70.3,7.59,38014.8,54725.0,31229.38,61250.67,34418.7,21714.38,45556.6,25.7,241352.94,1170949.98,929597.04
584,2025,Solapur,Wheat,Rabi,Loamy,Canal,8.23,552.0,25.4,71.1,6.46,23833.74,59147.9,24129.02,68416.79,24201.5,18017.58,19197.08,25.89,217746.53,497024.67,279278.14
585,2024,Kolhapur,Rice,Kharif,Black,Borewell,4.5,1224.6,24.2,61.7,6.39,17843.19,38792.11,15492.45,45259.23,21465.08,12329.67,13550.87,31.56,151181.74,427644.59,276462.86
586,2019,Solapur,Sugarcane,Annual,Loamy,Drip,6.64,392.2,24.7,69.7,6.86,41129.78,53010.8,20884.93,69910.06,39263.2,25047.97,262136.27,3.3,249246.74,863961.47,614714.73
587,2021,Ahmednagar,Onion,Rabi,Black,Rainfed,1.08,530.3,23.2,51.7,6.79,6058.56,6722.68,3535.89,10047.49,5920.24,3032.11,7030.21,21.61,35316.98,151902.21,116585.24
588,2019,Pune,Soybean,Kharif,Black,Drip,5.06,639.2,22.2,42.6,6.68,12953.32,19732.41,9061.17,21708.88,9540.87,7992.29,5838.11,38.0,80988.94,221838.86,140849.92
589,2021,Aurangabad,Wheat,Rabi,Loamy,Drip,8.55,720.8,25.5,65.8,7.18,24563.05,47613.99,18310.26,59731.76,21155.21,15870.69,23794.26,32.39,187244.97,770664.57,583419.6
590,2023,Pune,Maize,Kharif,Loamy,Drip,4.3,829.4,25.5,60.8,6.39,11557.2,25912.83,9076.62,28257.73,12519.6,8366.74,15183.8,22.41,95690.73,340221.31,244530.59
591,2022,Satara,Onion,Rabi,Alluvial,Canal,6.06,706.6,24.0,59.1,6.13,35771.84,52340.14,24213.63,55454.43,28708.61,16515.27,46528.43,21.92,213003.92,1019908.62,806904.7
592,2019,Solapur,Rice,Kharif,Black,Drip,3.09,859.4,28.7,71.9,7.0,9489.68,20596.86,8061.31,24964.72,12403.63,7805.21,9349.77,27.99,83321.4,261722.18,178400.77
593,2022,Pune,Soybean,Kharif,Black,Borewell,4.96,683.1,22.8,67.4,6.76,15035.85,20409.07,7987.29,24630.94,10563.53,7251.76,6015.31,43.57,85878.43,262072.01,176193.58
594,2021,Kolhapur,Cotton,Kharif,Black,Borewell,3.93,1571.4,24.2,61.4,6.99,17631.57,26541.04,12431.19,40896.68,16783.19,12360.33,3410.01,71.5,126644.01,243803.02,117159.02
595,2020,Solapur,Wheat,Rabi,Alluvial,Canal,9.48,636.9,25.2,56.8,7.37,24702.7,46715.42,22202.94,62221.01,24966.48,17676.39,22460.54,21.25,198484.94,477367.56,278882.62
596,2021,Aurangabad,Soybean,Kharif,Loamy,Drip,6.24,602.9,24.2,66.8,6.22,20806.79,26190.08,12397.34,28077.3,12065.03,10011.49,7373.53,43.71,109548.04,322272.69,212724.65
597,2019,Ahmednagar,Soybean,Kharif,Loamy,Rainfed,2.09,587.8,28.3,68.3,7.19,6168.9,6928.11,3805.23,9716.21,3738.29,3085.98,2355.42,45.57,33442.72,107341.31,73898.6
598,2024,Solapur,Soybean,Kharif,Black,Canal,1.72,733.3,26.9,55.5,6.17,5427.7,7453.87,3677.39,10001.73,3773.19,2979.96,2305.3,55.7,33313.84,128403.36,95089.53
599,2025,Sangli,Wheat,Rabi,Alluvial,Rainfed,2.52,769.8,26.3,81.8,5.46,8982.16,18477.57,6554.52,20917.25,8118.58,5655.01,5588.83,30.69,68705.1,171501.28,102796.19
600,2022,Satara,Soybean,Kharif,Loamy,Rainfed,2.93,885.5,24.0,63.1,5.7,9601.99,12147.98,5931.66,15111.42,5589.87,4736.42,3600.34,49.58,53119.33,178521.93,125402.6
601,2019,Kolhapur,Maize,Kharif,Black,Drip,2.0,1520.6,28.8,68.1,7.2,4825.04,9627.42,4014.06,12765.09,5879.42,2812.93,6164.77,18.68,39923.96,115169.13,75245.17
602,2022,Solapur,Tomato,Rabi,Black,Rainfed,4.56,704.6,28.4,52.8,7.06,21698.05,41596.5,16062.32,51897.32,26595.41,14416.11,46561.17,25.31,172265.72,1178429.7,1006163.98
603,2019,Sangli,Maize,Kharif,Black,Borewell,2.37,710.3,25.2,65.1,6.88,5806.8,12767.58,4396.28,15594.53,5296.68,4743.99,7779.52,20.5,48605.86,159493.51,110887.64
604,2021,Satara,Maize,Kharif,Alluvial,Canal,11.69,941.7,22.7,61.5,7.38,29125.15,59584.87,23338.04,76904.36,36292.89,19338.6,36984.89,20.56,244583.91,760341.37,515757.46
605,2021,Solapur,Tomato,Rabi,Loamy,Canal,10.97,499.6,25.3,46.5,6.77,46232.29,89393.98,40214.4,94478.69,62919.95,26181.86,109399.37,28.53,359421.17,3120885.15,2761463.98
606,2020,Nashik,Soybean,Kharif,Red,Rainfed,11.27,707.1,23.2,63.1,6.79,31202.5,41066.08,20396.37,53068.48,21387.96,16967.31,10701.86,45.31,184088.7,484928.3,300839.6
607,2020,Nashik,Maize,Kharif,Loamy,Borewell,8.75,792.9,25.0,52.9,6.48,22095.87,49194.23,16898.29,50473.96,27945.76,13454.1,31109.51,19.54,180062.21,607939.95,427877.74
608,2019,Sangli,Onion,Rabi,Alluvial,Drip,10.5,795.2,29.9,54.0,6.74,51471.06,77816.6,33797.41,91822.01,49296.19,24148.68,84738.15,19.73,328351.96,1672069.58,1343717.62
609,2022,Kolhapur,Sugarcane,Annual,Alluvial,Rainfed,4.31,1459.6,21.5,67.3,5.2,33195.85,39582.1,15013.25,64683.56,29780.17,18167.17,130843.19,3.69,200422.1,482610.18,282188.08
610,2025,Ahmednagar,Rice,Kharif,Alluvial,Rainfed,3.19,777.9,28.8,87.8,6.16,11895.6,24076.35,11640.46,28969.89,15886.4,7971.61,10379.0,33.33,100440.3,345955.83,245515.53
611,2020,Solapur,Soybean,Kharif,Black,Drip,6.08,404.3,29.6,47.5,7.23,18462.16,22540.6,11942.86,26594.86,9064.7,9387.04,5967.26,44.61,97992.2,266181.62,168189.42
612,2023,Sangli,Onion,Rabi,Black,Canal,10.36,472.6,26.0,48.6,6.02,56818.89,85649.99,40112.31,104622.34,53786.5,32451.58,79500.2,27.1,373441.61,2154816.82,1781375.21
613,2019,Ahmednagar,Cotton,Kharif,Loamy,Borewell,10.69,643.6,25.3,62.4,5.44,44250.66,56725.44,35750.49,98524.81,47655.06,28459.36,7893.92,73.03,311365.82,576477.57,265111.76
614,2022,Nashik,Soybean,Kharif,Black,Drip,4.47,655.0,25.2,53.8,6.79,12940.27,19042.1,9553.55,21511.03,9563.37,7494.69,5793.66,51.08,80104.99,295943.31,215838.32
615,2019,Pune,Rice,Kharif,Red,Drip,6.54,423.1,22.6,63.3,7.62,18615.05,40799.5,17590.77,46894.98,24014.04,15901.37,14546.71,33.89,163815.71,493058.99,329243.28
616,2021,Sangli,Soybean,Kharif,Black,Canal,9.15,727.3,27.0,49.3,7.29,25597.16,39302.71,19802.58,42744.53,19883.57,15069.54,11414.11,42.63,162400.09,486603.68,324203.6
617,2019,Pune,Rice,Kharif,Red,Borewell,8.74,884.1,24.0,55.6,6.28,24547.24,55307.71,25083.58,72570.55,28535.05,17775.71,25450.95,32.7,223819.85,832242.89,608423.04
618,2025,Nashik,Maize,Kharif,Alluvial,Rainfed,2.43,698.8,24.6,53.1,7.13,6644.18,14427.13,5627.11,18408.67,9236.6,5346.33,6937.09,21.07,59690.04,146130.17,86440.13
619,2019,Aurangabad,Wheat,Rabi,Red,Borewell,1.58,730.5,25.4,58.7,6.81,4435.86,8399.04,3780.66,10771.6,3392.04,2716.98,4043.91,25.74,33496.18,104082.47,70586.28
620,2019,Aurangabad,Tomato,Rabi,Loamy,Borewell,0.67,716.0,24.3,76.9,7.95,2728.96,4501.03,2549.91,7015.68,3292.72,1756.18,6854.44,28.73,21844.48,196952.3,175107.81
621,2020,Solapur,Maize,Kharif,Red,Canal,10.37,658.1,26.5,54.8,6.13,25319.23,55364.67,20246.81,66049.64,30958.74,17659.64,28348.34,27.26,215598.72,772735.55,557136.82
622,2020,Aurangabad,Cotton,Kharif,Black,Drip,5.0,480.7,24.1,35.0,6.62,22023.88,25931.43,18408.8,45464.08,24581.83,15118.86,3253.07,75.38,151528.88,245227.07,93698.19
623,2022,Aurangabad,Cotton,Kharif,Loamy,Rainfed,8.31,422.8,24.8,75.4,5.91,39571.3,52592.47,33195.0,87213.03,36585.26,24011.91,5153.08,75.47,273168.97,388896.59,115727.62
624,2022,Kolhapur,Rice,Kharif,Red,Borewell,11.19,1554.8,26.6,56.3,6.28,38293.69,72788.74,32212.13,92026.19,46373.84,26738.88,29499.15,33.94,308433.47,1001213.13,692779.66
625,2024,Satara,Soybean,Kharif,Black,Borewell,0.83,954.8,24.1,55.0,6.49,2872.49,3800.92,1904.43,4524.15,1462.89,1558.14,1116.22,44.42,16123.02,49581.28,33458.27
626,2023,Aurangabad,Onion,Rabi,Loamy,Canal,8.84,683.8,25.3,70.5,7.1,49668.49,57967.0,34847.14,88078.61,51207.06,26827.08,66524.66,28.87,308595.37,1920358.49,1611763.12
627,2021,Sangli,Onion,Rabi,Red,Rainfed,9.39,727.2,26.0,65.2,5.66,46617.2,61205.34,31368.82,91594.79,45514.98,25652.08,63133.69,22.87,301953.21,1443798.33,1141845.12
628,2019,Satara,Onion,Rabi,Alluvial,Rainfed,6.27,1056.9,26.3,65.9,6.8,30072.84,39383.99,17587.53,48360.24,23743.86,15626.94,38527.27,24.56,174775.4,946343.74,771568.34
629,2025,Solapur,Sugarcane,Annual,Red,Drip,7.67,510.6,29.1,44.7,5.81,59685.44,81797.89,28833.93,119132.95,59223.0,34291.55,275182.55,2.92,382964.77,804063.08,421098.31
630,2024,Satara,Rice,Kharif,Red,Canal,0.58,1055.4,21.6,65.8,6.69,2244.72,4676.15,1838.76,5251.09,2760.64,1528.96,1588.1,36.16,18300.33,57418.51,39118.19
631,2023,Satara,Wheat,Rabi,Loamy,Canal,11.73,941.0,23.6,45.7,8.2,33873.04,73134.39,27171.76,86412.07,29280.9,24812.5,31960.77,22.8,274684.66,728704.4,454019.74
632,2020,Ahmednagar,Maize,Kharif,Alluvial,Canal,10.53,679.0,28.3,64.4,6.36,25546.77,53076.54,18365.16,70915.45,27726.53,18979.06,34542.8,18.09,214609.52,624716.58,410107.06
633,2023,Solapur,Wheat,Rabi,Red,Drip,2.13,621.1,27.6,57.4,5.2,6843.83,15522.02,5341.75,15467.55,6186.71,4431.41,5456.41,33.46,53793.26,182562.93,128769.67
634,2020,Kolhapur,Sugarcane,Annual,Loamy,Rainfed,1.33,1390.2,27.5,64.4,6.23,9196.75,13136.94,4991.3,17688.27,8851.45,3603.01,40488.93,3.16,57467.73,127841.26,70373.52
635,2020,Pune,Rice,Kharif,Red,Rainfed,11.97,573.9,24.9,74.3,6.73,38999.31,72055.89,37425.85,91460.28,46545.51,32137.15,28621.31,32.76,318623.99,937649.54,619025.55
636,2021,Pune,Sugarcane,Annual,Red,Drip,6.77,962.7,25.2,35.0,7.44,43551.51,60974.6,22770.01,92889.0,41981.53,23600.76,266921.47,3.26,285767.4,869946.48,584179.08
637,2025,Ahmednagar,Onion,Rabi,Alluvial,Rainfed,9.63,534.8,26.5,64.7,6.61,64419.86,78638.46,37817.25,92968.83,56138.94,35876.38,67248.97,22.07,365859.73,1484509.93,1118650.2
638,2023,Ahmednagar,Wheat,Rabi,Red,Rainfed,4.26,669.9,25.9,70.3,6.41,14783.69,25688.2,11709.34,32690.88,10280.48,7568.22,9163.63,26.54,102720.81,243200.94,140480.14
639,2021,Nashik,Onion,Rabi,Loamy,Rainfed,8.48,754.4,24.9,55.2,7.62,51790.39,53201.7,29845.81,77622.81,41459.26,24432.24,59498.67,33.74,278352.21,2007312.66,1728960.45
640,2021,Kolhapur,Onion,Rabi,Red,Drip,6.54,1405.0,22.9,45.1,6.08,38695.46,49974.11,23955.53,59026.56,32768.55,17082.07,48436.5,28.63,221502.28,1386604.33,1165102.06
641,2024,Aurangabad,Tomato,Rabi,Alluvial,Drip,3.89,678.0,24.7,50.4,6.25,20912.52,32792.5,17960.63,41170.48,20971.49,12697.92,43901.71,23.73,146505.53,1042007.1,895501.58
642,2024,Satara,Onion,Rabi,Red,Borewell,2.42,1200.6,25.6,54.2,7.38,16044.9,20357.33,7479.47,23174.17,14348.12,7501.17,19948.57,21.85,88905.15,435799.95,346894.8
643,2020,Kolhapur,Cotton,Kharif,Red,Rainfed,4.26,1670.0,23.4,83.5,6.63,19041.79,25463.74,17879.36,42574.04,19257.83,9776.83,3137.31,55.0,133993.59,172545.71,38552.12
644,2020,Pune,Tomato,Rabi,Alluvial,Drip,9.29,640.6,25.3,69.5,7.18,45450.42,63051.9,34207.88,85566.58,55477.35,25729.74,84933.52,21.97,309483.86,1865778.74,1556294.88
645,2020,Aurangabad,Rice,Kharif,Alluvial,Rainfed,8.99,711.4,26.4,67.0,6.63,29431.95,57327.22,23803.48,78594.62,30358.88,23178.47,23064.04,32.4,242694.62,747309.85,504615.24
646,2021,Solapur,Soybean,Kharif,Red,Rainfed,6.36,542.4,26.5,62.5,6.63,20742.37,25218.92,12456.81,32268.9,12151.06,9591.44,6124.81,36.96,112429.51,226385.87,113956.36
647,2019,Aurangabad,Onion,Rabi,Alluvial,Drip,10.92,642.8,28.4,61.9,6.86,62899.22,68363.41,35399.17,93369.52,49520.29,28121.96,94167.32,20.79,337673.57,1957300.15,1619626.57
648,2021,Nashik,Soybean,Kharif,Alluvial,Rainfed,7.7,524.2,22.9,65.9,7.16,24847.97,30094.69,13251.71,34460.69,13591.56,13249.43,8702.44,46.35,129496.04,403344.47,273848.43
649,2022,Pune,Wheat,Rabi,Loamy,Borewell,5.14,784.8,22.7,65.4,7.04,16159.54,29084.57,13258.11,34385.57,12208.48,11157.19,13861.76,28.07,116253.45,389166.7,272913.26
650,2022,Sangli,Maize,Kharif,Loamy,Canal,10.55,599.7,26.6,49.7,6.14,29136.01,60297.84,23308.65,72377.89,34228.58,20557.23,34121.13,17.83,239906.21,608363.04,368456.83
651,2025,Nashik,Tomato,Rabi,Loamy,Drip,6.88,598.9,25.4,49.3,5.88,37912.59,62790.08,33531.88,86292.63,35764.21,22607.02,67689.7,31.47,278898.41,2130174.91,1851276.5
652,2019,Aurangabad,Maize,Kharif,Black,Canal,11.37,705.7,28.3,67.6,6.6,23416.07,65016.23,18654.69,64797.58,29465.23,19102.49,39153.81,23.01,220452.29,901025.57,680573.27
653,2021,Solapur,Wheat,Rabi,Black,Rainfed,7.27,649.9,25.0,56.2,6.33,21004.49,37740.44,18047.05,50666.89,16248.41,13768.47,18634.4,33.19,157475.75,618528.84,461053.09
654,2022,Ahmednagar,Onion,Rabi,Red,Rainfed,3.93,525.7,24.8,56.3,7.14,22504.11,29313.5,14949.39,37841.49,20892.4,10441.56,24215.44,28.37,135942.45,686899.55,550957.1
655,2023,Solapur,Rice,Kharif,Loamy,Rainfed,2.62,424.8,26.6,77.9,7.45,9541.5,19359.93,7965.14,23687.22,11625.56,7225.19,7159.69,28.01,79404.54,200576.54,121172.0
656,2023,Ahmednagar,Tomato,Rabi,Loamy,Drip,3.16,720.8,25.0,54.2,7.65,13629.39,26169.44,12237.27,38225.21,16990.99,10163.11,32587.2,31.51,117415.41,1026675.98,909260.57
657,2021,Nashik,Wheat,Rabi,Red,Drip,4.69,761.5,22.6,48.1,6.65,12952.59,25270.25,11895.72,26315.56,13672.55,9936.54,11673.54,28.05,100043.2,327416.18,227372.99
658,2024,Kolhapur,Tomato,Rabi,Alluvial,Canal,10.48,1414.6,24.9,79.2,5.91,56369.2,89847.22,42576.27,127533.56,56846.27,36761.17,119406.82,23.85,409933.69,2848294.6,2438360.91
659,2019,Nashik,Soybean,Kharif,Loamy,Borewell,1.05,869.4,22.5,68.2,6.32,3255.18,3710.43,1471.68,4266.44,2132.38,1500.39,1469.11,52.35,16336.52,76902.41,60565.89
660,2021,Pune,Maize,Kharif,Black,Borewell,2.83,835.3,23.3,56.6,7.06,7662.97,15680.27,6085.81,17868.11,8168.9,4854.94,9646.44,25.04,60321.01,241573.95,181252.95
661,2025,Kolhapur,Rice,Kharif,Loamy,Drip,9.55,1563.7,24.0,60.6,6.59,32596.64,81638.1,32051.94,89000.83,43394.1,26134.84,28175.85,32.14,304816.45,905504.09,600687.65
662,2020,Pune,Rice,Kharif,Red,Canal,4.78,772.8,27.8,73.4,7.13,16511.66,31689.53,14709.24,36501.84,16913.1,10388.02,13667.93,30.36,126713.4,415010.41,288297.01
663,2025,Aurangabad,Rice,Kharif,Black,Canal,11.48,722.9,24.5,57.9,6.7,44103.69,88389.54,37958.03,109751.51,47911.2,32269.18,31402.72,36.5,360383.14,1146341.21,785958.07
664,2022,Aurangabad,Tomato,Rabi,Alluvial,Rainfed,10.73,641.2,30.3,61.2,7.4,53327.67,88193.84,44574.05,93903.84,57322.77,34781.16,86011.25,27.78,372103.32,2389640.61,2017537.29
665,2021,Ahmednagar,Tomato,Rabi,Loamy,Canal,3.73,804.3,26.0,64.2,6.53,17208.48,26186.54,14274.71,35943.8,19129.6,10707.68,41564.93,30.74,123450.82,1277544.32,1154093.5
666,2019,Aurangabad,Maize,Kharif,Alluvial,Borewell,4.74,699.1,24.8,47.4,7.08,11756.1,26792.46,7463.14,26848.27,12117.57,8995.84,15326.32,16.02,93973.38,245541.34,151567.96
667,2020,Kolhapur,Sugarcane,Annual,Alluvial,Rainfed,6.41,1415.1,25.3,69.6,6.36,37595.7,55311.8,20901.36,81353.42,36672.87,25981.73,233261.6,3.2,257816.88,747299.92,489483.04
668,2019,Nashik,Maize,Kharif,Alluvial,Borewell,8.05,533.7,27.5,39.4,6.24,19994.33,40866.24,15090.89,48253.64,19292.4,12045.83,22968.15,22.27,155543.33,511546.3,356002.97
669,2025,Pune,Soybean,Kharif,Loamy,Borewell,8.74,534.5,26.8,66.9,6.42,27789.08,36518.7,18050.16,46368.3,21081.72,16715.23,10781.89,48.21,166523.19,519790.56,353267.37
670,2022,Satara,Sugarcane,Annual,Alluvial,Rainfed,8.11,807.6,21.7,73.5,6.02,54960.52,87097.6,27640.06,120561.69,60716.36,32866.97,258978.71,2.38,383843.19,616460.39,232617.21
671,2023,Pune,Tomato,Rabi,Red,Rainfed,6.08,807.3,24.4,59.7,6.55,31757.01,47271.98,23268.17,74678.61,35981.73,19707.54,58780.82,26.36,232665.04,1549454.6,1316789.56
672,2020,Ahmednagar,Sugarcane,Annual,Red,Drip,8.97,863.7,22.2,69.2,7.7,61114.16,74198.99,28347.76,115948.0,64821.18,35749.81,348887.52,3.66,380179.89,1277038.98,896859.09
673,2022,Pune,Maize,Kharif,Black,Borewell,10.27,840.0,24.9,67.6,6.58,29426.69,63484.45,26530.57,71415.97,27766.31,19295.3,33123.38,21.61,237919.28,715841.01,477921.73
674,2025,Ahmednagar,Soybean,Kharif,Alluvial,Canal,11.41,705.9,25.7,51.9,7.53,40932.01,54030.82,25031.76,64953.79,24398.57,21675.95,16622.95,55.27,231022.91,918790.41,687767.5
675,2022,Nashik,Rice,Kharif,Loamy,Canal,5.79,564.5,24.4,73.4,6.63,20481.77,41143.22,19245.54,50257.13,24688.02,14909.96,16893.52,38.02,170725.64,642257.56,471531.92
676,2025,Aurangabad,Cotton,Kharif,Black,Borewell,8.5,702.5,26.8,74.7,6.18,44107.53,55510.01,36789.95,105764.65,47394.13,29513.71,6425.72,78.87,319079.99,506821.08,187741.09
677,2020,Sangli,Rice,Kharif,Red,Rainfed,2.42,725.8,28.6,63.1,5.44,7695.92,15423.68,7492.93,18863.24,9490.52,4483.66,5207.4,33.65,63449.95,175230.16,111780.21
678,2025,Nashik,Rice,Kharif,Alluvial,Canal,3.65,712.8,23.5,75.3,5.81,15174.85,29003.89,13898.18,40471.38,16637.2,10117.07,10285.63,33.18,125302.57,341294.6,215992.03
679,2022,Kolhapur,Tomato,Rabi,Loamy,Borewell,5.91,1575.6,22.9,66.9,7.16,28967.4,49911.46,22617.42,64563.2,30959.15,14873.79,63330.18,26.97,211892.42,1707876.12,1495983.7
680,2021,Ahmednagar,Wheat,Rabi,Loamy,Drip,8.04,479.4,26.2,61.4,6.43,23041.64,45738.06,20482.72,55254.0,23671.85,14780.0,21781.69,29.63,182968.26,645422.76,462454.5
681,2022,Pune,Tomato,Rabi,Alluvial,Drip,4.77,805.4,26.0,51.9,5.4,23460.55,34271.45,17638.14,54131.16,29224.52,13518.86,53212.32,23.03,172244.67,1225310.58,1053065.9
682,2021,Aurangabad,Wheat,Rabi,Alluvial,Rainfed,10.85,754.7,24.6,43.0,6.45,30239.99,56510.19,22239.09,73710.72,30421.9,23427.02,26520.44,31.52,236548.91,835796.78,599247.87
683,2021,Kolhapur,Onion,Rabi,Alluvial,Borewell,3.4,1553.1,24.0,55.3,7.39,18591.61,23968.58,10794.6,31985.14,16802.95,9531.97,27352.1,23.88,111674.86,653204.8,541529.94
684,2020,Satara,Rice,Kharif,Alluvial,Borewell,6.88,964.4,24.1,59.6,6.75,21914.95,45763.81,22293.29,55065.85,25902.0,16935.21,21850.29,25.0,187875.12,546274.26,358399.15
685,2024,Kolhapur,Onion,Rabi,Loamy,Rainfed,7.49,1405.8,24.1,53.5,6.88,44463.27,59047.08,25303.67,87407.33,36119.37,23625.86,53078.98,25.98,275966.6,1379019.62,1103053.02
686,2020,Aurangabad,Soybean,Kharif,Loamy,Borewell,11.03,602.3,27.4,61.4,6.53,30837.92,40496.37,19785.2,47582.95,20643.64,19874.75,13092.59,39.41,179220.83,516042.16,336821.34
687,2023,Pune,Onion,Rabi,Red,Rainfed,5.44,640.9,24.8,74.7,6.38,33626.01,46724.54,20089.36,60639.77,28235.81,14910.61,33880.57,25.4,204226.11,860501.41,656275.3
688,2020,Sangli,Cotton,Kharif,Black,Drip,7.72,624.9,24.3,71.5,6.75,33271.81,46642.59,27483.59,71004.05,30564.16,21925.91,5282.98,62.63,230892.11,330893.26,100001.14
689,2025,Satara,Soybean,Kharif,Black,Drip,5.96,787.7,21.2,63.6,7.39,21578.65,26698.62,13563.63,34700.62,12602.76,10492.16,7127.88,43.39,119636.44,309304.18,189667.74
690,2019,Aurangabad,Wheat,Rabi,Alluvial,Drip,3.98,556.4,30.1,66.8,6.88,10735.02,20527.12,8906.02,23848.79,9674.47,6921.09,9061.07,23.32,80612.51,211324.07,130711.56
691,2025,Solapur,Cotton,Kharif,Loamy,Borewell,3.74,693.0,27.8,54.9,7.22,17614.61,27896.28,18813.69,44656.62,16937.1,12326.21,2721.29,74.64,138244.51,203109.48,64864.97
692,2020,Pune,Rice,Kharif,Alluvial,Borewell,2.02,597.0,26.3,49.8,6.52,6380.89,12751.96,5994.1,15860.06,7388.27,4876.88,5333.87,30.21,53252.15,161121.8,107869.65
693,2025,Ahmednagar,Sugarcane,Annual,Loamy,Canal,11.37,664.3,27.7,43.2,6.31,92598.38,110170.43,47802.62,165352.65,79930.03,47504.52,429671.54,3.67,543358.64,1576907.2,1033548.57
694,2025,Ahmednagar,Onion,Rabi,Alluvial,Rainfed,7.01,506.8,23.9,59.5,7.33,43558.91,61727.93,28674.1,78460.23,39614.92,22713.96,42966.71,25.03,274750.06,1075615.95,800865.88
695,2022,Pune,Cotton,Kharif,Black,Drip,5.02,862.3,25.8,63.2,6.84,24614.15,35307.48,19273.36,45800.34,22649.47,14147.04,4574.67,87.02,161791.85,398080.02,236288.17
696,2024,Satara,Soybean,Kharif,Red,Drip,11.79,998.8,23.6,59.2,7.52,42444.92,51173.72,27826.36,58733.65,23346.37,24306.31,14005.76,45.51,227831.32,637348.61,409517.29
697,2023,Sangli,Cotton,Kharif,Black,Rainfed,7.46,496.5,28.9,56.5,6.69,36916.94,50928.15,28285.41,87422.16,38461.11,24417.22,4436.64,66.32,266430.98,294220.71,27789.72
698,2024,Ahmednagar,Sugarcane,Annual,Red,Rainfed,8.41,664.9,21.1,60.6,6.01,67629.75,89439.65,35995.15,127007.0,60009.27,28786.16,254263.54,3.42,408866.99,870852.54,461985.55
699,2023,Kolhapur,Soybean,Kharif,Alluvial,Canal,1.88,1369.6,24.7,60.4,6.18,6131.71,8738.41,3575.61,10959.59,3854.51,3666.04,2296.23,47.86,36925.87,109892.15,72966.28
700,2025,Sangli,Tomato,Rabi,Alluvial,Borewell,4.7,652.5,25.6,61.9,6.56,23295.19,40505.8,22167.96,56855.31,31077.3,16480.39,50761.67,27.92,190381.96,1417409.03,1227027.08
701,2022,Satara,Cotton,Kharif,Alluvial,Borewell,10.73,854.0,25.9,48.5,6.85,42487.26,66849.75,42454.2,107687.64,52144.73,30981.53,7390.73,72.65,342605.1,536915.99,194310.89
702,2023,Pune,Rice,Kharif,Alluvial,Canal,5.09,528.1,23.6,60.3,6.63,19263.68,36972.29,16867.88,46490.3,21384.62,13696.05,12273.7,31.23,154674.83,383366.48,228691.65
703,2022,Nashik,Cotton,Kharif,Black,Canal,1.17,882.6,22.8,65.7,5.98,5956.27,7626.92,5080.34,12990.2,4645.05,3122.33,876.4,74.57,39421.12,65352.35,25931.23
704,2025,Solapur,Cotton,Kharif,Alluvial,Canal,5.13,442.8,23.6,61.0,7.66,27859.78,39997.72,22065.69,68184.32,31724.26,16761.59,3543.97,71.59,206593.35,253708.59,47115.24
705,2020,Satara,Cotton,Kharif,Red,Rainfed,3.61,967.5,25.5,67.0,5.48,14924.74,20668.73,13086.13,36848.44,16218.52,10920.9,2160.16,62.18,112667.44,134318.47,21651.02
706,2024,Solapur,Tomato,Rabi,Red,Rainfed,7.72,451.0,26.3,68.8,6.97,40721.61,72626.92,35516.0,97475.64,43297.54,24616.3,66321.33,30.53,314254.01,2024985.27,1710731.26
707,2021,Kolhapur,Sugarcane,Annual,Loamy,Borewell,7.33,1541.8,26.0,63.7,6.56,46376.07,69477.04,20005.75,96425.72,54680.23,29828.09,233535.36,3.36,316792.9,785288.76,468495.86
708,2023,Pune,Tomato,Rabi,Red,Canal,8.31,854.3,29.0,64.2,6.86,39871.21,65778.22,38267.06,88601.67,49023.35,25491.77,70268.98,26.04,307033.28,1829537.19,1522503.92
709,2024,Aurangabad,Soybean,Kharif,Alluvial,Canal,1.65,589.3,27.9,54.4,6.63,5417.66,7485.92,3168.54,8861.3,3592.06,3021.65,2002.46,48.51,31547.12,97140.5,65593.38
710,2021,Ahmednagar,Maize,Kharif,Black,Borewell,3.38,644.4,26.1,74.6,7.41,8787.96,19286.26,7598.06,23765.69,9529.97,5634.81,10767.15,18.66,74602.75,200963.18,126360.43
711,2024,Kolhapur,Maize,Kharif,Red,Canal,10.54,1458.0,27.9,59.1,6.45,33902.08,62384.86,26886.87,73742.09,36708.24,23365.99,27807.36,22.41,256990.13,623274.74,366284.61
712,2021,Satara,Rice,Kharif,Red,Canal,3.25,911.2,23.9,46.6,6.94,11654.3,20518.97,8484.08,27882.45,13834.68,7164.76,8739.89,25.0,89539.25,218456.53,128917.27
713,2021,Solapur,Tomato,Rabi,Alluvial,Canal,7.56,522.1,31.7,63.5,6.68,37256.15,52351.58,31863.47,76550.59,36406.57,21028.93,68061.49,25.2,255457.3,1714955.67,1459498.38
714,2022,Nashik,Sugarcane,Annual,Black,Rainfed,9.87,805.8,20.3,64.2,7.23,65603.48,103307.22,37376.08,127790.89,79819.35,42993.1,302265.13,3.31,456890.12,1001079.71,544189.58
715,2023,Satara,Sugarcane,Annual,Black,Borewell,8.41,884.7,22.9,55.7,6.08,69951.56,81069.19,30570.9,119232.28,56237.91,32800.6,333198.49,3.26,389862.43,1084797.58,694935.15
716,2019,Sangli,Cotton,Kharif,Red,Drip,8.89,749.5,24.4,66.8,5.7,34621.31,52508.98,30952.18,79923.57,34032.14,22559.83,6321.47,59.99,254598.01,379224.57,124626.56
717,2022,Solapur,Soybean,Kharif,Loamy,Drip,2.21,612.7,27.3,71.5,6.88,6723.22,8188.66,4123.33,10158.44,4207.3,3441.65,2827.11,51.04,36842.6,144290.49,107447.89
718,2025,Ahmednagar,Onion,Rabi,Black,Borewell,4.08,914.5,24.5,44.7,7.6,24716.54,31480.45,18020.55,43173.59,19724.53,14806.15,39797.23,24.34,151921.81,968839.47,816917.66
719,2021,Ahmednagar,Onion,Rabi,Black,Rainfed,7.67,758.3,26.8,52.9,5.99,40338.79,54673.3,25364.69,73513.29,39583.25,20107.37,50067.24,19.32,253580.69,967482.63,713901.94
720,2020,Kolhapur,Sugarcane,Annual,Red,Drip,6.34,1497.1,25.8,62.2,7.24,41906.2,50138.01,21891.42,91925.62,39637.01,21779.05,225962.85,2.76,267277.32,623522.31,356244.99
721,2020,Nashik,Sugarcane,Annual,Loamy,Borewell,11.85,608.6,23.2,72.2,6.79,81522.69,117967.77,41194.67,159194.59,88352.1,37597.41,394696.05,3.78,525829.22,1490672.1,964842.87
722,2022,Sangli,Tomato,Rabi,Loamy,Rainfed,7.88,738.6,26.8,60.8,5.78,35316.29,58843.1,29368.96,81914.74,40670.16,23433.87,70131.28,20.54,269547.12,1440647.03,1171099.92
723,2024,Satara,Wheat,Rabi,Alluvial,Rainfed,7.05,1008.6,22.4,66.5,6.56,25053.23,46709.12,19793.69,51771.72,18620.79,15473.68,15808.29,27.21,177422.23,430112.38,252690.15
724,2019,Satara,Onion,Rabi,Black,Drip,9.71,933.6,24.0,53.6,6.75,49846.19,63252.24,31628.32,84719.65,46315.88,25458.14,88888.93,21.24,301220.43,1888199.76,1586979.33
725,2021,Solapur,Soybean,Kharif,Red,Rainfed,10.63,601.9,30.1,62.8,6.08,31320.0,42574.71,19990.04,50004.68,19429.79,15082.9,11029.59,39.01,178402.13,430233.63,251831.5
726,2020,Kolhapur,Tomato,Rabi,Black,Rainfed,7.68,1414.5,27.7,70.8,6.92,33606.58,52320.49,29657.31,71306.63,34625.07,17419.63,59308.81,28.62,238935.71,1697608.89,1458673.18
727,2022,Kolhapur,Cotton,Kharif,Alluvial,Borewell,8.26,1217.1,25.0,58.6,6.59,40898.87,58699.07,31001.21,89602.42,41608.59,19225.67,5767.61,64.2,281035.84,370287.99,89252.15
728,2022,Solapur,Maize,Kharif,Alluvial,Drip,0.63,578.7,28.4,67.7,6.41,1782.01,3754.25,1315.84,3745.54,1828.3,1276.22,1955.06,27.16,13702.16,53106.13,39403.97
729,2019,Sangli,Maize,Kharif,Red,Drip,1.39,579.5,24.8,66.8,6.36,3301.1,6515.43,2633.78,8100.01,3465.8,2267.28,3945.24,22.98,26283.4,90677.1,64393.7
730,2024,Satara,Maize,Kharif,Black,Drip,3.63,1120.7,24.8,63.0,6.55,10851.64,22688.47,8526.45,28534.9,11582.92,6968.06,13528.34,21.26,89152.44,287624.51,198472.07
731,2024,Solapur,Rice,Kharif,Black,Borewell,6.8,674.0,26.7,59.6,6.43,25334.32,48075.68,20397.09,57154.8,32620.63,18088.59,21040.1,38.46,201671.11,809253.25,607582.14
732,2023,Pune,Cotton,Kharif,Black,Rainfed,11.05,526.6,24.5,53.3,6.75,49048.35,68928.23,43618.66,113768.22,58006.37,33430.73,7371.25,77.79,366800.55,573403.54,206602.98
733,2024,Pune,Wheat,Rabi,Black,Borewell,8.02,706.1,24.6,63.5,7.62,26682.64,50558.79,23465.63,67705.36,22950.07,17110.71,21662.4,31.26,208473.19,677191.83,468718.64
734,2019,Sangli,Sugarcane,Annual,Alluvial,Borewell,7.68,777.7,23.3,55.8,6.64,52119.06,56788.35,23577.83,76479.28,50046.29,27464.23,325743.0,3.57,286475.04,1163599.02,877123.98
735,2024,Satara,Maize,Kharif,Black,Canal,10.58,757.3,24.5,63.7,7.39,28792.07,69348.97,23809.24,88464.84,32740.89,21660.42,32591.93,20.63,264816.44,672429.26,407612.83
736,2024,Nashik,Tomato,Rabi,Alluvial,Drip,11.81,642.4,24.8,53.7,5.97,63413.52,98831.06,59020.03,134494.76,75191.17,38143.19,132419.49,23.66,469093.72,3133463.5,2664369.78
737,2023,Nashik,Tomato,Rabi,Black,Canal,11.45,730.3,26.7,67.2,6.82,54077.37,89272.24,40946.32,116964.13,62137.92,34831.5,102073.9,28.4,398229.48,2899141.53,2500912.05
738,2022,Nashik,Rice,Kharif,Red,Drip,10.57,712.8,21.3,78.6,7.41,35116.93,79741.91,38918.99,96842.45,53509.13,24445.78,28886.74,28.59,328575.19,825910.78,497335.59
739,2021,Satara,Cotton,Kharif,Loamy,Canal,2.08,968.6,26.1,57.8,6.43,9849.02,11801.24,9029.42,19354.66,10257.11,6107.73,1575.06,75.73,66399.18,119284.14,52884.96
740,2023,Pune,Maize,Kharif,Loamy,Drip,3.92,578.2,24.4,65.0,6.36,10722.52,25408.5,8700.23,29244.01,12744.33,7468.75,12570.1,16.53,94288.33,207786.27,113497.93
741,2020,Solapur,Sugarcane,Annual,Black,Rainfed,7.34,539.8,27.7,82.5,6.26,44855.39,70771.92,23155.06,85783.65,50778.18,27508.01,225897.17,3.46,302852.21,782342.28,479490.07
742,2025,Nashik,Rice,Kharif,Loamy,Drip,11.55,581.5,25.0,81.4,6.47,42524.04,87829.03,32051.45,113578.51,51969.79,28113.55,32658.14,37.77,356066.37,1233441.29,877374.92
743,2024,Nashik,Rice,Kharif,Black,Canal,0.66,669.8,22.6,58.6,6.07,2736.59,4769.7,2047.92,6552.0,3150.47,1826.36,2025.87,40.54,21083.03,82123.07,61040.04
744,2021,Aurangabad,Soybean,Kharif,Alluvial,Borewell,4.67,776.4,25.4,73.3,7.38,13866.78,17077.18,8627.51,22885.97,8429.09,6293.14,6136.81,52.25,77179.66,320631.24,243451.58
745,2025,Nashik,Wheat,Rabi,Red,Rainfed,1.34,799.9,26.1,64.0,8.15,4051.38,7801.27,3982.29,12269.96,4010.88,2940.17,3450.28,26.89,35055.95,92778.78,57722.83
746,2025,Solapur,Cotton,Kharif,Alluvial,Borewell,8.31,673.0,25.7,65.3,6.39,46697.52,54024.5,34928.8,96388.77,52841.66,25544.77,6703.99,97.93,310426.02,656507.01,346080.99
747,2025,Nashik,Rice,Kharif,Black,Rainfed,6.15,617.4,24.6,57.1,6.57,23322.53,41317.46,21545.99,59044.54,27720.18,18193.12,17490.63,27.86,191143.83,487305.03,296161.2
748,2021,Ahmednagar,Maize,Kharif,Alluvial,Borewell,11.74,586.1,24.4,66.5,6.68,31107.99,69014.62,25630.35,77964.23,37312.73,22485.63,38597.48,25.09,263515.55,968367.94,704852.39
749,2021,Nashik,Cotton,Kharif,Alluvial,Drip,4.12,838.5,28.9,75.1,6.41,18555.1,24432.83,15575.1,44574.49,16463.45,10739.62,3300.59,81.33,130340.58,268433.88,138093.3
750,2022,Sangli,Rice,Kharif,Loamy,Canal,4.99,688.8,30.0,52.8,7.65,16983.75,34137.45,14101.74,45833.86,20186.47,11682.72,14479.98,36.13,142925.99,523109.69,380183.7
751,2025,Aurangabad,Tomato,Rabi,Loamy,Drip,1.44,676.4,25.6,63.5,6.68,7585.3,12416.17,7105.0,16218.18,8735.57,4968.98,13066.64,27.41,57029.2,358169.43,301140.23
752,2024,Ahmednagar,Rice,Kharif,Black,Drip,7.28,742.4,22.0,59.8,6.97,26764.51,57391.0,23354.39,75221.04,36579.49,17508.64,24336.22,28.9,236819.08,703413.01,466593.93
753,2023,Sangli,Rice,Kharif,Loamy,Borewell,8.37,576.6,24.2,61.4,6.97,30315.68,63974.5,29100.21,76767.86,33842.55,21517.36,22110.21,34.3,255518.16,758433.83,502915.66
754,2025,Sangli,Maize,Kharif,Alluvial,Rainfed,1.71,620.2,24.2,57.8,6.93,5573.77,11823.53,3715.21,14445.4,5581.56,3815.5,4379.92,22.12,44954.97,96897.07,51942.09
755,2022,Aurangabad,Maize,Kharif,Black,Borewell,1.24,741.3,23.8,58.1,7.07,2973.65,7329.8,2556.19,8089.86,3777.76,2684.08,4277.73,21.43,27411.33,91657.8,64246.46
756,2019,Pune,Sugarcane,Annual,Alluvial,Canal,4.38,666.7,25.3,52.3,6.9,28861.47,39245.97,13460.17,52027.4,27214.78,13589.21,158961.67,2.63,174399.0,418078.11,243679.11
757,2024,Satara,Wheat,Rabi,Alluvial,Rainfed,10.99,955.4,27.6,59.3,7.08,40805.31,55218.5,27917.59,92086.45,30364.45,25330.36,25487.52,29.17,271722.66,743480.44,471757.77
758,2022,Satara,Tomato,Rabi,Alluvial,Borewell,3.5,974.0,24.3,69.5,6.92,17757.12,24914.56,14670.82,33066.48,18975.37,10487.96,35549.2,31.67,119872.32,1125715.84,1005843.52
759,2019,Pune,Maize,Kharif,Red,Borewell,5.23,690.5,25.7,74.8,6.92,12516.4,24049.86,9765.89,36335.27,13189.82,8780.03,15647.59,23.68,104637.27,370466.32,265829.05
760,2019,Ahmednagar,Sugarcane,Annual,Loamy,Canal,7.33,700.5,22.4,63.4,7.29,44887.2,59848.65,22138.79,90670.66,51916.61,25381.46,238677.05,3.04,294843.36,725356.55,430513.19
761,2021,Solapur,Soybean,Kharif,Black,Drip,1.89,560.4,26.6,68.6,6.48,6083.32,7197.21,3350.77,7096.9,3210.93,2882.83,2298.68,41.7,29821.96,95856.81,66034.85
762,2025,Sangli,Tomato,Rabi,Red,Rainfed,9.27,507.9,25.4,57.9,6.49,52575.0,85798.45,46344.62,102905.7,49921.7,27899.08,83693.05,32.8,365444.54,2745042.24,2379597.69
763,2025,Aurangabad,Sugarcane,Annual,Loamy,Rainfed,2.95,524.3,24.4,58.4,7.0,23022.0,30768.18,10734.33,47086.2,25461.49,12465.66,91474.97,2.95,149537.87,269628.27,120090.4
764,2021,Aurangabad,Sugarcane,Annual,Black,Borewell,2.04,741.1,30.1,67.4,6.98,12898.6,19053.54,7098.58,27369.67,14588.11,8019.0,80798.43,2.99,89027.51,241883.75,152856.25
765,2022,Nashik,Wheat,Rabi,Loamy,Rainfed,4.2,850.4,24.2,51.4,5.2,12580.22,23780.65,10601.24,32052.26,12350.51,8423.7,10319.54,27.83,99788.57,287243.94,187455.37
766,2025,Nashik,Wheat,Rabi,Alluvial,Drip,7.3,558.1,24.9,66.9,6.04,23619.35,49073.03,18569.92,66297.04,23880.6,16202.95,18878.71,29.25,197642.89,552261.95,354619.05
767,2021,Solapur,Sugarcane,Annual,Black,Drip,1.4,629.0,26.8,55.6,6.21,8980.82,13967.24,5422.62,18249.29,10822.65,5165.15,57986.96,2.83,62607.77,164118.12,101510.34
768,2023,Solapur,Sugarcane,Annual,Loamy,Canal,8.12,630.0,31.6,71.6,7.55,62855.97,77351.08,32613.29,120998.48,63724.86,37066.25,295004.71,3.05,394609.93,899841.71,505231.77
769,2019,Nashik,Sugarcane,Annual,Red,Rainfed,8.84,703.3,22.7,61.5,6.73,51625.19,73741.59,28087.34,87051.61,61286.86,31345.97,276232.97,3.06,333138.57,845851.51,512712.94
770,2025,Solapur,Onion,Rabi,Alluvial,Canal,9.96,482.4,25.3,67.9,6.27,63715.62,84015.84,44608.46,96654.88,48218.53,30187.45,77221.19,31.84,367400.78,2458902.4,2091501.62
771,2020,Pune,Rice,Kharif,Loamy,Drip,6.85,532.3,25.9,39.7,5.47,20947.92,51203.7,18383.9,52319.01,28377.82,16342.21,20493.31,29.39,187574.56,602352.44,414777.88
772,2021,Nashik,Tomato,Rabi,Red,Drip,7.97,733.1,21.9,67.9,6.96,34769.62,61920.68,30687.56,93021.45,42467.21,21707.66,70540.95,25.32,284574.18,1785840.6,1501266.42
773,2020,Sangli,Rice,Kharif,Loamy,Drip,1.24,815.3,27.6,68.3,6.16,4184.15,7708.19,4059.97,10583.5,5220.12,2583.31,3890.05,29.17,34339.24,113461.06,79121.82
774,2025,Nashik,Onion,Rabi,Loamy,Rainfed,2.85,747.9,24.5,51.3,6.46,16169.05,21911.26,11207.8,34294.27,16537.21,9528.09,19705.57,20.77,109647.69,409355.16,299707.47
775,2022,Aurangabad,Rice,Kharif,Red,Borewell,8.19,603.4,30.0,71.0,6.43,29762.69,58334.07,24256.34,68891.31,34172.78,19102.24,19785.49,36.22,234519.43,716643.78,482124.35
776,2023,Pune,Wheat,Rabi,Loamy,Borewell,9.28,626.8,26.6,70.3,7.21,27675.07,60222.47,24170.94,65063.77,27244.56,18583.57,21160.47,35.4,222960.39,748982.69,526022.3
777,2024,Ahmednagar,Maize,Kharif,Red,Rainfed,7.3,622.2,28.5,67.3,7.2,21908.9,44597.94,15454.73,57368.23,21726.22,14349.8,17046.05,24.4,175405.82,415907.28,240501.47
778,2023,Solapur,Tomato,Rabi,Loamy,Borewell,10.59,615.5,25.9,44.2,6.4,51498.61,88653.45,52132.58,119887.07,57713.81,31816.35,106872.03,27.08,401701.88,2894194.08,2492492.2
779,2022,Kolhapur,Soybean,Kharif,Alluvial,Canal,6.94,1480.3,26.1,64.4,7.44,21133.0,30531.08,11812.75,32409.12,12607.06,10336.82,7937.83,44.88,118829.83,356256.77,237426.94
780,2020,Ahmednagar,Sugarcane,Annual,Loamy,Canal,7.27,625.4,25.5,70.0,7.77,46954.03,63326.66,25154.47,92738.73,47988.73,25652.14,248941.99,2.6,301814.75,646945.11,345130.36
781,2020,Satara,Onion,Rabi,Red,Canal,0.83,907.4,23.5,63.4,6.43,4615.91,5521.94,2950.08,6847.85,3764.22,1954.56,5812.41,28.3,25654.57,164470.97,138816.4
782,2024,Ahmednagar,Onion,Rabi,Red,Canal,7.55,640.1,28.1,67.4,6.81,42409.86,63357.39,34198.39,75854.38,37826.81,18574.88,50836.63,21.99,272221.7,1117745.67,845523.97
783,2023,Solapur,Rice,Kharif,Loamy,Borewell,2.55,565.3,27.2,80.0,6.58,8146.38,18615.14,8650.46,20084.61,10579.84,6878.86,7604.0,30.47,72955.29,231697.5,158742.21
784,2025,Sangli,Cotton,Kharif,Black,Rainfed,11.49,681.9,26.8,61.3,7.49,68142.81,77876.88,51437.5,128376.25,61892.79,39289.4,7348.46,81.77,427015.62,600848.81,173833.19
785,2020,Sangli,Wheat,Rabi,Black,Rainfed,3.23,596.4,23.0,47.7,7.13,9170.21,17705.12,7324.61,21796.77,8434.44,5503.31,6584.93,26.75,69934.46,176122.01,106187.55
786,2025,Kolhapur,Soybean,Kharif,Red,Canal,6.84,1485.7,22.9,54.3,6.54,23629.05,28660.09,12601.84,40395.16,13236.4,12843.94,7132.11,54.29,131366.49,387201.79,255835.3
787,2025,Ahmednagar,Cotton,Kharif,Black,Canal,2.71,686.2,24.1,49.2,8.05,13445.96,19504.58,11963.46,27155.48,14563.11,9652.65,2074.31,75.06,96285.24,155690.34,59405.1
788,2021,Pune,Soybean,Kharif,Loamy,Rainfed,6.57,599.3,23.8,66.5,7.43,19848.58,26291.63,12074.81,24692.04,12662.24,12047.6,5843.09,45.53,107616.91,266037.15,158420.24
789,2020,Sangli,Soybean,Kharif,Alluvial,Rainfed,4.41,655.9,24.5,73.2,7.28,13584.56,18912.8,7173.53,20696.89,9079.05,7273.81,4748.63,39.41,76720.64,187164.19,110443.55
790,2022,Sangli,Tomato,Rabi,Alluvial,Rainfed,9.74,550.8,32.8,50.5,6.05,52327.64,70773.15,38951.29,114072.67,51883.78,27973.35,77767.03,27.91,355981.89,2170620.95,1814639.06
791,2020,Kolhapur,Wheat,Rabi,Loamy,Drip,0.95,1610.0,28.8,66.9,7.06,2731.25,4279.44,2183.38,6157.27,2410.39,1943.15,2674.18,26.67,19704.88,71309.27,51604.4
792,2025,Satara,Onion,Rabi,Red,Canal,2.95,1003.6,23.8,44.8,6.12,15652.4,26376.41,12878.99,35198.37,16591.43,7821.64,23660.62,27.24,114519.23,644596.58,530077.35
793,2024,Ahmednagar,Sugarcane,Annual,Black,Drip,8.07,660.6,28.5,53.0,6.11,64566.16,85701.64,26735.44,121864.69,62962.38,34289.34,301227.28,2.99,396119.66,901991.83,505872.17
794,2022,Nashik,Maize,Kharif,Black,Borewell,10.27,524.4,25.7,77.2,6.31,28841.03,64899.1,21226.22,62483.52,31837.67,21082.71,30100.44,22.02,230370.25,662737.45,432367.2
795,2020,Kolhapur,Cotton,Kharif,Red,Canal,9.87,1415.0,25.3,54.7,7.05,43386.04,56836.1,37878.09,92721.38,42638.48,25094.37,6272.14,68.71,298554.46,430953.4,132398.94
796,2022,Solapur,Wheat,Rabi,Red,Rainfed,1.77,625.0,26.7,68.9,6.94,5184.18,10338.15,4598.34,12674.76,4670.89,4185.65,3779.65,31.42,41651.98,118759.03,77107.05
797,2023,Solapur,Maize,Kharif,Black,Canal,9.0,670.2,27.8,41.0,7.36,26028.17,55108.61,23303.62,60935.57,26462.45,16824.83,29715.51,19.41,208663.25,576880.95,368217.7
798,2019,Solapur,Sugarcane,Annual,Alluvial,Drip,4.64,463.2,26.7,62.9,6.54,31485.86,42439.55,15377.49,64176.73,27801.82,18692.4,145338.84,2.59,199973.85,376222.02,176248.17
799,2025,Nashik,Maize,Kharif,Red,Borewell,2.54,727.9,24.1,69.1,6.72,7784.89,14331.47,6429.45,20699.15,7946.51,5091.43,7435.22,21.74,62282.9,161675.65,99392.74
800,2021,Nashik,Tomato,Rabi,Red,Drip,11.7,824.5,20.7,72.2,7.94,55487.91,93015.47,44898.99,122920.21,53637.35,33525.55,116605.96,26.99,403485.47,3147373.09,2743887.62
801,2021,Solapur,Onion,Rabi,Alluvial,Drip,9.9,668.8,27.9,61.7,6.74,49797.38,65227.57,37719.99,82482.38,46989.19,24711.17,83208.15,22.01,306927.68,1831213.23,1524285.55
802,2019,Pune,Sugarcane,Annual,Alluvial,Borewell,1.72,670.4,21.0,56.1,6.12,10233.12,15528.58,6119.78,21929.88,10987.36,6087.96,65498.89,2.37,70886.68,155441.03,84554.35
803,2019,Satara,Soybean,Kharif,Alluvial,Borewell,1.55,1148.0,20.9,43.5,6.86,4353.72,5812.72,2396.53,6161.2,2661.13,2652.0,2111.17,45.65,24037.29,96377.8,72340.51
804,2021,Sangli,Rice,Kharif,Alluvial,Rainfed,2.83,508.3,28.1,49.7,7.76,9129.91,19567.75,8246.52,23400.67,12261.4,7307.86,6473.72,34.41,79914.11,222762.75,142848.63
805,2022,Aurangabad,Onion,Rabi,Black,Canal,3.52,543.2,24.6,63.1,6.02,22707.89,25433.41,12496.8,33607.14,17176.75,10197.13,28614.86,19.87,121619.13,568694.55,447075.42
806,2023,Solapur,Soybean,Kharif,Black,Rainfed,8.47,300.0,29.4,71.8,6.48,26541.87,34796.16,19027.74,42042.53,14449.36,14915.98,8141.53,46.67,151773.64,379951.39,228177.75
807,2024,Pune,Maize,Kharif,Black,Drip,6.3,671.6,26.2,56.3,6.58,20733.56,32749.39,14796.86,57110.86,20834.16,13139.16,22897.08,27.04,159363.99,619182.93,459818.95
808,2025,Sangli,Soybean,Kharif,Black,Drip,11.04,736.2,27.8,62.1,6.69,40452.28,50332.83,22878.15,65626.08,21451.41,20320.35,13524.36,56.06,221061.09,758130.81,537069.71
809,2024,Nashik,Tomato,Rabi,Red,Rainfed,5.41,674.3,25.8,57.7,5.83,28379.16,48984.66,23368.16,68272.06,33500.48,15608.85,42286.57,31.74,218113.37,1342123.56,1124010.19
810,2019,Solapur,Sugarcane,Annual,Black,Rainfed,2.45,501.5,32.3,58.1,7.71,14288.03,19824.1,7309.58,28769.9,15022.02,8012.93,67971.27,3.41,93226.57,231495.19,138268.62
811,2025,Ahmednagar,Wheat,Rabi,Alluvial,Rainfed,8.18,677.7,28.3,60.4,6.82,26180.96,59948.82,24223.44,69786.91,21067.13,17627.67,17833.4,36.9,218834.92,658135.74,439300.82
812,2022,Kolhapur,Soybean,Kharif,Loamy,Borewell,10.32,1302.9,26.2,67.1,6.74,34690.41,39257.91,18679.81,46304.76,20047.8,16040.67,11480.83,41.91,175021.36,481141.23,306119.87
813,2021,Sangli,Tomato,Rabi,Black,Borewell,11.67,525.4,29.6,62.3,6.16,48714.38,88813.0,49849.68,127240.06,70105.4,27944.14,111690.98,25.77,412666.66,2878100.73,2465434.08
814,2024,Pune,Rice,Kharif,Black,Rainfed,5.79,774.1,22.7,53.3,6.7,19475.46,44484.47,21394.68,48393.8,29696.17,13656.45,15320.14,42.85,177101.04,656444.7,479343.66
815,2023,Solapur,Rice,Kharif,Black,Canal,8.08,558.9,25.7,52.8,5.98,25222.48,58108.58,28955.4,75123.11,37484.12,19473.18,24418.82,26.04,244366.87,635790.19,391423.33
816,2021,Nashik,Cotton,Kharif,Loamy,Borewell,4.6,810.7,21.7,45.6,7.82,21291.44,28214.19,13603.1,44160.96,21814.24,13405.91,3145.7,78.45,142489.85,246766.39,104276.54
817,2022,Pune,Tomato,Rabi,Red,Drip,0.73,605.7,23.3,48.2,5.94,3263.66,5203.36,3076.82,8094.68,4016.62,2356.73,5925.0,25.74,26011.86,152481.22,126469.35
818,2025,Sangli,Maize,Kharif,Alluvial,Drip,3.34,624.1,26.7,82.7,5.84,10581.27,20497.08,9109.93,21687.93,10568.33,6513.9,11921.08,24.92,78958.44,297037.05,218078.61
819,2019,Solapur,Cotton,Kharif,Red,Rainfed,7.71,434.8,25.6,63.7,5.93,32332.03,39518.2,30068.27,59827.85,31816.82,22086.75,4224.49,55.13,215649.92,232907.96,17258.04
820,2023,Pune,Wheat,Rabi,Loamy,Rainfed,10.65,763.9,24.3,59.5,6.48,34311.83,66885.74,28753.55,84950.04,32294.84,23142.05,24830.9,30.04,270338.04,745891.91,475553.87
821,2024,Satara,Cotton,Kharif,Alluvial,Drip,4.48,848.5,25.7,55.5,6.51,23517.85,25540.76,19911.81,48987.07,23576.5,14842.39,3292.64,79.47,156376.37,261667.19,105290.82
822,2020,Ahmednagar,Tomato,Rabi,Red,Drip,5.51,762.1,23.6,63.6,6.88,23802.39,42666.06,17594.94,52857.64,28032.13,15518.27,57987.81,29.04,180471.43,1684181.16,1503709.73
823,2019,Satara,Cotton,Kharif,Red,Rainfed,10.77,897.6,21.6,57.6,6.03,48546.3,64180.34,45191.84,93359.82,47392.83,25355.58,6541.21,64.89,324026.7,424473.81,100447.1
824,2021,Nashik,Sugarcane,Annual,Black,Canal,7.35,602.8,21.6,57.9,6.68,47881.62,73194.86,25209.78,90079.6,53017.48,32444.93,268241.5,3.26,321828.27,873378.52,551550.25
825,2024,Satara,Rice,Kharif,Loamy,Canal,3.23,1053.4,23.6,57.3,6.25,11548.14,25653.74,10910.88,29097.24,14115.77,8029.15,11074.03,36.83,99354.9,407878.28,308523.37
826,2024,Ahmednagar,Onion,Rabi,Red,Rainfed,8.05,764.5,25.5,70.5,5.67,49283.55,67920.62,34923.86,84261.75,42242.65,26190.88,58762.09,25.0,304823.32,1469224.66,1164401.35
827,2020,Nashik,Cotton,Kharif,Alluvial,Borewell,3.46,623.5,20.9,57.2,6.48,16207.47,20518.25,12865.67,33541.93,13053.92,8150.49,2463.37,55.09,104337.73,135704.19,31366.46
828,2023,Solapur,Sugarcane,Annual,Alluvial,Drip,3.98,379.8,26.5,72.9,6.4,30640.64,42905.31,14921.99,59443.87,27896.54,18249.43,138536.21,4.2,194057.77,581326.82,387269.05
829,2022,Solapur,Onion,Rabi,Red,Rainfed,10.38,528.6,25.5,74.2,6.8,56820.43,69926.57,37633.13,97714.21,53829.21,27715.66,69548.95,24.08,343639.21,1674593.12,1330953.9
830,2025,Satara,Onion,Rabi,Red,Borewell,4.6,1059.2,28.2,49.1,5.55,26548.82,38095.84,20433.68,55592.57,26712.56,14379.32,34724.83,19.16,181762.78,665483.97,483721.2
831,2020,Solapur,Cotton,Kharif,Alluvial,Borewell,11.64,460.1,27.9,59.2,6.47,54152.7,64456.54,39979.24,116287.33,50498.08,31328.8,7746.01,77.58,356702.69,600970.41,244267.73
832,2021,Aurangabad,Sugarcane,Annual,Alluvial,Borewell,5.23,507.3,26.7,57.3,6.38,28489.17,53572.01,16782.47,66151.36,32741.72,21503.84,172713.31,3.18,219240.57,548913.09,329672.52
833,2024,Ahmednagar,Rice,Kharif,Black,Canal,4.25,606.4,22.8,57.7,6.88,15573.79,32235.46,13966.08,41597.63,19028.02,10532.44,12222.53,43.34,132933.42,529712.89,396779.47
834,2021,Satara,Maize,Kharif,Black,Rainfed,5.19,866.1,24.0,60.7,6.63,12841.2,30135.09,11121.21,33074.12,16592.21,10814.52,14670.78,24.05,114578.35,352852.53,238274.18
835,2025,Pune,Wheat,Rabi,Loamy,Drip,6.4,960.0,24.3,80.1,7.18,22108.91,43169.29,21042.19,50597.8,22475.86,17042.3,21198.43,35.43,176436.34,751136.87,574700.53
836,2023,Kolhapur,Wheat,Rabi,Loamy,Drip,11.68,1312.9,21.7,55.3,7.18,37804.91,76973.37,30125.25,77100.36,31873.15,24294.76,31834.97,26.85,278171.79,854625.5,576453.71
837,2020,Sangli,Onion,Rabi,Alluvial,Drip,11.68,394.4,28.9,60.9,7.29,60432.76,80433.5,40925.87,115999.69,55200.5,31217.45,85487.81,19.06,384209.77,1629376.96,1245167.19
838,2022,Nashik,Sugarcane,Annual,Alluvial,Rainfed,11.81,792.4,22.7,56.8,6.69,85640.13,108248.85,43670.49,159563.16,88626.37,45189.72,390550.24,3.06,530938.7,1194669.45,663730.75
839,2025,Ahmednagar,Soybean,Kharif,Red,Borewell,11.38,720.0,26.8,35.0,6.65,38131.16,50607.23,27185.57,64178.82,23587.46,21354.05,13687.52,47.99,225044.29,656797.33,431753.04
840,2023,Ahmednagar,Maize,Kharif,Red,Borewell,2.93,767.9,25.6,57.0,6.55,8180.68,16452.91,6209.08,19833.1,8561.71,5275.88,10514.84,19.25,64513.36,202456.95,137943.59
841,2020,Pune,Onion,Rabi,Loamy,Drip,11.5,795.4,26.8,58.8,6.91,62371.96,79390.06,37678.55,96366.49,55241.09,32837.08,92614.8,25.47,363885.22,2359032.39,1995147.16
842,2021,Kolhapur,Rice,Kharif,Red,Rainfed,2.95,1427.5,24.2,54.7,6.24,8885.14,21324.47,8618.89,23827.56,10911.99,7067.1,7231.53,29.87,80635.14,215993.86,135358.72
843,2022,Solapur,Soybean,Kharif,Loamy,Borewell,1.14,464.2,27.0,75.1,7.01,3336.04,4843.0,2316.55,5683.18,2237.34,1919.08,1336.73,49.88,20335.19,66680.83,46345.63
844,2024,Pune,Wheat,Rabi,Alluvial,Rainfed,7.04,793.4,27.0,50.0,6.17,21441.93,43332.62,19341.03,59938.1,22488.05,14482.74,15789.15,26.17,181024.48,413226.34,232201.86
845,2023,Kolhapur,Cotton,Kharif,Red,Borewell,7.73,1503.0,25.7,69.5,6.8,38018.74,50106.94,29435.29,75959.02,35170.05,24130.0,6091.97,71.22,252820.04,433859.73,181039.69
846,2023,Solapur,Tomato,Rabi,Black,Canal,0.61,458.1,25.9,48.4,7.03,2713.85,4608.61,2661.06,6541.04,3194.44,1860.31,5873.14,27.84,21579.31,163510.43,141931.12
847,2023,Satara,Tomato,Rabi,Loamy,Canal,7.39,923.4,20.8,40.6,6.26,34871.72,60940.11,31660.13,81920.26,45132.5,21591.43,71643.09,27.97,276116.15,2003769.97,1727653.83
848,2025,Aurangabad,Onion,Rabi,Loamy,Rainfed,6.39,595.2,25.0,52.6,6.57,45082.39,48444.14,27000.5,70347.77,33391.9,21403.01,41546.98,24.46,245669.7,1016405.85,770736.15
849,2020,Aurangabad,Maize,Kharif,Red,Rainfed,1.33,687.5,28.1,47.0,6.22,3116.03,7115.98,2765.22,9049.66,3788.54,2492.44,3113.92,17.06,28327.86,53136.22,24808.36
850,2020,Satara,Cotton,Kharif,Red,Drip,5.79,853.8,26.1,69.6,6.89,25181.47,28775.17,21557.13,55978.01,25683.71,11989.48,3779.97,57.15,169164.97,216010.19,46845.23
851,2024,Nashik,Onion,Rabi,Red,Borewell,8.03,659.6,23.1,64.1,7.05,51414.87,61712.77,34573.52,84224.72,46904.48,26170.41,62927.34,30.54,305000.77,1921819.48,1616818.71
852,2022,Nashik,Onion,Rabi,Loamy,Borewell,1.91,772.8,22.8,71.8,6.93,11034.14,13690.53,7461.34,19818.63,9907.63,6141.63,12946.92,23.44,68053.9,303507.41,235453.5
853,2024,Ahmednagar,Soybean,Kharif,Loamy,Rainfed,9.75,641.6,25.3,50.6,6.58,31186.33,37725.02,22137.99,51567.0,20645.45,18711.98,10649.26,42.13,181973.78,448685.15,266711.37
854,2020,Pune,Soybean,Kharif,Red,Drip,9.28,839.3,24.6,57.8,6.26,27025.24,35416.44,16315.39,41253.9,15461.56,15642.17,11450.5,44.13,151114.7,505364.29,354249.58
855,2019,Ahmednagar,Wheat,Rabi,Red,Canal,11.97,559.7,25.5,77.3,6.02,29515.92,65301.39,26597.94,68825.46,28956.81,24220.18,26123.02,26.79,243417.69,699848.99,456431.3
856,2023,Sangli,Maize,Kharif,Black,Canal,10.8,553.6,28.1,47.0,7.29,28778.09,63212.3,25052.31,77466.74,31165.79,20787.65,30639.98,19.23,246462.88,589160.43,342697.55
857,2022,Satara,Rice,Kharif,Loamy,Borewell,10.41,1018.8,23.7,39.3,6.67,35665.1,74553.47,31272.89,99045.59,44660.69,25578.57,31559.76,35.1,310776.3,1107660.44,796884.14
858,2025,Satara,Maize,Kharif,Loamy,Drip,7.36,972.6,24.0,69.4,6.25,21523.29,44864.92,18918.07,50783.56,23092.22,13616.01,22832.18,26.75,172798.08,610678.18,437880.1
859,2020,Kolhapur,Maize,Kharif,Alluvial,Borewell,8.06,1430.4,23.2,62.3,6.72,18363.3,39862.15,17245.67,53198.66,17520.12,14750.7,26389.19,18.09,160940.6,477506.83,316566.23
860,2022,Satara,Rice,Kharif,Loamy,Drip,1.35,869.2,21.9,51.4,7.64,5074.04,9859.02,4142.72,12708.49,5807.15,3430.51,4095.08,31.82,41021.91,130313.09,89291.18
861,2020,Pune,Rice,Kharif,Loamy,Drip,9.36,721.8,26.1,76.6,6.6,28263.29,61609.35,24222.13,70399.29,34022.51,23620.15,30313.69,37.27,242136.72,1129843.69,887706.97
862,2022,Ahmednagar,Rice,Kharif,Black,Rainfed,1.89,684.6,21.3,66.7,6.37,5918.23,12507.08,6470.66,16130.92,7901.95,4675.35,4915.76,34.04,53604.18,167308.48,113704.3
863,2024,Aurangabad,Rice,Kharif,Red,Rainfed,5.33,733.6,29.4,64.8,7.07,20780.52,43322.14,17263.67,51106.04,21305.0,15196.23,11820.31,31.1,168973.61,367607.76,198634.15
864,2021,Sangli,Tomato,Rabi,Black,Borewell,1.77,659.9,29.3,63.6,5.89,7528.39,12625.22,6843.85,16619.5,10134.55,4484.35,16655.12,29.79,58235.87,496090.83,437854.96
865,2025,Aurangabad,Soybean,Kharif,Loamy,Canal,8.25,781.1,28.2,64.9,6.23,25901.44,42609.66,17388.75,41071.74,16182.81,15927.3,8940.34,46.91,159081.71,419406.7,260324.99
866,2020,Sangli,Rice,Kharif,Alluvial,Borewell,7.03,765.8,25.1,44.5,8.12,22288.25,41496.65,22154.85,54621.65,27663.81,17318.47,26540.81,31.72,185543.68,841912.95,656369.26
867,2021,Nashik,Soybean,Kharif,Loamy,Canal,5.21,747.0,22.7,71.2,6.88,15409.65,20434.68,9056.28,20628.32,9438.04,8435.11,6387.17,45.65,83402.07,291577.3,208175.22
868,2024,Pune,Soybean,Kharif,Black,Rainfed,4.55,830.4,26.1,69.4,5.66,15344.21,19671.41,9008.41,23303.52,10119.43,7081.21,5120.32,59.46,84528.19,304452.55,219924.36
869,2024,Sangli,Wheat,Rabi,Red,Canal,5.78,491.8,30.7,61.8,6.27,19429.92,33672.11,18690.28,47040.66,17540.18,13251.87,13178.98,31.29,149625.02,412402.0,262776.97
870,2019,Solapur,Tomato,Rabi,Red,Borewell,7.89,681.5,26.7,67.8,6.47,32602.17,53365.53,24628.36,80113.9,28873.34,24969.34,72948.18,28.75,244552.63,2096940.95,1852388.31
871,2025,Kolhapur,Cotton,Kharif,Loamy,Canal,6.45,1346.1,26.3,62.7,5.64,33391.11,50796.58,27764.22,71058.3,38623.83,21186.38,4589.43,89.1,242820.41,408922.1,166101.69
872,2025,Sangli,Cotton,Kharif,Red,Borewell,10.01,643.6,26.8,73.1,6.55,53061.49,66908.11,46912.72,111625.63,56043.79,25835.82,7604.35,77.45,360387.55,588975.05,228587.5
873,2021,Ahmednagar,Sugarcane,Annual,Loamy,Canal,2.48,485.1,24.0,57.0,6.38,16706.57,24480.53,8763.69,36112.36,19005.95,9013.48,96098.46,3.92,114082.59,376286.68,262204.09
874,2025,Solapur,Cotton,Kharif,Loamy,Drip,8.43,481.0,28.6,68.4,7.17,44996.3,61742.65,34532.43,112814.79,43754.98,27149.5,6716.67,73.91,324990.66,496436.14,171445.48
875,2022,Satara,Rice,Kharif,Red,Rainfed,2.85,846.0,22.5,76.8,6.03,9511.68,19137.66,9335.41,24363.57,12097.84,7241.63,7168.91,32.15,81687.79,230514.57,148826.78
876,2025,Sangli,Soybean,Kharif,Alluvial,Rainfed,10.7,425.1,24.5,54.8,6.42,37028.77,49671.41,23166.53,55053.72,19080.66,18764.45,10330.97,45.92,202765.54,474389.99,271624.45
877,2024,Sangli,Maize,Kharif,Black,Rainfed,2.15,478.6,26.4,53.8,6.5,6196.77,12505.94,4899.05,16182.76,6823.24,4761.56,4985.7,22.02,51369.32,109768.23,58398.91
878,2023,Aurangabad,Maize,Kharif,Loamy,Rainfed,10.2,779.7,26.8,61.4,6.22,30083.51,60781.09,25802.33,74871.45,33580.8,20679.83,29791.25,24.53,245799.02,730800.45,485001.43
879,2020,Kolhapur,Rice,Kharif,Alluvial,Rainfed,3.93,1479.4,24.4,65.5,6.95,13367.4,25591.05,13628.58,32747.46,15667.7,8536.31,9518.97,29.96,109538.49,285207.05,175668.56
880,2022,Sangli,Wheat,Rabi,Alluvial,Rainfed,9.58,567.2,27.1,63.0,6.43,30550.8,62020.87,24403.58,63092.81,27220.14,22005.57,21140.29,32.99,229293.76,697333.6,468039.83
881,2022,Aurangabad,Maize,Kharif,Black,Drip,8.94,717.7,26.2,79.9,6.97,23167.01,53424.8,20800.21,61156.66,25204.72,19085.18,29686.85,19.46,202838.57,577765.29,374926.71
882,2019,Satara,Cotton,Kharif,Red,Drip,5.58,788.1,26.5,55.1,5.62,23077.98,28820.88,16903.02,50186.41,25265.58,15186.92,3744.11,67.09,159440.79,251196.13,91755.35
883,2020,Solapur,Wheat,Rabi,Black,Drip,10.7,548.6,24.4,61.3,6.88,28202.03,59474.76,23566.45,68411.07,28514.72,18062.32,27229.49,22.84,226231.35,621866.14,395634.79
884,2025,Kolhapur,Rice,Kharif,Loamy,Canal,10.92,1298.1,25.8,66.7,5.27,39880.11,86696.42,36335.86,103695.68,51812.31,30122.02,27868.92,31.2,348542.4,869406.65,520864.25
885,2023,Sangli,Tomato,Rabi,Red,Rainfed,0.96,570.1,28.0,69.4,6.47,4960.9,7802.66,3958.43,11945.85,5083.49,2475.7,7064.19,24.2,36227.05,170934.04,134706.99
886,2023,Nashik,Rice,Kharif,Alluvial,Canal,5.69,734.2,24.5,62.3,6.31,19524.71,40747.0,20065.56,51098.62,26758.94,14497.24,17258.25,31.34,172692.08,540901.85,368209.77
887,2020,Kolhapur,Onion,Rabi,Red,Borewell,5.03,1447.8,22.4,67.4,6.68,25761.0,34118.38,15306.59,40732.59,20476.95,14273.61,40427.29,21.44,150669.12,866675.49,716006.37
888,2021,Pune,Tomato,Rabi,Red,Borewell,5.7,760.8,25.0,61.8,6.27,26763.73,38151.35,23427.98,57189.02,31129.67,17395.82,53454.87,19.84,194057.58,1060349.52,866291.95
889,2023,Nashik,Rice,Kharif,Alluvial,Canal,2.61,620.1,20.7,65.3,5.4,10340.59,17340.53,9349.5,23743.59,11235.07,6529.81,7841.44,35.59,78539.1,279082.46,200543.36
890,2023,Kolhapur,Rice,Kharif,Alluvial,Borewell,5.18,1811.7,24.7,59.1,6.77,18472.23,41310.87,16944.19,41578.83,22926.76,12947.68,18064.69,38.87,154180.56,702201.57,548021.01
891,2025,Aurangabad,Tomato,Rabi,Red,Canal,2.61,685.6,27.4,58.3,7.26,13979.82,22385.94,10486.15,31369.46,14852.97,9592.96,21934.53,26.46,102667.31,580373.0,477705.69
892,2023,Aurangabad,Sugarcane,Annual,Black,Borewell,4.58,590.5,26.4,64.0,7.48,33391.67,44408.42,16375.65,63602.11,33908.84,19753.17,186566.78,3.46,211439.86,645375.54,433935.68
893,2019,Kolhapur,Rice,Kharif,Loamy,Drip,9.46,1476.9,29.6,54.8,7.62,29928.61,60052.99,30468.14,69133.24,37377.93,22985.56,28494.38,27.45,249946.46,782158.68,532212.22
894,2022,Solapur,Soybean,Kharif,Alluvial,Rainfed,6.17,525.9,28.6,69.6,6.53,16186.23,23052.78,11032.97,28137.98,12225.27,10748.16,6898.1,48.36,101383.39,333564.8,232181.41
895,2021,Satara,Cotton,Kharif,Black,Borewell,2.69,1023.3,27.2,56.7,6.21,11757.0,17002.83,12054.66,27977.95,13086.49,8402.92,2347.8,74.99,90281.85,176061.4,85779.55
896,2023,Nashik,Onion,Rabi,Red,Borewell,4.34,720.3,25.8,63.7,7.48,23326.07,36671.0,15618.9,47893.87,22879.03,14007.52,33433.23,28.23,160396.39,943786.28,783389.89
897,2020,Solapur,Onion,Rabi,Alluvial,Drip,3.0,489.5,29.2,51.9,6.77,15793.32,23262.43,10942.45,26577.94,11328.71,7501.62,21107.61,24.21,95406.47,510949.33,415542.86
898,2024,Aurangabad,Soybean,Kharif,Red,Drip,0.92,742.7,24.6,70.9,6.55,3159.71,3889.31,1966.28,4637.77,1987.71,1854.95,1080.12,43.78,17495.74,47291.27,29795.54
899,2020,Kolhapur,Soybean,Kharif,Red,Drip,11.47,1570.6,24.1,66.7,6.38,34679.09,40894.71,19723.61,46391.81,19572.61,18013.9,13067.34,42.07,179275.73,549700.72,370424.99
900,2020,Solapur,Soybean,Kharif,Black,Rainfed,7.1,561.4,28.7,47.3,8.2,20624.4,23240.14,13103.84,29080.12,12715.73,10644.66,7134.64,37.58,109408.88,268100.91,158692.02
901,2023,Aurangabad,Rice,Kharif,Black,Rainfed,7.56,651.0,24.5,64.8,6.59,28546.69,58284.75,25050.79,69365.51,39214.43,20888.46,20192.92,31.55,241350.63,637053.52,395702.89
902,2023,Solapur,Sugarcane,Annual,Alluvial,Borewell,7.33,525.4,29.7,60.5,6.12,47754.27,69718.06,26289.69,124620.33,64347.79,33890.94,307852.19,3.14,366621.08,966350.22,599729.14
903,2020,Aurangabad,Cotton,Kharif,Alluvial,Borewell,6.44,844.8,27.5,62.5,6.46,27994.06,36131.42,19601.13,60165.52,30744.97,19260.27,5386.22,68.87,193897.35,370968.85,177071.5
904,2019,Ahmednagar,Soybean,Kharif,Loamy,Borewell,8.99,736.2,24.9,63.9,7.29,24718.09,32968.83,17335.29,32088.32,14439.36,15066.34,12908.6,48.59,136616.24,627272.62,490656.38
905,2022,Solapur,Wheat,Rabi,Red,Borewell,2.92,504.1,28.6,58.6,5.95,8867.22,17847.46,7857.17,22107.35,5563.12,6205.82,6002.97,22.69,68448.15,136236.63,67788.48
906,2021,Aurangabad,Rice,Kharif,Black,Rainfed,5.6,453.2,24.4,62.2,6.48,17259.51,35220.42,16699.17,52928.75,23339.82,14699.59,12306.26,33.26,160147.26,409260.6,249113.34
907,2023,Sangli,Soybean,Kharif,Black,Canal,5.7,771.3,27.2,77.6,6.33,17076.4,23081.91,11922.95,26249.84,10816.02,9080.52,6362.47,43.15,98227.63,274528.29,176300.66
908,2020,Kolhapur,Onion,Rabi,Alluvial,Drip,7.16,1516.4,26.3,47.0,7.63,39093.82,46051.5,25920.65,69329.67,33404.29,21701.26,62773.14,22.93,235501.18,1439426.21,1203925.03
909,2023,Aurangabad,Cotton,Kharif,Alluvial,Canal,7.26,626.1,27.6,52.9,6.82,37937.38,48320.22,29340.82,70964.99,35330.68,19939.04,5538.28,70.51,241833.13,390490.01,148656.88
910,2022,Aurangabad,Maize,Kharif,Red,Borewell,5.28,837.7,24.6,66.8,7.51,14841.84,27803.42,13614.19,38650.34,15341.2,9557.88,16431.58,21.67,119808.85,356137.56,236328.7
911,2025,Solapur,Onion,Rabi,Loamy,Canal,11.39,585.8,28.1,53.9,6.66,69047.17,86984.92,46869.84,129459.24,60381.31,35560.94,87716.41,30.34,428303.41,2661722.59,2233419.18
912,2023,Ahmednagar,Sugarcane,Annual,Red,Drip,6.33,643.0,21.7,67.8,7.58,45582.89,60826.19,26264.43,90314.21,55264.08,27008.24,212986.37,3.38,305260.04,720614.0,415353.96
913,2025,Kolhapur,Rice,Kharif,Red,Borewell,11.09,1560.6,31.1,63.6,6.64,41947.23,80988.97,38846.18,130094.01,54032.41,29612.96,28085.96,33.46,375521.76,939816.47,564294.7
914,2020,Satara,Tomato,Rabi,Red,Borewell,11.35,993.7,24.9,73.7,6.3,49605.84,78691.21,39821.51,111957.35,53017.99,26308.46,100548.3,23.28,359402.35,2341104.43,1981702.08
915,2022,Ahmednagar,Wheat,Rabi,Loamy,Drip,7.07,654.7,24.0,70.5,5.67,21278.67,42786.01,19241.08,52452.21,15487.31,14962.96,20249.71,29.16,166208.25,590554.67,424346.42
916,2021,Aurangabad,Onion,Rabi,Alluvial,Rainfed,1.69,825.5,24.9,45.2,6.24,8386.48,11973.25,6095.53,15015.28,7995.33,4631.87,14318.7,21.69,54097.75,310571.13,256473.38
917,2024,Nashik,Tomato,Rabi,Red,Rainfed,6.76,761.5,22.0,54.1,7.23,33440.47,61925.64,29264.12,83164.89,42487.29,18978.33,60981.13,28.9,269260.74,1762486.16,1493225.42
918,2022,Kolhapur,Soybean,Kharif,Black,Borewell,5.08,1529.5,27.5,51.9,7.19,16142.06,19568.34,9898.32,23700.99,9318.25,8948.42,7228.02,36.41,87576.39,263169.85,175593.46
919,2021,Kolhapur,Onion,Rabi,Alluvial,Canal,6.3,1571.0,24.8,62.4,7.42,35595.25,41144.03,24337.87,56996.86,31397.64,16674.62,49880.87,25.53,206146.27,1273229.49,1067083.22
920,2022,Pune,Onion,Rabi,Black,Canal,8.03,468.8,24.6,66.2,6.79,46766.12,56903.11,24481.15,75998.67,44386.02,22070.5,62339.84,24.09,270605.56,1501664.38,1231058.81
921,2025,Ahmednagar,Soybean,Kharif,Alluvial,Canal,2.32,759.3,26.8,52.2,6.85,7872.03,11420.54,5003.74,12600.39,5027.0,4394.34,2561.02,55.8,46318.05,142900.18,96582.13
922,2025,Aurangabad,Onion,Rabi,Loamy,Rainfed,9.05,724.9,24.3,58.8,5.78,56414.78,76272.43,36036.38,98346.14,50341.34,27971.73,62839.0,26.07,345382.8,1638183.5,1292800.71
923,2022,Kolhapur,Tomato,Rabi,Red,Drip,11.22,1384.4,25.1,56.6,6.57,50218.31,72580.14,43648.99,117803.6,57506.9,33822.25,118152.4,22.53,375580.18,2661392.79,2285812.61
924,2024,Sangli,Onion,Rabi,Loamy,Rainfed,4.44,689.6,24.5,41.6,6.11,31405.26,36697.92,15353.19,43680.8,24371.31,13873.46,31154.72,20.89,165381.93,650911.88,485529.94
925,2021,Ahmednagar,Rice,Kharif,Red,Canal,10.46,800.5,21.6,65.8,6.36,34719.02,73210.61,34420.58,95017.85,50090.04,25114.77,31013.89,29.0,312572.88,899409.99,586837.11
926,2024,Kolhapur,Onion,Rabi,Alluvial,Borewell,7.51,1382.8,23.3,57.6,8.01,48501.64,58224.78,30993.52,83150.9,39504.78,21819.76,56754.67,30.63,282195.39,1738648.62,1456453.23
927,2025,Aurangabad,Cotton,Kharif,Alluvial,Borewell,8.54,717.7,24.7,62.2,5.81,47747.24,54429.44,39827.43,92332.17,38535.34,22472.25,6095.37,92.13,295343.88,561538.45,266194.57
928,2020,Ahmednagar,Tomato,Rabi,Black,Drip,6.17,518.6,24.0,74.5,6.94,28812.12,43898.75,23281.3,55359.33,27903.85,15657.34,58706.31,24.85,194912.68,1458804.08,1263891.4
929,2024,Kolhapur,Soybean,Kharif,Black,Drip,1.85,1507.4,23.8,59.4,6.7,7031.97,7305.67,3870.1,10042.17,3865.33,3347.44,2280.81,45.93,35462.68,104763.97,69301.3
930,2019,Sangli,Maize,Kharif,Black,Rainfed,3.29,547.0,24.2,63.8,5.85,8955.79,14919.24,6108.72,15754.96,8348.06,5880.58,9257.99,22.26,59967.35,206050.03,146082.68
931,2019,Pune,Sugarcane,Annual,Loamy,Rainfed,2.04,845.7,25.2,62.4,6.28,12741.38,17066.36,6345.47,26490.94,12981.73,7727.99,77520.46,2.78,83353.87,215393.56,132039.69
932,2023,Kolhapur,Rice,Kharif,Red,Rainfed,10.77,1499.6,22.6,61.3,7.2,35961.06,85273.04,30235.14,92815.01,48131.73,27994.5,25959.03,33.57,320410.49,871435.09,551024.61
933,2020,Kolhapur,Tomato,Rabi,Red,Canal,5.95,1506.6,24.0,69.3,6.31,26238.44,44352.67,24673.17,61420.64,27985.88,17959.01,51002.27,28.43,202629.81,1450214.62,1247584.81
934,2020,Ahmednagar,Sugarcane,Annual,Red,Rainfed,10.07,486.0,29.9,49.4,7.27,60647.22,88668.49,33461.93,139467.09,64497.21,36059.21,289018.41,2.12,422801.15,611789.92,188988.78
935,2025,Solapur,Wheat,Rabi,Alluvial,Borewell,5.18,417.8,29.7,77.1,5.29,18201.11,34988.61,15153.92,44526.26,16886.91,10806.57,13203.48,34.8,140563.37,459448.59,318885.22
936,2023,Kolhapur,Sugarcane,Annual,Loamy,Drip,9.53,1431.5,25.5,49.7,7.66,70909.23,91725.16,32165.44,128423.94,74376.92,41479.33,368745.99,3.35,439080.02,1234925.87,795845.84
937,2024,Aurangabad,Maize,Kharif,Loamy,Canal,10.28,586.4,27.0,68.8,6.23,30989.36,61899.79,24591.9,87866.99,34715.56,20211.48,33182.86,23.04,260275.08,764659.93,504384.85
938,2023,Aurangabad,Onion,Rabi,Red,Rainfed,11.28,864.4,27.5,73.3,6.76,66320.93,81643.84,49400.08,120292.29,62390.96,36566.18,73258.9,18.14,416614.28,1328906.14,912291.86
939,2021,Kolhapur,Sugarcane,Annual,Loamy,Canal,3.12,1694.3,24.7,60.2,7.13,22878.31,28568.65,11493.89,43154.03,21511.8,11794.27,135302.75,3.12,139400.96,421530.0,282129.04
940,2019,Kolhapur,Maize,Kharif,Black,Drip,5.12,1501.0,22.7,60.7,7.91,12046.67,26481.2,10322.1,29598.92,13847.22,8474.99,17275.18,22.25,100771.1,384424.15,283653.05
941,2022,Kolhapur,Onion,Rabi,Black,Borewell,0.65,1318.5,26.4,60.0,5.71,3877.38,4152.16,2234.06,6339.67,3693.22,1991.92,4776.38,28.69,22288.42,137010.96,114722.54
942,2019,Kolhapur,Sugarcane,Annual,Loamy,Canal,2.26,1407.9,25.9,61.6,6.74,14844.36,17655.36,6590.51,27917.03,16573.66,7686.88,77638.23,3.23,91267.8,250750.85,159483.05
943,2023,Pune,Soybean,Kharif,Alluvial,Drip,8.46,651.2,25.9,58.1,5.2,26084.79,33323.94,17896.39,44083.49,17191.01,17380.46,9372.79,54.35,155960.07,509444.03,353483.96
944,2022,Sangli,Tomato,Rabi,Red,Drip,1.29,574.3,28.4,64.1,6.73,6393.8,9475.09,5234.73,13824.97,6925.72,4575.61,13088.95,27.25,46429.92,356719.51,310289.59
945,2020,Sangli,Tomato,Rabi,Alluvial,Rainfed,5.76,573.8,22.8,56.6,5.6,22315.45,36913.05,21676.03,62257.36,28133.1,14075.36,52499.85,25.29,185370.34,1327522.31,1142151.97
946,2023,Satara,Tomato,Rabi,Alluvial,Canal,9.9,772.9,22.2,66.1,7.34,51419.16,83372.74,43759.39,105132.86,55669.35,28311.76,91907.71,26.71,367665.26,2454890.22,2087224.96
947,2020,Sangli,Cotton,Kharif,Black,Drip,8.96,686.5,27.1,65.6,5.98,36292.92,55963.94,35296.56,86614.53,40300.98,23908.74,7318.17,63.04,278377.68,461309.12,182931.44
948,2019,Kolhapur,Maize,Kharif,Loamy,Borewell,8.4,1297.5,25.0,42.5,7.44,19635.82,40909.93,15867.63,50609.75,22062.2,14917.72,27261.05,19.89,164003.05,542312.62,378309.57
949,2020,Aurangabad,Cotton,Kharif,Alluvial,Rainfed,8.12,730.2,27.2,58.3,5.3,33740.11,48551.26,30219.79,74704.5,40643.85,20931.18,5131.56,48.61,248790.68,249438.63,647.95
950,2023,Pune,Maize,Kharif,Black,Drip,7.5,830.5,24.2,52.2,6.76,22413.1,49089.12,20776.95,54164.18,21789.38,15590.08,27482.65,21.77,183822.8,598286.28,414463.47
951,2021,Kolhapur,Rice,Kharif,Red,Borewell,3.77,1502.1,29.2,48.2,7.75,12260.9,27009.16,12290.67,33671.48,17332.75,9011.65,10174.34,36.83,111576.6,374703.07,263126.47
952,2019,Satara,Wheat,Rabi,Red,Rainfed,4.03,1052.3,22.9,48.4,6.79,10873.79,19657.3,8317.98,21959.79,9803.5,7160.62,8663.72,21.9,77772.98,189724.25,111951.27
953,2021,Satara,Sugarcane,Annual,Loamy,Canal,10.55,1040.6,24.4,57.7,6.44,81577.27,105344.1,38575.69,123606.09,72046.14,37107.81,381872.05,3.17,458257.1,1211199.49,752942.39
954,2022,Solapur,Sugarcane,Annual,Black,Canal,3.82,509.2,24.4,72.1,7.66,28930.55,35964.38,13168.03,48787.71,29634.14,15450.6,154061.19,3.17,171935.41,488046.7,316111.28
955,2019,Ahmednagar,Rice,Kharif,Alluvial,Borewell,7.33,539.8,26.6,67.8,6.31,23521.46,52023.71,23334.57,51005.31,29915.16,17260.79,22935.45,28.26,197061.0,648133.74,451072.74
956,2020,Aurangabad,Rice,Kharif,Red,Canal,4.05,880.9,26.8,72.5,6.55,13323.99,22603.84,11458.35,34153.5,16435.68,8419.69,12477.66,20.8,106395.05,259487.27,153092.22
957,2019,Pune,Tomato,Rabi,Red,Borewell,11.74,622.9,28.4,62.5,6.45,54096.8,84924.42,41715.07,102678.18,51486.83,29346.65,101083.28,25.64,364247.95,2591335.92,2227087.97
958,2024,Satara,Sugarcane,Annual,Black,Drip,2.15,849.9,25.5,53.7,7.21,16285.12,21357.76,7514.04,29967.47,16667.41,7471.09,84441.33,3.27,99262.89,276443.62,177180.73
959,2023,Nashik,Sugarcane,Annual,Red,Borewell,8.49,710.2,26.6,62.8,6.48,60019.38,79189.05,33629.62,114610.34,69998.28,37297.29,307676.89,3.35,394743.97,1030999.82,636255.85
960,2021,Kolhapur,Tomato,Rabi,Red,Rainfed,4.19,1531.4,26.3,64.7,6.58,18085.16,29220.0,16522.76,43988.62,18330.37,12306.83,36792.34,27.9,138453.74,1026378.54,887924.79
961,2022,Kolhapur,Rice,Kharif,Alluvial,Drip,7.65,1240.2,24.9,59.9,6.12,23560.91,54226.34,23273.03,60943.35,33243.7,18044.34,18649.78,37.37,213291.67,696888.98,483597.32
962,2025,Pune,Onion,Rabi,Red,Rainfed,8.99,643.5,24.7,78.1,6.6,55369.87,78145.26,39756.69,95492.62,54186.84,23352.55,51364.7,26.15,346303.82,1343096.75,996792.92
963,2021,Sangli,Soybean,Kharif,Black,Drip,3.46,534.8,29.4,44.8,5.84,10705.82,13244.62,7464.12,17018.02,7038.58,5634.11,4188.03,41.68,61105.27,174559.69,113454.42
964,2022,Nashik,Cotton,Kharif,Red,Rainfed,10.0,585.0,20.9,51.0,7.22,45932.37,60374.52,39995.28,100193.17,46628.38,32695.48,5402.12,86.4,325819.2,466720.35,140901.15
965,2024,Aurangabad,Wheat,Rabi,Red,Canal,6.83,603.3,23.3,60.4,6.54,22059.05,42604.63,18540.28,49501.72,21412.26,17009.49,16686.75,24.82,171127.43,414211.5,243084.08
966,2020,Satara,Rice,Kharif,Loamy,Rainfed,5.52,842.9,21.6,64.9,6.63,18768.23,37138.81,15466.7,41793.87,21038.59,13578.55,13014.2,29.18,147784.75,379782.9,231998.14
967,2019,Pune,Onion,Rabi,Alluvial,Drip,2.02,718.1,22.9,66.6,5.7,9124.48,12745.52,6512.88,17358.1,8679.35,4708.01,13913.79,26.34,59128.34,366439.52,307311.18
968,2022,Ahmednagar,Rice,Kharif,Red,Canal,8.32,644.9,25.3,65.2,7.53,27640.34,60736.28,22679.57,69482.02,35498.91,19245.4,22949.53,36.4,235282.51,835302.39,600019.88
969,2024,Aurangabad,Onion,Rabi,Red,Rainfed,5.7,708.2,25.4,70.1,6.79,34897.33,45963.45,24758.67,58437.77,32607.35,16836.87,39510.88,24.77,213501.44,978704.0,765202.56
970,2024,Solapur,Tomato,Rabi,Red,Canal,7.28,661.1,28.5,60.3,6.01,35167.93,57422.74,29589.28,83782.28,45838.45,23177.45,70852.28,25.73,274978.14,1822817.86,1547839.72
971,2024,Aurangabad,Wheat,Rabi,Loamy,Canal,1.47,684.6,26.5,65.8,5.74,4354.07,9424.6,3871.52,9581.4,4994.98,2725.59,3456.77,29.52,34952.17,102030.91,67078.74
972,2023,Satara,Sugarcane,Annual,Red,Canal,2.58,845.1,25.3,52.4,7.5,18898.5,25877.98,9307.75,37322.16,21511.15,10056.01,92585.77,2.63,122973.54,243145.2,120171.66
973,2021,Aurangabad,Onion,Rabi,Red,Rainfed,8.32,656.9,25.0,55.1,6.17,43732.35,57476.32,28899.76,81778.78,43003.12,19890.6,51479.71,21.59,274780.93,1111668.25,836887.32
974,2021,Aurangabad,Maize,Kharif,Alluvial,Canal,7.12,737.6,27.2,58.1,5.8,18617.31,35757.29,13033.6,46238.65,19801.84,12752.95,22843.94,21.22,146201.63,484689.14,338487.51
975,2025,Pune,Sugarcane,Annual,Loamy,Drip,4.77,661.1,23.6,60.4,7.31,34000.23,49945.3,18395.33,63608.98,40243.51,21039.66,186987.82,4.34,227233.01,812398.46,585165.45
976,2025,Solapur,Wheat,Rabi,Red,Canal,9.38,422.9,24.7,65.1,6.47,33969.9,58913.47,26333.44,86227.2,29208.96,18686.69,21518.57,32.08,253339.66,690263.87,436924.21
977,2020,Sangli,Rice,Kharif,Loamy,Drip,8.18,695.3,22.8,40.6,6.55,26180.06,60068.46,24144.02,63562.69,35484.69,18242.95,26207.97,31.94,227682.86,836986.42,609303.57
978,2022,Solapur,Cotton,Kharif,Alluvial,Rainfed,2.33,654.4,27.7,64.6,7.18,11313.75,15036.06,10491.63,20890.4,12490.78,6917.31,1331.64,76.58,77139.93,101973.2,24833.27
979,2019,Nashik,Rice,Kharif,Red,Drip,11.28,692.2,23.7,70.8,7.22,30755.85,70112.56,29770.13,81394.82,42435.87,22710.98,31626.71,23.4,277180.2,740178.05,462997.85
980,2019,Satara,Wheat,Rabi,Loamy,Drip,11.88,954.2,21.1,79.4,6.64,29098.85,61879.55,29035.97,83619.48,30460.94,22318.74,30868.25,24.69,256413.52,762223.18,505809.66
981,2023,Pune,Rice,Kharif,Loamy,Borewell,5.79,765.5,24.3,75.7,6.4,21579.53,43397.25,21094.78,47627.24,25449.03,14597.9,14912.15,36.78,173745.73,548492.24,374746.51
982,2021,Pune,Cotton,Kharif,Red,Rainfed,7.85,886.0,25.8,63.4,7.67,37341.72,49503.64,31424.52,74543.87,35778.88,20641.0,5594.67,67.16,249233.64,375742.1,126508.46
983,2024,Satara,Wheat,Rabi,Loamy,Rainfed,1.9,915.2,23.9,57.6,6.83,5985.52,12517.98,5151.55,14458.08,5244.79,4222.48,4288.07,26.55,47580.4,113832.83,66252.43
984,2021,Pune,Sugarcane,Annual,Loamy,Canal,3.35,791.2,26.0,71.3,6.82,22851.33,32531.55,10210.43,40685.61,26747.92,10264.65,133519.99,3.06,143291.49,408990.92,265699.43
985,2023,Kolhapur,Wheat,Rabi,Black,Rainfed,5.93,1493.6,26.9,62.5,6.34,15979.19,35537.74,14021.01,42937.35,15227.66,11304.57,13772.52,24.95,135007.52,343674.73,208667.21
986,2020,Nashik,Cotton,Kharif,Black,Rainfed,3.19,746.2,25.9,56.4,5.9,14658.93,18318.97,12478.57,29703.23,14972.19,8777.75,2661.6,69.21,98909.65,184213.8,85304.15
987,2020,Sangli,Soybean,Kharif,Red,Drip,10.94,330.1,25.2,66.5,6.8,30115.96,41209.34,19412.56,49061.95,20270.88,17397.81,11093.04,42.27,177468.51,468866.31,291397.8
988,2024,Sangli,Maize,Kharif,Black,Canal,8.52,709.6,26.4,62.4,6.94,25906.35,46861.56,23067.15,60595.48,26734.86,16650.35,24791.35,21.21,199815.75,525779.96,325964.21
989,2019,Sangli,Sugarcane,Annual,Red,Drip,6.73,796.8,30.0,50.2,5.58,44885.72,57076.14,21983.87,77919.11,44256.92,25334.77,250448.92,3.12,271456.53,781044.9,509588.37
990,2024,Solapur,Tomato,Rabi,Red,Borewell,11.34,402.4,31.4,51.4,6.83,56947.29,97252.41,46709.84,138164.43,63884.79,39469.88,81463.61,32.13,442428.65,2617661.26,2175232.61
991,2023,Solapur,Onion,Rabi,Alluvial,Canal,6.93,759.9,27.6,63.4,6.38,42621.7,50439.24,28539.31,75114.99,33496.32,20754.1,61783.81,24.39,250965.67,1506894.62,1255928.95
992,2025,Sangli,Tomato,Rabi,Alluvial,Drip,1.67,313.9,26.8,72.3,5.88,8543.93,14049.8,8213.04,20467.79,8345.92,5083.59,15266.74,31.49,64704.07,480808.88,416104.81
993,2025,Sangli,Soybean,Kharif,Alluvial,Canal,8.72,514.3,27.3,61.3,7.15,34246.56,35436.48,20091.95,48379.27,16713.39,13863.43,9940.72,42.22,168731.08,419675.43,250944.35
994,2022,Aurangabad,Sugarcane,Annual,Black,Rainfed,8.23,654.9,26.2,53.4,5.65,56798.8,77240.16,30423.94,124911.69,59244.6,33139.47,271642.84,3.5,381758.66,951395.96,569637.3
995,2023,Pune,Cotton,Kharif,Red,Canal,2.65,913.3,26.5,51.9,5.77,13252.01,19021.87,11424.7,27051.41,12552.68,7280.65,1994.31,75.04,90583.32,149655.46,59072.14
996,2020,Kolhapur,Wheat,Rabi,Red,Canal,7.8,1553.3,23.7,60.5,7.52,19819.99,39373.98,17072.45,54654.21,20123.14,13682.21,20537.99,22.56,164725.98,463414.8,298688.82
997,2023,Kolhapur,Wheat,Rabi,Red,Rainfed,3.22,1450.6,26.8,53.3,7.77,10797.87,21417.02,7402.77,21472.51,9644.2,6632.79,6226.17,24.94,77367.15,155299.98,77932.83
998,2021,Aurangabad,Wheat,Rabi,Red,Drip,5.27,759.0,26.4,62.1,5.86,14484.12,30986.13,11166.9,36768.84,14107.68,10610.29,15346.38,27.85,118123.97,427379.02,309255.05
999,2023,Solapur,Cotton,Kharif,Red,Drip,2.65,705.6,28.5,63.9,7.06,13279.14,18239.95,9128.34,30183.12,14010.02,7622.43,1935.08,85.74,92462.99,165906.23,73443.24
1000,2019,Kolhapur,Cotton,Kharif,Loamy,Drip,6.51,1337.1,25.3,63.2,6.57,27361.11,36764.2,21620.11,63192.88,26399.75,15124.19,4819.42,59.92,190462.25,288801.96,98339.72
1001,2025,Solapur,Rice,Kharif,Loamy,Drip,10.36,551.3,27.0,76.5,6.02,35724.51,82282.18,35002.55,94714.7,55935.81,27039.19,29818.33,33.69,330698.94,1004478.72,673779.78
1002,2023,Nashik,Sugarcane,Annual,Alluvial,Rainfed,2.82,682.9,21.6,67.8,6.73,19756.27,31732.4,13069.83,39041.26,22240.28,11737.37,92730.12,3.17,137577.41,293886.74,156309.33
1003,2025,Nashik,Tomato,Rabi,Black,Canal,4.47,793.1,20.9,59.1,5.98,22084.29,38887.84,21385.63,52535.1,29614.52,15975.5,36503.38,27.49,180482.87,1003653.21,823170.33
1004,2022,Sangli,Onion,Rabi,Black,Drip,10.8,540.9,25.7,70.5,6.69,56418.06,85060.66,42784.6,87370.13,60997.55,30874.12,93804.37,25.22,363505.12,2366044.39,2002539.27
1005,2019,Sangli,Wheat,Rabi,Alluvial,Rainfed,8.88,763.2,24.6,54.3,6.21,25615.23,42494.56,20950.98,52167.02,24922.29,13942.33,22556.29,28.39,180092.41,640431.57,460339.17
1006,2021,Ahmednagar,Onion,Rabi,Red,Drip,8.73,541.9,26.6,71.2,5.94,50561.62,57791.05,35417.84,71456.6,40680.4,24700.86,68766.08,20.8,280608.36,1430571.85,1149963.49
1007,2022,Sangli,Wheat,Rabi,Black,Drip,1.57,742.7,26.4,54.7,7.19,4662.9,9050.49,4026.91,10643.18,4525.16,3199.1,4483.19,25.22,36107.74,113056.7,76948.95
1008,2025,Kolhapur,Tomato,Rabi,Loamy,Drip,2.45,1350.5,26.6,69.3,5.56,11923.68,20473.01,11609.29,28986.3,13934.08,8931.36,22395.92,19.58,95857.73,438406.9,342549.18
1009,2019,Solapur,Maize,Kharif,Loamy,Rainfed,4.78,342.9,24.7,64.6,6.75,11476.76,23302.86,8255.27,27225.02,12140.62,6897.13,12225.17,18.27,89297.66,223350.81,134053.15
1010,2019,Kolhapur,Tomato,Rabi,Loamy,Borewell,1.91,1521.5,24.3,71.7,6.1,8949.19,12389.81,6154.89,15616.23,9749.1,4830.41,18149.28,23.26,57689.63,422093.83,364404.2
1011,2022,Ahmednagar,Maize,Kharif,Red,Borewell,10.62,834.9,23.1,71.8,6.68,33788.63,61089.68,23591.29,75414.74,32485.29,24019.19,31763.63,27.11,250388.82,861042.18,610653.37
1012,2023,Satara,Tomato,Rabi,Red,Drip,7.77,1134.9,22.7,68.3,7.5,37386.17,69931.14,30432.16,77756.52,48359.97,26120.67,75490.92,28.15,289986.63,2124848.92,1834862.29
1013,2025,Kolhapur,Rice,Kharif,Loamy,Canal,0.8,1623.1,24.4,80.5,7.07,3049.56,6293.18,2690.15,6968.91,3748.79,2448.15,2563.75,28.15,25198.73,72180.62,46981.88
1014,2024,Nashik,Rice,Kharif,Loamy,Borewell,6.64,741.1,26.3,62.6,7.71,25179.57,46926.56,21775.27,62380.95,32038.0,18894.65,23408.4,35.61,207195.01,833576.52,626381.51
1015,2020,Solapur,Onion,Rabi,Alluvial,Canal,1.05,771.3,27.1,80.0,7.01,5863.84,7010.88,3693.69,8329.52,4341.69,2864.62,8717.86,26.07,32104.24,227287.24,195183.0
1016,2020,Kolhapur,Wheat,Rabi,Alluvial,Borewell,5.52,1400.3,25.3,66.1,6.02,15571.16,33267.82,12000.91,37791.93,13887.75,10602.32,15941.94,21.57,123121.89,343866.67,220744.78
1017,2019,Aurangabad,Maize,Kharif,Red,Drip,7.42,444.9,26.6,47.9,6.79,17184.33,34431.31,13499.87,43319.17,19088.73,12720.4,20133.54,21.9,140243.82,440889.94,300646.13
1018,2025,Ahmednagar,Onion,Rabi,Black,Rainfed,9.87,705.9,24.7,86.1,6.34,62443.73,72040.55,42963.02,109229.6,51662.89,29025.26,82484.74,25.72,367365.06,2121273.5,1753908.44
1019,2023,Satara,Wheat,Rabi,Red,Canal,5.05,1073.1,24.1,60.0,6.33,16481.25,32696.22,12607.08,35672.93,9703.21,9914.9,13598.88,27.31,117075.58,371406.75,254331.17
1020,2024,Solapur,Wheat,Rabi,Black,Canal,4.25,627.1,26.7,62.3,7.35,13548.46,25936.12,11848.44,34787.7,13395.41,8937.08,11495.73,27.65,108453.2,317859.37,209406.17
1021,2019,Aurangabad,Sugarcane,Annual,Alluvial,Drip,7.72,711.8,27.1,71.2,5.63,51913.02,74290.9,22280.9,91558.32,49983.03,28480.2,319521.64,2.9,318506.37,925542.59,607036.22
1022,2023,Satara,Soybean,Kharif,Alluvial,Borewell,7.7,830.5,22.4,67.8,5.68,30082.25,30493.17,16864.54,37238.36,16075.23,14342.46,8563.55,54.07,145096.0,463030.77,317934.77
1023,2022,Pune,Maize,Kharif,Black,Canal,8.36,948.4,24.5,76.2,7.0,23233.09,53082.12,17838.05,56562.4,20593.43,15940.86,29924.89,22.76,187249.96,680973.04,493723.08
1024,2021,Pune,Maize,Kharif,Red,Canal,3.17,663.0,21.4,53.0,5.81,8600.44,18227.02,6874.33,21008.72,10033.57,5587.0,9575.46,21.75,70331.09,208241.93,137910.84
1025,2024,Aurangabad,Wheat,Rabi,Black,Rainfed,3.44,785.0,26.7,62.0,7.21,11068.48,23894.42,11409.17,27546.27,10193.7,7529.3,9158.97,29.91,91641.35,273955.36,182314.01
1026,2024,Kolhapur,Tomato,Rabi,Alluvial,Rainfed,6.53,1388.8,26.0,66.0,7.43,30800.34,58418.55,32105.74,81453.69,37104.31,22535.75,55863.19,39.47,262418.38,2204875.58,1942457.2
1027,2025,Kolhapur,Wheat,Rabi,Loamy,Drip,1.22,1604.1,25.3,63.3,5.81,3838.49,8688.37,3463.87,10305.73,3948.38,2872.65,3745.82,36.82,33117.48,137937.3,104819.81
1028,2021,Nashik,Tomato,Rabi,Loamy,Rainfed,4.92,767.6,24.5,46.4,6.23,19800.63,36459.6,18073.85,61646.63,24864.85,15386.41,40994.31,20.18,176231.97,827225.51,650993.54
1029,2023,Satara,Maize,Kharif,Loamy,Rainfed,10.6,941.0,25.1,53.0,7.45,31671.94,66376.77,24780.67,76926.71,33141.14,21156.47,29824.07,23.97,254053.69,714757.45,460703.75
1030,2023,Satara,Wheat,Rabi,Alluvial,Canal,11.43,894.7,24.3,72.4,7.38,36682.81,69179.18,29752.68,84347.07,31899.38,26882.43,29365.16,29.04,278743.55,852905.8,574162.25
1031,2024,Sangli,Sugarcane,Annual,Red,Rainfed,2.87,462.0,27.3,62.3,6.07,20801.65,34480.73,12332.21,42416.01,22063.06,12801.32,82306.82,3.7,144894.97,304142.91,159247.94
1032,2021,Solapur,Onion,Rabi,Alluvial,Drip,2.01,747.8,28.8,66.9,7.14,11661.48,14805.83,7848.07,17011.19,8674.18,5546.09,19082.57,23.61,65546.84,450519.02,384972.19
1033,2024,Pune,Cotton,Kharif,Alluvial,Borewell,8.62,671.8,21.5,52.0,6.16,41387.51,63856.99,38394.95,87653.26,41908.09,30154.45,5314.26,87.44,303355.24,464665.92,161310.68
1034,2020,Kolhapur,Wheat,Rabi,Red,Canal,10.86,1706.6,25.8,60.7,6.19,28044.68,64677.15,25003.03,77102.26,30536.35,16573.43,28128.85,31.02,241936.9,872622.77,630685.88
1035,2019,Ahmednagar,Tomato,Rabi,Loamy,Drip,11.69,433.8,25.8,67.0,5.89,49130.8,82438.51,44966.73,106288.01,55828.07,31789.05,108548.38,23.48,370441.16,2548896.89,2178455.73
1036,2023,Satara,Tomato,Rabi,Red,Borewell,10.42,844.1,23.0,43.5,6.27,51098.17,84381.17,45547.65,116668.73,55101.22,26947.3,89849.17,24.66,379744.25,2215396.82,1835652.57
1037,2022,Solapur,Cotton,Kharif,Red,Drip,11.51,616.3,29.0,66.6,6.26,60239.02,72240.34,45374.48,122370.53,60298.9,31517.02,7755.14,67.36,392040.29,522358.15,130317.87
1038,2025,Satara,Maize,Kharif,Red,Canal,0.96,910.8,21.5,54.6,6.18,3113.49,5947.51,1899.04,7204.49,3130.31,2035.35,2707.76,21.72,23330.18,58814.81,35484.63
1039,2025,Sangli,Maize,Kharif,Red,Drip,11.52,645.4,25.7,50.8,6.64,34757.57,74194.13,29524.87,93209.7,40648.13,26872.01,36164.58,25.18,299206.41,910561.96,611355.56
1040,2023,Nashik,Onion,Rabi,Black,Drip,8.38,516.3,24.4,60.4,7.71,47571.77,65951.88,33069.46,87106.38,40870.9,25433.0,68746.81,23.87,300003.39,1641011.96,1341008.57
1041,2024,Ahmednagar,Onion,Rabi,Black,Canal,1.64,734.8,26.2,65.7,6.62,10518.45,13591.73,6456.19,20549.32,7948.55,4929.23,13397.47,22.67,63993.48,303759.61,239766.13
1042,2021,Sangli,Tomato,Rabi,Loamy,Canal,4.15,846.0,27.9,55.3,6.95,20132.25,30486.01,17556.75,35965.36,19463.84,11915.28,45755.1,26.44,135519.5,1209595.91,1074076.42
1043,2019,Satara,Maize,Kharif,Red,Drip,11.17,981.4,26.5,58.9,6.31,25944.96,52288.77,22909.89,65480.12,24701.82,20276.33,35210.08,19.19,211601.88,675712.12,464110.24
1044,2023,Kolhapur,Wheat,Rabi,Red,Drip,9.73,1310.7,27.3,36.6,7.2,29077.17,65023.06,25131.58,75001.84,28303.83,25934.95,24207.34,33.72,248472.43,816176.6,567704.17
1045,2021,Pune,Soybean,Kharif,Black,Borewell,2.98,671.0,25.5,77.8,7.79,9565.09,11869.96,5046.92,13983.26,5298.81,4847.83,3686.44,39.88,50611.87,147022.37,96410.5
1046,2024,Aurangabad,Maize,Kharif,Alluvial,Drip,11.23,637.0,26.4,68.3,6.04,35626.21,71545.83,26258.59,86764.84,37062.33,24796.4,36770.12,17.02,282054.2,625905.95,343851.75
1047,2022,Aurangabad,Tomato,Rabi,Red,Drip,7.58,758.9,22.4,57.0,6.45,34549.88,58152.82,33053.87,76659.43,41338.32,22634.81,81283.92,28.96,266389.13,2354358.84,2087969.72
1048,2019,Satara,Soybean,Kharif,Loamy,Rainfed,9.47,857.3,25.6,67.1,6.72,25566.22,32121.31,17077.1,39991.48,15995.86,14522.99,9882.18,44.02,145274.95,434988.21,289713.26
1049,2020,Sangli,Cotton,Kharif,Red,Drip,7.78,551.3,26.6,69.5,7.26,34995.03,47224.2,30073.97,66899.16,39383.69,21601.62,5399.44,74.89,240177.67,404361.93,164184.26
1050,2022,Ahmednagar,Rice,Kharif,Loamy,Canal,5.08,583.9,24.1,46.4,6.9,15724.95,36882.21,15500.81,52550.59,20912.06,12243.13,14743.53,28.36,153813.75,418140.37,264326.62
1051,2022,Satara,Sugarcane,Annual,Loamy,Rainfed,5.22,994.7,25.3,67.0,5.91,38049.72,53716.5,19911.99,76585.8,41798.98,20910.41,179834.11,3.41,250973.4,612764.7,361791.3
1052,2022,Solapur,Tomato,Rabi,Black,Rainfed,7.82,608.4,28.8,54.0,7.17,36457.03,47331.45,32978.66,79975.89,45423.97,23797.17,64228.36,29.8,265964.17,1913969.48,1648005.31
1053,2025,Aurangabad,Sugarcane,Annual,Black,Drip,8.52,727.0,22.4,72.6,7.76,67214.27,88646.96,30105.34,124006.0,79669.5,41140.49,340737.09,3.09,430782.57,1054392.08,623609.51
1054,2023,Pune,Tomato,Rabi,Loamy,Rainfed,10.07,725.6,25.3,45.0,6.48,47933.42,84192.97,39832.54,107423.96,46523.49,30167.81,84415.27,22.88,356074.2,1931521.48,1575447.29
1055,2022,Kolhapur,Soybean,Kharif,Loamy,Canal,1.69,1348.4,25.2,64.9,7.54,5892.16,6515.27,3198.76,9412.5,4018.14,3265.29,1863.78,44.66,32302.12,83241.72,50939.6
1056,2020,Aurangabad,Cotton,Kharif,Loamy,Canal,10.07,613.2,26.9,55.7,6.82,48218.17,52452.3,40461.93,95003.2,42466.58,27725.73,6562.26,74.92,306327.91,491650.34,185322.43
1057,2022,Ahmednagar,Wheat,Rabi,Loamy,Rainfed,11.67,632.3,22.8,63.1,7.56,32715.4,75995.2,30821.65,91382.56,33672.32,21693.43,26931.69,30.36,286280.57,817592.41,531311.84
1058,2025,Ahmednagar,Rice,Kharif,Red,Borewell,5.15,617.6,23.4,52.5,6.27,19781.76,41578.4,16522.55,41818.31,23225.37,16044.65,16772.99,35.89,158971.04,602064.59,443093.55
1059,2022,Solapur,Tomato,Rabi,Black,Drip,0.77,650.1,28.6,74.7,6.33,3618.47,5711.36,2928.5,7038.45,4285.15,2222.63,8648.78,16.77,25804.57,145059.16,119254.58
1060,2022,Satara,Sugarcane,Annual,Black,Canal,10.35,684.9,24.8,57.2,5.81,73301.79,97800.65,36390.01,123901.2,68388.2,45341.76,398884.55,3.0,445123.61,1197796.33,752672.72
1061,2024,Ahmednagar,Onion,Rabi,Black,Rainfed,4.23,869.8,25.1,68.9,6.14,28787.12,32278.31,18082.96,44603.23,25173.21,13943.15,28904.42,26.11,162867.99,754689.49,591821.51
1062,2024,Aurangabad,Rice,Kharif,Alluvial,Rainfed,9.9,838.9,27.2,76.0,5.38,35257.33,84434.91,38157.88,91195.18,51746.0,30486.45,28253.91,33.93,331277.76,958514.14,627236.38
1063,2022,Ahmednagar,Tomato,Rabi,Loamy,Rainfed,6.23,703.2,25.5,47.1,5.85,28815.72,48841.09,28250.56,71823.26,31382.71,19745.14,56949.53,22.91,228858.47,1304743.34,1075884.87
1064,2023,Solapur,Maize,Kharif,Red,Drip,7.52,659.8,29.2,56.0,7.18,20416.68,49957.56,16118.88,49612.78,23618.06,15949.09,26122.85,25.22,175673.05,658891.37,483218.32
1065,2025,Ahmednagar,Maize,Kharif,Black,Borewell,8.04,557.2,23.6,48.3,6.26,23629.2,54383.8,22453.66,61386.45,26513.53,18120.2,26685.29,21.88,206486.84,583980.81,377493.97
1066,2024,Kolhapur,Cotton,Kharif,Loamy,Canal,11.62,1320.6,26.3,56.4,6.07,57679.55,77950.15,40972.63,137811.55,63711.13,37025.86,8359.44,60.59,415150.87,506472.8,91321.92
1067,2020,Nashik,Maize,Kharif,Red,Rainfed,4.53,755.0,26.6,75.6,6.62,10812.94,22934.46,9978.41,28312.43,12465.24,7382.41,12620.65,22.05,91885.88,278261.47,186375.6
1068,2022,Pune,Cotton,Kharif,Loamy,Borewell,11.78,832.4,26.6,68.3,7.37,49858.1,74494.78,43085.33,113287.37,50573.79,33435.27,9032.75,66.42,364734.65,599915.37,235180.73
1069,2020,Aurangabad,Wheat,Rabi,Red,Borewell,1.38,686.6,27.7,69.1,5.3,3795.87,7204.86,2949.16,9326.84,3524.89,2674.25,3532.41,25.92,29475.86,91552.1,62076.24
1070,2022,Sangli,Sugarcane,Annual,Black,Rainfed,11.95,573.7,27.2,61.7,6.2,76588.67,121084.66,43051.02,187509.2,90565.21,46104.56,437549.96,3.1,564903.31,1355072.02,790168.71
1071,2023,Kolhapur,Soybean,Kharif,Red,Rainfed,2.11,1227.7,25.3,64.7,6.67,6466.81,8778.79,4012.61,11275.71,4246.54,3543.54,1917.92,46.17,38324.0,88549.47,50225.47
1072,2019,Ahmednagar,Maize,Kharif,Alluvial,Rainfed,4.96,564.7,23.9,56.3,6.8,11372.82,24247.7,9385.02,28123.55,14029.03,6832.7,15803.61,18.95,93990.82,299400.75,205409.93
1073,2024,Pune,Maize,Kharif,Alluvial,Canal,4.44,716.3,24.8,65.0,7.11,12206.62,27811.83,10859.36,31518.51,12052.52,10122.16,14479.98,23.37,104571.01,338327.78,233756.77
1074,2019,Pune,Rice,Kharif,Loamy,Drip,11.21,732.2,21.5,84.0,6.42,33558.74,65594.88,29072.69,94740.28,45855.68,28496.61,34673.96,29.81,297318.88,1033748.12,736429.24
1075,2023,Kolhapur,Maize,Kharif,Red,Borewell,2.49,1370.8,24.7,79.8,7.02,7081.66,17462.96,5158.47,15401.75,8669.72,4842.46,7605.57,23.75,58617.02,180652.71,122035.69
1076,2019,Pune,Onion,Rabi,Alluvial,Canal,6.88,774.9,25.5,62.2,7.32,37774.36,47542.88,22575.71,57784.18,32150.38,19292.69,51507.24,22.49,217120.2,1158564.79,941444.59
1077,2025,Sangli,Onion,Rabi,Black,Borewell,6.96,618.1,27.4,70.2,7.1,44145.14,48401.1,31913.65,73697.84,36980.43,22691.88,60322.73,26.43,257830.05,1594068.04,1336237.98
1078,2022,Kolhapur,Rice,Kharif,Red,Rainfed,3.39,1341.2,24.2,63.0,6.73,12610.53,22425.87,10869.32,30413.94,16394.72,8951.38,8499.68,33.21,101665.76,282275.97,180610.21
1079,2023,Solapur,Cotton,Kharif,Loamy,Drip,9.52,563.0,27.3,61.1,6.12,52155.73,59314.66,38464.34,93888.39,51549.46,31146.04,7075.66,61.54,326518.61,435407.02,108888.4
1080,2019,Pune,Soybean,Kharif,Black,Borewell,6.93,872.1,22.3,69.7,6.3,18866.15,26181.05,12685.08,29565.3,11704.59,10781.08,8707.99,45.69,109783.25,397884.08,288100.83
1081,2023,Sangli,Cotton,Kharif,Alluvial,Canal,4.26,528.4,27.7,58.5,6.7,20886.31,23102.13,16449.61,43114.46,20991.16,14421.81,2812.98,67.11,138965.48,188767.62,49802.14
1082,2023,Ahmednagar,Onion,Rabi,Loamy,Borewell,4.74,515.5,27.8,76.6,5.53,27295.33,28945.53,16324.4,50489.57,29235.16,14992.77,35374.56,25.63,167282.76,906826.01,739543.25
1083,2023,Ahmednagar,Sugarcane,Annual,Red,Canal,9.08,300.0,24.5,56.0,7.97,66310.5,90778.87,30702.41,122810.46,74194.94,31104.91,269265.6,3.41,415902.09,918939.03,503036.94
1084,2019,Pune,Soybean,Kharif,Black,Borewell,1.71,742.9,24.2,52.7,6.23,4858.32,6419.79,2697.96,5615.44,2785.35,2387.18,2352.21,44.48,24764.04,104627.53,79863.49
1085,2025,Satara,Rice,Kharif,Loamy,Borewell,6.32,1091.4,29.9,59.0,6.73,25537.63,50384.82,20718.85,68953.96,32162.55,17969.64,20447.18,31.17,215727.45,637287.77,421560.32
1086,2021,Solapur,Wheat,Rabi,Red,Rainfed,3.73,730.9,27.1,56.0,6.92,10622.29,21406.12,8820.16,28532.66,10332.39,6742.69,8800.69,23.71,86456.32,208694.37,122238.06
1087,2021,Kolhapur,Soybean,Kharif,Black,Canal,10.92,1388.7,24.6,53.3,6.86,35664.65,43742.28,20868.22,50084.67,18819.78,17240.11,13657.59,53.18,186419.7,726260.86,539841.16
1088,2025,Solapur,Cotton,Kharif,Black,Rainfed,11.68,607.0,25.7,63.0,7.36,57331.71,75558.64,47055.36,139860.57,55294.19,37648.24,7391.22,83.62,412748.71,618063.08,205314.37
1089,2022,Solapur,Onion,Rabi,Black,Drip,2.65,614.8,28.4,63.2,6.01,17187.18,17893.26,10223.29,29903.55,13238.75,8622.5,21281.7,21.85,97068.53,465099.31,368030.78
1090,2025,Solapur,Soybean,Kharif,Alluvial,Borewell,5.69,423.2,24.9,58.9,6.66,20780.88,25256.56,12153.69,30279.95,11385.81,10069.45,7124.75,56.06,109926.34,399397.67,289471.33
1091,2024,Pune,Sugarcane,Annual,Red,Borewell,7.11,613.7,24.6,72.9,6.15,54882.88,76276.22,25562.13,100153.24,61534.94,27606.4,228427.29,3.51,346015.82,801587.23,455571.41
1092,2025,Aurangabad,Maize,Kharif,Alluvial,Borewell,4.08,814.7,25.2,69.6,7.02,11997.88,28254.42,9234.27,31400.17,12628.76,8587.48,13289.49,23.51,102102.97,312410.25,210307.29
1093,2025,Pune,Tomato,Rabi,Alluvial,Canal,3.21,653.6,24.3,50.1,7.1,16818.55,23191.11,13840.69,40153.93,19545.88,10560.24,32578.4,26.41,124110.4,860381.95,736271.55
1094,2023,Satara,Wheat,Rabi,Alluvial,Canal,7.52,1049.2,22.6,54.2,6.25,23874.2,48306.39,18047.65,53111.84,19734.93,15830.19,20505.65,27.92,178905.21,572433.9,393528.69
1095,2021,Ahmednagar,Rice,Kharif,Black,Canal,7.48,601.3,22.9,71.2,6.92,23647.68,53185.35,20789.0,56386.59,30548.02,16595.75,22965.3,34.08,201152.38,782614.99,581462.61
1096,2023,Ahmednagar,Tomato,Rabi,Loamy,Drip,2.53,761.0,22.5,56.0,6.36,12334.72,18181.61,10403.67,28135.43,13326.33,8188.5,27113.33,29.84,90570.27,808933.97,718363.71
1097,2024,Kolhapur,Rice,Kharif,Alluvial,Rainfed,10.4,1429.0,21.7,50.1,5.89,39755.48,74128.89,35447.2,95612.03,48714.85,26319.44,27046.97,40.76,319977.9,1102300.16,782322.26
1098,2019,Sangli,Cotton,Kharif,Loamy,Drip,6.8,533.4,26.1,59.9,6.41,29221.49,39529.16,26850.02,57340.44,26571.85,13889.43,4045.36,64.06,193402.39,259138.71,65736.32
1099,2025,Aurangabad,Onion,Rabi,Alluvial,Drip,3.85,670.8,28.8,52.3,7.02,24976.98,35133.48,16318.27,39339.2,24172.28,12564.92,26301.71,26.32,152505.13,692133.64,539628.51
1100,2019,Ahmednagar,Cotton,Kharif,Alluvial,Rainfed,7.7,658.7,23.3,40.5,6.91,31240.43,45425.89,26853.15,61986.38,27342.95,18211.85,5046.66,87.32,211060.66,440667.63,229606.97
1101,2022,Nashik,Soybean,Kharif,Black,Borewell,2.44,695.5,23.6,57.0,5.96,8134.55,10034.79,4962.42,10761.96,5251.9,3967.37,2915.44,48.84,43112.99,142395.07,99282.09
1102,2021,Satara,Maize,Kharif,Loamy,Canal,1.06,1046.4,23.4,63.0,7.68,2806.78,5954.12,2286.58,6682.4,3505.42,1760.7,3194.65,25.52,22996.0,81521.46,58525.46
1103,2025,Ahmednagar,Onion,Rabi,Black,Drip,7.61,402.1,27.7,54.8,5.71,53547.8,66679.8,29864.85,77196.28,43682.04,25822.9,49225.32,24.81,296793.66,1221472.03,924678.38
1104,2022,Pune,Soybean,Kharif,Loamy,Rainfed,9.19,768.5,24.6,44.4,6.15,29533.63,36702.58,19318.3,40796.77,17412.43,15818.4,10973.84,43.36,159582.13,475831.86,316249.73
1105,2019,Kolhapur,Wheat,Rabi,Black,Canal,1.24,1481.3,28.4,63.7,5.86,2972.79,6367.16,3035.48,8356.12,2804.4,2337.77,3198.35,23.28,25873.71,74461.43,48587.71
1106,2019,Pune,Sugarcane,Annual,Alluvial,Rainfed,6.01,847.9,24.7,68.4,6.46,36453.93,53825.81,21436.74,76727.88,41946.24,22588.28,216353.82,3.17,252978.88,686301.0,433322.12
1107,2021,Satara,Cotton,Kharif,Red,Drip,7.93,853.2,19.1,67.9,6.92,33553.65,48847.49,31988.07,81028.94,33342.2,21043.61,4787.73,76.31,249803.96,365350.19,115546.23
1108,2023,Kolhapur,Cotton,Kharif,Alluvial,Borewell,10.58,1559.3,25.1,57.8,6.59,51861.13,73281.77,44883.16,126028.5,51331.36,33724.87,7439.48,81.41,381110.79,605615.27,224504.48
1109,2020,Kolhapur,Rice,Kharif,Red,Canal,6.34,1611.1,26.8,68.8,6.34,20634.15,44100.56,19874.7,51999.18,29205.58,14417.56,18342.4,34.4,180231.72,631054.32,450822.59
1110,2023,Pune,Rice,Kharif,Black,Drip,1.2,770.4,26.8,65.0,6.47,4467.22,9012.49,3699.57,10465.88,5788.8,2770.53,3920.56,23.87,36204.49,93602.05,57397.56
1111,2021,Solapur,Onion,Rabi,Red,Canal,1.45,475.9,28.3,72.7,7.5,8416.55,9868.7,5152.37,12180.04,7798.95,4572.69,10150.38,22.34,47989.31,226755.05,178765.74
1112,2019,Ahmednagar,Soybean,Kharif,Alluvial,Canal,10.99,588.7,27.6,49.5,6.34,30257.26,39750.86,19325.72,45945.25,17371.67,18708.51,12206.24,55.89,171359.25,682206.75,510847.5
1113,2020,Pune,Sugarcane,Annual,Black,Borewell,0.91,602.7,25.5,60.9,6.43,5992.61,7651.08,2621.15,11431.57,5568.49,2890.0,31932.69,3.09,36154.9,98709.91,62555.01
1114,2022,Nashik,Wheat,Rabi,Black,Rainfed,1.6,779.1,23.7,69.4,7.05,5114.77,8703.26,3843.96,13469.12,4268.68,2532.63,4068.82,27.26,37932.42,110920.76,72988.34
1115,2020,Sangli,Tomato,Rabi,Loamy,Canal,5.22,367.1,27.2,66.9,6.92,23469.42,36323.58,20801.33,56412.09,23728.12,13856.38,43957.74,24.3,174590.92,1068018.8,893427.88
1116,2025,Solapur,Cotton,Kharif,Red,Rainfed,4.8,457.2,29.4,75.2,7.41,26048.43,31231.96,20916.42,51862.46,21864.08,17189.9,2735.66,70.4,169113.24,192586.39,23473.15
1117,2019,Ahmednagar,Sugarcane,Annual,Loamy,Rainfed,8.21,698.7,26.2,68.1,7.33,50780.93,63097.79,26940.63,106624.95,48665.8,28208.44,287375.74,3.12,324318.54,897670.88,573352.33
1118,2024,Kolhapur,Sugarcane,Annual,Loamy,Borewell,4.84,1310.3,27.4,56.5,6.5,34284.8,47831.84,17805.95,80357.79,44684.26,21999.19,186747.93,3.7,246963.82,691374.91,444411.09
1119,2020,Satara,Soybean,Kharif,Alluvial,Canal,8.21,1036.5,23.7,68.5,5.61,26519.57,29382.6,15653.22,42124.3,15389.24,13924.87,10725.15,34.78,142993.79,373061.86,230068.07
1120,2024,Ahmednagar,Tomato,Rabi,Alluvial,Canal,1.1,642.6,23.8,75.1,6.03,5743.07,9128.2,4347.69,13693.05,6709.96,3314.15,11397.74,29.81,42936.13,339776.44,296840.31
1121,2019,Aurangabad,Sugarcane,Annual,Black,Borewell,2.71,848.0,27.1,55.9,6.51,17877.16,22629.04,8506.58,34707.73,15248.35,9457.0,104901.32,2.96,108425.86,310067.86,201642.0
1122,2022,Solapur,Rice,Kharif,Loamy,Drip,1.61,666.8,24.5,63.2,6.16,5368.65,10990.27,5936.44,13222.35,6494.93,3774.91,5029.76,36.34,45787.54,182791.95,137004.4
1123,2023,Solapur,Cotton,Kharif,Red,Rainfed,5.2,505.9,26.5,62.7,7.12,27527.21,32227.36,21528.96,50805.34,26625.23,18256.35,3175.2,62.32,176970.45,197883.06,20912.61
1124,2021,Nashik,Tomato,Rabi,Black,Canal,9.5,813.7,26.4,58.3,6.13,41213.56,71227.07,40654.18,97049.27,49252.5,26720.87,100888.69,28.0,326117.47,2824418.22,2498300.75
1125,2023,Sangli,Sugarcane,Annual,Loamy,Drip,4.78,757.3,26.7,57.7,6.8,37758.48,46429.74,17431.24,66476.37,39681.14,19831.49,205338.36,4.2,227608.46,863146.19,635537.72
1126,2022,Ahmednagar,Soybean,Kharif,Loamy,Rainfed,8.86,408.1,24.6,70.6,6.48,27879.15,34029.77,17767.99,45916.65,15650.78,14232.43,7668.21,50.52,155476.77,387433.95,231957.18
1127,2025,Satara,Onion,Rabi,Loamy,Borewell,3.46,1021.2,20.7,71.7,7.12,21991.52,24605.83,13102.87,35847.79,17768.37,12934.91,23027.05,28.7,126251.3,660831.38,534580.08
1128,2020,Satara,Onion,Rabi,Black,Borewell,5.88,994.2,25.4,72.6,6.71,32046.66,41446.95,19754.82,52948.02,26349.21,15377.25,52596.47,19.34,187922.91,1017036.58,829113.67
1129,2021,Aurangabad,Rice,Kharif,Black,Borewell,2.29,521.9,28.7,59.2,6.28,6930.28,15948.59,7550.33,20074.23,10544.93,6259.42,5759.13,35.09,67307.78,202060.93,134753.15
1130,2022,Kolhapur,Maize,Kharif,Black,Rainfed,7.96,1454.5,26.1,74.1,6.33,21703.9,48017.63,18422.51,53206.43,20654.99,15661.31,22044.7,19.37,177666.77,427085.6,249418.83
1131,2022,Solapur,Tomato,Rabi,Black,Rainfed,4.82,675.8,26.1,64.4,6.72,23146.78,36047.76,21239.1,51095.17,30629.58,14135.24,43499.75,26.38,176293.62,1147574.19,971280.57
1132,2023,Ahmednagar,Soybean,Kharif,Black,Drip,10.06,520.0,25.3,76.8,7.22,30563.95,37703.07,22305.11,47144.31,19654.84,19688.26,11980.94,37.26,177059.54,446380.93,269321.39
1133,2023,Aurangabad,Maize,Kharif,Alluvial,Borewell,5.71,637.7,28.9,69.3,6.13,15324.26,30518.79,12542.48,36550.35,17273.1,13225.51,16947.26,24.59,125434.49,416772.76,291338.27
1134,2020,Satara,Sugarcane,Annual,Alluvial,Canal,1.22,906.6,24.5,68.1,6.01,6325.32,11024.27,3981.5,14095.15,8496.16,4880.77,46048.39,2.85,48803.17,131324.37,82521.2
1135,2024,Sangli,Cotton,Kharif,Alluvial,Rainfed,7.04,590.0,25.3,63.0,5.73,38780.94,51251.91,29836.61,87919.24,41754.98,23613.63,4511.63,61.17,273157.31,275997.68,2840.37
1136,2025,Sangli,Wheat,Rabi,Red,Canal,7.12,656.4,28.0,42.8,7.96,22193.47,46180.49,22299.05,69157.94,21919.49,17575.93,16524.51,30.27,199326.37,500181.3,300854.93
1137,2023,Solapur,Wheat,Rabi,Black,Rainfed,11.88,602.7,25.4,74.6,6.24,33659.67,74287.23,34606.26,84800.86,33867.99,27569.28,32245.42,20.28,288791.29,654087.1,365295.81
1138,2025,Nashik,Onion,Rabi,Alluvial,Rainfed,5.81,641.6,26.3,55.3,7.62,34255.5,47261.53,23313.82,65710.89,33067.63,19373.08,37747.19,24.82,222982.45,937033.06,714050.62
1139,2024,Sangli,Soybean,Kharif,Loamy,Canal,3.13,629.3,24.2,59.3,6.77,9774.31,14985.11,6011.29,14848.84,6539.51,5606.09,3698.98,52.08,57765.15,192629.88,134864.73
1140,2022,Sangli,Tomato,Rabi,Loamy,Drip,8.91,886.0,26.9,73.2,6.01,38884.67,53121.2,42557.72,97720.92,44014.5,27245.49,84081.59,26.64,303544.5,2239929.35,1936384.85
1141,2020,Aurangabad,Maize,Kharif,Red,Borewell,9.47,587.9,26.6,53.2,6.5,24477.28,52007.2,20658.57,53706.52,25779.43,15678.99,27507.23,19.82,192308.0,545091.74,352783.74
1142,2020,Sangli,Onion,Rabi,Alluvial,Drip,8.84,674.5,25.3,58.4,7.83,43975.11,64966.3,27921.48,74168.44,43487.52,24828.27,73153.33,26.42,279347.11,1932527.56,1653180.44
1143,2019,Pune,Maize,Kharif,Black,Drip,9.1,674.6,24.3,56.1,5.92,22917.23,42550.52,15586.09,50509.21,23868.67,13759.66,31144.43,23.33,169191.39,726712.42,557521.03
1144,2020,Sangli,Sugarcane,Annual,Black,Drip,7.78,580.8,27.7,62.5,7.16,55402.67,71646.19,28846.31,104384.55,52796.57,25531.97,266806.11,2.82,338608.25,751668.53,413060.28
1145,2025,Aurangabad,Tomato,Rabi,Loamy,Drip,7.49,570.0,30.1,67.2,6.69,40718.92,66563.37,34864.85,98094.74,41607.38,22752.03,66508.5,31.74,304601.29,2110979.43,1806378.14
1146,2023,Sangli,Sugarcane,Annual,Loamy,Borewell,6.83,582.5,31.6,65.4,6.92,51213.63,57077.06,25295.89,96419.62,57756.7,28315.48,243439.31,2.58,316078.39,627568.91,311490.53
1147,2020,Satara,Onion,Rabi,Loamy,Rainfed,2.13,811.7,26.5,68.2,7.1,11390.41,15021.8,8188.37,18716.13,10501.21,5095.8,14798.1,23.03,68913.72,340873.84,271960.12
1148,2024,Satara,Sugarcane,Annual,Alluvial,Borewell,6.71,1057.9,23.7,62.3,5.8,52880.66,72591.77,24592.39,92532.24,54384.1,27170.72,294151.28,3.55,324151.88,1044225.65,720073.78
1149,2019,Pune,Onion,Rabi,Loamy,Canal,5.88,800.0,20.9,71.2,7.39,31649.6,40968.4,18953.75,45214.64,24686.63,13807.98,36200.86,26.0,175281.0,941154.94,765873.94
1150,2024,Aurangabad,Rice,Kharif,Black,Drip,10.24,813.3,23.9,60.9,6.41,36451.6,77541.71,36547.27,98183.83,51049.48,28062.91,36201.47,31.77,327836.8,1150232.39,822395.58
1151,2023,Aurangabad,Cotton,Kharif,Black,Rainfed,6.66,666.0,25.6,72.9,6.71,34981.07,44009.63,29238.86,70073.7,35597.71,21121.59,4489.54,71.64,235022.58,321619.35,86596.77
1152,2024,Aurangabad,Soybean,Kharif,Black,Canal,4.96,452.3,26.1,66.6,6.3,16372.74,20756.51,9991.71,24641.35,10894.1,8578.13,5483.99,42.63,91234.54,233785.93,142551.39
1153,2023,Solapur,Wheat,Rabi,Black,Borewell,7.25,515.0,23.9,68.9,6.5,23910.61,48429.68,17282.04,56984.16,22373.96,16257.0,20054.32,31.67,185237.45,635067.81,449830.36
1154,2023,Aurangabad,Sugarcane,Annual,Alluvial,Borewell,7.07,801.1,24.3,67.7,6.3,53203.26,64044.78,26436.09,102235.62,52334.21,29934.24,300995.97,3.62,328188.2,1090699.49,762511.29
1155,2021,Kolhapur,Onion,Rabi,Red,Rainfed,2.16,1667.7,22.2,68.6,7.21,12284.6,15315.04,8032.2,19583.24,11628.22,5156.62,16825.21,21.92,71999.93,368739.51,296739.59
1156,2019,Kolhapur,Cotton,Kharif,Loamy,Drip,9.91,1498.0,25.2,60.5,6.64,41582.6,53225.41,33652.06,86880.7,40867.17,27666.86,7246.98,65.48,283874.79,474505.03,190630.24
1157,2025,Kolhapur,Wheat,Rabi,Black,Canal,8.29,1614.8,26.7,69.3,6.88,27833.69,55177.82,25070.6,71540.73,25005.39,21919.65,20666.43,33.42,226547.88,690672.41,464124.53
1158,2020,Nashik,Sugarcane,Annual,Black,Canal,10.5,756.0,26.5,60.7,6.03,65867.07,88759.28,30066.55,137687.67,62069.73,36098.73,450550.84,3.27,420549.03,1474414.63,1053865.6
1159,2023,Ahmednagar,Cotton,Kharif,Alluvial,Canal,3.21,567.1,24.9,73.8,6.09,14731.05,22629.15,12752.68,31605.82,17584.75,9912.69,2645.89,74.22,109216.14,196370.62,87154.48
1160,2024,Pune,Cotton,Kharif,Black,Drip,1.57,680.6,21.2,90.0,6.61,7477.56,11521.39,7731.71,17225.78,7424.41,4944.93,1239.15,53.72,56325.77,66561.49,10235.72
1161,2021,Aurangabad,Maize,Kharif,Red,Canal,11.1,643.5,26.0,73.5,6.55,31684.77,59528.14,19978.46,80541.06,34013.24,16920.86,32149.52,21.09,242666.52,677936.23,435269.71
1162,2020,Aurangabad,Soybean,Kharif,Black,Canal,9.85,702.7,26.0,55.3,6.66,29016.07,35114.47,15711.41,44114.8,19899.49,15541.41,11983.36,41.82,159397.66,501098.68,341701.02
1163,2023,Ahmednagar,Rice,Kharif,Red,Borewell,5.23,609.9,26.6,53.4,7.13,19559.37,43365.01,16508.22,45594.37,21865.54,13472.56,15262.33,35.63,160365.07,543824.28,383459.21
1164,2020,Sangli,Tomato,Rabi,Loamy,Drip,11.83,630.8,26.6,62.2,8.2,53932.17,86641.52,43568.74,129599.85,56749.64,34855.04,123432.5,23.63,405346.97,2916322.64,2510975.67
1165,2019,Solapur,Soybean,Kharif,Alluvial,Rainfed,7.82,602.4,25.1,58.7,5.93,19974.45,28731.12,9444.55,35804.78,12120.23,10834.85,8770.88,50.14,116909.98,439759.05,322849.07
1166,2022,Ahmednagar,Wheat,Rabi,Loamy,Borewell,10.63,758.6,26.8,63.9,6.84,29657.03,68171.43,29329.52,72876.08,28599.88,21467.91,29059.07,27.88,250101.84,810199.66,560097.82
1167,2024,Aurangabad,Cotton,Kharif,Red,Borewell,10.83,810.6,26.2,55.9,5.84,59853.36,74873.31,45764.27,135626.72,53872.46,32263.01,7716.86,79.57,402253.12,614041.11,211787.98
1168,2021,Aurangabad,Tomato,Rabi,Red,Borewell,2.14,770.2,27.9,55.8,6.58,9673.19,16621.25,8487.77,24484.66,9962.13,6307.47,19136.71,21.24,75536.48,406391.35,330854.87
1169,2025,Kolhapur,Wheat,Rabi,Loamy,Borewell,1.99,1534.4,25.2,50.9,5.98,6268.13,13845.83,5612.71,15107.94,5807.0,5167.76,6134.57,43.75,51809.38,268417.99,216608.61
1170,2019,Pune,Onion,Rabi,Alluvial,Borewell,2.08,675.5,22.4,46.8,6.19,10396.01,13045.63,6974.86,19151.01,9655.12,5149.54,16361.86,24.88,64372.17,407057.25,342685.08
1171,2021,Solapur,Cotton,Kharif,Alluvial,Rainfed,1.06,519.9,24.5,44.2,6.3,4522.83,6717.16,4102.18,10416.41,5310.98,2828.97,565.91,76.42,33898.53,43248.92,9350.4
1172,2022,Sangli,Cotton,Kharif,Red,Drip,10.03,642.9,28.3,68.0,7.16,46434.96,56636.59,41511.95,111328.18,53994.21,30321.14,6806.15,64.83,340227.04,441213.47,100986.43
1173,2021,Ahmednagar,Onion,Rabi,Black,Rainfed,11.13,645.8,22.7,57.3,5.47,55775.66,78929.58,47580.75,109390.11,44788.42,26646.95,73690.1,19.45,363111.47,1433196.04,1070084.57
1174,2022,Pune,Rice,Kharif,Black,Rainfed,5.84,630.4,23.9,72.7,6.82,21294.53,40819.5,19679.31,52432.74,22595.64,16300.86,15130.89,26.09,173122.58,394788.25,221665.67
1175,2020,Solapur,Sugarcane,Annual,Alluvial,Canal,4.01,399.5,28.5,70.7,7.39,26236.88,34121.23,12458.32,50461.82,29011.43,13968.27,127030.42,3.17,166257.95,402697.66,236439.72
1176,2019,Pune,Soybean,Kharif,Black,Rainfed,3.59,617.4,23.7,58.8,6.41,11317.85,11992.09,6174.59,16168.74,6410.64,5359.75,3531.2,41.22,57423.67,145550.91,88127.24
1177,2024,Nashik,Soybean,Kharif,Black,Rainfed,1.29,763.9,25.7,60.0,6.9,4375.78,5845.95,2195.77,6839.06,2650.28,2611.17,1317.81,49.35,24518.01,65033.11,40515.1
1178,2024,Sangli,Maize,Kharif,Red,Rainfed,3.63,653.7,29.6,67.2,6.09,10871.51,21411.29,7786.23,23974.93,11710.44,8471.27,8006.48,21.87,84225.67,175123.71,90898.04
1179,2021,Kolhapur,Maize,Kharif,Loamy,Rainfed,11.46,1445.5,25.5,68.8,7.48,26990.56,68165.27,20938.82,72416.6,31203.59,21255.01,31750.23,17.93,240969.86,569179.21,328209.35
1180,2025,Kolhapur,Sugarcane,Annual,Loamy,Canal,6.19,1510.6,23.5,51.9,6.4,43206.84,66158.79,28719.56,85777.88,51427.05,32364.4,247785.69,3.72,307654.53,922431.34,614776.81
1181,2025,Ahmednagar,Cotton,Kharif,Black,Canal,11.94,747.0,25.9,46.8,6.18,63224.98,90557.53,51463.07,133710.63,58699.81,41827.21,8716.92,89.8,439483.24,782804.8,343321.56
1182,2022,Sangli,Wheat,Rabi,Alluvial,Rainfed,9.33,649.0,27.0,52.5,5.39,28845.55,54648.08,22300.17,71389.89,25245.49,21631.77,21980.61,32.49,224060.95,714087.09,490026.14
1183,2020,Kolhapur,Cotton,Kharif,Loamy,Rainfed,8.7,1519.9,27.5,66.4,6.49,40190.36,50884.55,28766.0,70138.65,40757.61,24543.09,6007.74,73.91,255280.25,444002.07,188721.81
1184,2023,Satara,Sugarcane,Annual,Loamy,Drip,8.79,970.1,27.3,54.0,6.41,67706.2,89271.04,36605.09,117877.75,61267.54,37197.57,346451.37,3.25,409925.19,1124958.91,715033.72
1185,2020,Nashik,Sugarcane,Annual,Loamy,Drip,0.56,689.2,24.3,61.1,6.96,3646.89,4805.2,1834.93,7173.19,4126.25,2096.09,20601.68,3.29,23682.57,67709.66,44027.09
1186,2024,Aurangabad,Rice,Kharif,Alluvial,Rainfed,11.67,928.2,26.3,57.0,8.2,45435.07,92307.27,42023.14,111812.67,49534.29,32375.37,34825.54,27.81,373487.81,968603.04,595115.23
1187,2019,Nashik,Wheat,Rabi,Alluvial,Borewell,8.29,821.6,23.2,66.3,7.12,22438.2,44480.05,19251.76,49444.55,21927.14,15459.96,22958.05,25.5,173001.67,585481.61,412479.94
1188,2020,Aurangabad,Wheat,Rabi,Black,Rainfed,1.23,600.0,28.1,72.9,6.15,3709.74,6878.13,3149.34,9022.31,2860.21,2278.47,2780.55,26.72,27898.2,74296.92,46398.72
1189,2020,Kolhapur,Tomato,Rabi,Alluvial,Borewell,10.87,1569.0,25.3,60.7,7.3,48399.44,82355.37,40497.07,104612.77,54647.29,32722.13,96451.41,26.15,363234.08,2522040.44,2158806.36
1190,2022,Aurangabad,Wheat,Rabi,Loamy,Borewell,9.34,541.9,23.1,62.0,7.78,28494.06,52307.82,24976.61,66411.88,23880.0,15808.79,25593.76,28.37,211879.16,726163.33,514284.17
1191,2019,Satara,Rice,Kharif,Loamy,Borewell,7.04,931.6,22.7,67.2,5.38,20363.79,45233.25,20061.45,57236.39,26982.92,15466.02,18121.96,25.48,185343.82,461685.21,276341.39
1192,2021,Solapur,Rice,Kharif,Alluvial,Borewell,5.76,557.5,26.6,75.1,6.03,16670.05,43041.35,17233.15,45436.5,23757.75,14515.52,16488.83,32.61,160654.31,537682.54,377028.23
1193,2021,Nashik,Wheat,Rabi,Alluvial,Rainfed,6.41,560.6,24.6,55.7,6.25,18034.66,32808.15,15491.73,42812.88,14831.01,11574.99,14936.33,34.56,135553.4,516212.52,380659.12
1194,2024,Kolhapur,Sugarcane,Annual,Red,Drip,5.01,1280.6,25.8,58.8,6.57,36472.59,54996.99,22013.69,70962.35,42244.24,21064.83,183012.31,3.76,247754.69,688793.56,441038.87
1195,2024,Sangli,Wheat,Rabi,Red,Canal,5.11,526.3,26.6,50.5,6.02,17119.18,33312.48,12820.09,40839.36,13426.54,10489.17,11538.35,23.07,128006.81,266146.72,138139.91
1196,2024,Nashik,Tomato,Rabi,Alluvial,Borewell,3.29,889.4,22.1,59.9,5.97,18498.53,27733.82,14664.06,33091.58,19485.8,11448.91,32497.38,31.38,124922.7,1019751.41,894828.7
1197,2024,Aurangabad,Rice,Kharif,Red,Drip,10.22,759.8,26.6,54.8,7.73,35807.55,81144.39,39152.46,97041.25,46792.53,30693.21,32638.18,34.72,330631.38,1133045.07,802413.68
1198,2019,Satara,Wheat,Rabi,Red,Borewell,2.96,1022.8,23.3,62.2,6.31,7640.46,14398.57,6139.08,19435.13,7532.13,4758.62,8488.11,32.12,59904.0,272647.16,212743.16
1199,2025,Nashik,Tomato,Rabi,Alluvial,Borewell,10.68,750.8,26.9,68.7,6.64,56814.5,92833.77,48189.79,116220.27,56936.53,33701.83,126263.04,24.27,404696.69,3063974.66,2659277.97
1200,2019,Pune,Sugarcane,Annual,Alluvial,Rainfed,10.76,873.3,23.4,63.5,6.23,66648.16,90467.26,37705.73,122360.91,73221.67,35343.28,395443.28,3.0,425747.0,1187659.04,761912.03
1201,2022,Pune,Onion,Rabi,Black,Drip,4.5,801.7,23.1,76.9,6.66,25586.78,34910.95,17556.45,43957.55,24597.45,13602.79,36074.21,26.56,160211.97,958240.2,798028.23
1202,2024,Ahmednagar,Sugarcane,Annual,Red,Rainfed,2.29,577.8,21.0,70.4,7.36,17833.08,23429.47,9576.44,35951.6,20623.93,9783.32,76113.3,3.29,117197.85,250235.8,133037.94
1203,2022,Ahmednagar,Wheat,Rabi,Black,Borewell,9.08,651.4,22.7,70.3,6.31,27872.89,46778.03,23052.44,64277.71,25720.33,17253.3,25828.2,25.88,204954.71,668526.45,463571.73
1204,2024,Satara,Wheat,Rabi,Red,Rainfed,8.25,1049.2,26.6,54.1,6.59,27669.92,58472.75,19235.76,64018.51,23738.82,16152.86,18624.88,27.55,209288.61,513039.34,303750.72
1205,2021,Pune,Maize,Kharif,Black,Borewell,3.31,728.4,26.9,79.6,6.6,9275.24,17472.6,6425.57,25021.67,9245.63,6240.07,10946.11,16.98,73680.78,185838.84,112158.06
1206,2025,Nashik,Maize,Kharif,Black,Rainfed,8.37,811.3,23.7,61.2,7.35,27503.36,49182.13,20088.62,65195.43,27063.59,18631.54,27799.19,26.17,207664.67,727584.49,519919.82
1207,2019,Satara,Sugarcane,Annual,Red,Borewell,8.14,786.8,24.9,77.8,6.31,50555.27,72552.92,23072.97,73357.47,53822.14,31147.27,268477.57,2.84,304508.04,762465.04,457957.0
1208,2021,Sangli,Onion,Rabi,Black,Drip,4.88,608.7,26.0,54.0,7.09,28292.99,36041.83,15481.2,43941.17,27665.32,14491.58,44259.15,18.72,165914.08,828660.26,662746.17
1209,2025,Satara,Onion,Rabi,Black,Drip,11.75,718.8,21.4,54.8,6.66,77299.56,96364.92,45134.51,128805.64,59415.3,37150.8,73910.72,19.76,444170.73,1460504.87,1016334.14
1210,2019,Nashik,Onion,Rabi,Alluvial,Drip,5.52,791.1,21.9,68.4,7.39,27349.34,28657.21,18043.74,46893.08,19906.69,15925.02,35585.82,23.03,156775.08,819379.27,662604.19
1211,2024,Ahmednagar,Tomato,Rabi,Alluvial,Drip,8.68,470.6,21.4,67.8,5.37,44344.95,75422.44,39208.03,103897.06,50392.84,28268.61,87714.22,27.46,341533.93,2408944.49,2067410.57
1212,2023,Satara,Sugarcane,Annual,Black,Drip,5.3,942.2,21.0,49.9,7.35,40135.16,49095.08,17654.26,69983.18,39927.2,20724.26,200488.01,3.83,237519.14,768216.57,530697.44
1213,2025,Sangli,Rice,Kharif,Red,Rainfed,10.62,355.6,27.9,43.7,6.83,41026.67,75171.61,40116.18,101459.85,49840.83,25649.31,20841.43,42.5,333264.46,885692.44,552427.98
1214,2019,Nashik,Sugarcane,Annual,Black,Drip,1.33,716.9,25.7,62.3,6.09,8243.78,12281.89,4401.67,14972.5,9093.41,4510.89,51246.18,3.3,53504.15,169247.12,115742.97
1215,2022,Kolhapur,Rice,Kharif,Loamy,Drip,11.38,1447.2,23.4,48.8,7.04,41763.5,80353.02,35541.47,85946.51,48926.75,29234.69,35495.54,24.43,321765.93,867152.1,545386.17
1216,2024,Ahmednagar,Soybean,Kharif,Alluvial,Borewell,4.14,735.6,23.9,39.4,6.68,14817.12,20827.37,8359.42,20313.57,7816.7,7727.8,5429.92,51.31,79861.98,278608.62,198746.64
1217,2020,Satara,Tomato,Rabi,Black,Drip,10.01,966.1,20.6,62.4,5.95,42981.91,78417.67,38758.4,102802.83,52194.3,25294.06,94707.16,19.64,340449.18,1859873.25,1519424.07
1218,2024,Nashik,Sugarcane,Annual,Alluvial,Canal,3.27,695.6,22.5,69.7,6.3,25009.35,35827.57,13742.14,50737.92,21650.59,15359.49,124369.01,4.03,162327.05,500849.94,338522.89
1219,2023,Pune,Tomato,Rabi,Red,Drip,8.61,694.7,23.7,47.5,6.43,42121.4,68542.19,29863.87,102533.34,51170.37,27199.56,80320.85,22.6,321430.72,1815155.05,1493724.33
1220,2023,Nashik,Rice,Kharif,Alluvial,Drip,6.59,813.8,24.5,56.4,6.88,22610.11,50857.43,19338.06,57181.2,30863.59,16714.05,22042.46,31.92,197564.43,703559.89,505995.45
1221,2021,Satara,Sugarcane,Annual,Black,Drip,2.0,728.6,22.6,68.4,6.94,14719.71,18925.01,6653.9,24695.18,13907.33,7355.2,72086.62,3.51,86256.32,252773.84,166517.52
1222,2024,Ahmednagar,Rice,Kharif,Loamy,Borewell,3.01,475.3,22.3,76.3,7.03,10625.98,24313.37,9643.54,29410.18,13033.53,7693.69,8266.64,36.91,94720.29,305139.71,210419.42
1223,2024,Ahmednagar,Maize,Kharif,Black,Rainfed,8.73,554.2,27.2,65.2,6.73,27618.73,46844.54,20797.1,63823.57,25018.95,20531.5,23288.79,15.02,204634.38,349800.17,145165.79
1224,2020,Kolhapur,Onion,Rabi,Loamy,Canal,11.46,1623.0,28.1,65.9,6.89,50339.56,70243.17,39838.1,106810.04,55139.49,27801.67,94071.17,25.58,350172.04,2406196.92,2056024.88
1225,2019,Aurangabad,Onion,Rabi,Black,Rainfed,7.67,561.9,28.4,63.9,7.49,39523.0,48774.88,24918.93,70225.02,34119.5,20990.54,51098.99,21.88,238551.87,1118197.22,879645.35
1226,2025,Ahmednagar,Maize,Kharif,Black,Borewell,4.26,691.1,24.4,74.5,6.49,13322.69,27020.96,9549.3,32232.0,13837.23,8271.5,16032.23,22.98,104233.67,368435.67,264202.0
1227,2020,Nashik,Rice,Kharif,Loamy,Canal,8.89,632.7,21.9,59.9,7.96,26793.02,55758.55,23018.18,63373.31,31660.37,20880.12,25073.62,32.17,221483.55,806503.22,585019.67
1228,2024,Satara,Tomato,Rabi,Alluvial,Drip,11.68,772.0,25.1,51.1,6.01,55780.06,81518.0,54075.43,132621.76,66076.66,36264.83,124015.8,28.12,426336.74,3487596.74,3061260.01
1229,2020,Solapur,Rice,Kharif,Black,Drip,8.83,485.2,26.6,64.9,7.47,27263.24,60536.63,27903.71,67525.67,34654.52,19606.55,26976.99,33.64,237490.31,907619.35,670129.04
1230,2022,Satara,Tomato,Rabi,Red,Rainfed,2.75,1027.6,24.1,45.8,7.75,12792.46,21604.52,11798.39,34303.91,12721.64,8651.47,22684.08,28.51,101872.39,646754.27,544881.87
1231,2019,Aurangabad,Sugarcane,Annual,Loamy,Drip,11.08,491.7,24.8,52.2,7.79,76130.21,93484.32,32058.75,143456.38,75646.89,34851.67,354613.49,2.95,455628.22,1046211.37,590583.16
1232,2020,Aurangabad,Soybean,Kharif,Loamy,Canal,5.27,634.1,28.7,62.6,7.86,14823.44,19896.62,8723.12,22414.43,12716.87,8933.89,6249.73,48.59,87508.37,303686.16,216177.8
1233,2024,Aurangabad,Maize,Kharif,Red,Canal,8.87,873.7,23.6,46.2,7.73,26275.43,53821.82,20131.86,69685.96,24987.92,19177.15,29264.93,26.2,214080.15,766654.52,552574.37
1234,2021,Satara,Cotton,Kharif,Red,Rainfed,5.77,1139.5,24.0,79.6,7.59,23230.65,34682.7,20877.37,57538.82,26603.62,16434.62,3695.19,74.98,179367.77,277062.27,97694.5
1235,2020,Kolhapur,Wheat,Rabi,Black,Borewell,7.48,1513.7,23.1,60.4,6.48,21656.89,39495.8,16955.01,50299.67,18438.41,14666.96,18932.22,24.45,161512.74,462832.08,301319.34
1236,2020,Sangli,Sugarcane,Annual,Alluvial,Drip,4.2,565.8,27.9,79.8,6.66,29940.63,39988.96,14025.92,55373.48,25590.34,14402.89,170431.16,2.8,179322.23,477383.18,298060.95
1237,2025,Ahmednagar,Cotton,Kharif,Red,Drip,5.78,455.4,26.3,69.9,5.78,31548.05,39427.87,28240.21,64243.31,26595.99,18788.37,3843.16,91.16,208843.79,350359.99,141516.2
1238,2025,Sangli,Rice,Kharif,Loamy,Drip,10.24,513.6,26.4,53.3,6.36,40212.0,71654.59,36362.85,92958.71,46854.76,28914.25,29671.43,31.94,316957.15,947657.45,630700.3
1239,2021,Aurangabad,Sugarcane,Annual,Black,Borewell,7.88,554.1,29.0,63.4,7.53,52686.9,71569.76,22099.19,110714.95,52671.62,32370.55,282918.69,3.8,342112.98,1074796.04,732683.06
1240,2021,Satara,Soybean,Kharif,Loamy,Drip,2.71,850.0,21.6,58.1,7.34,9047.79,11042.62,4863.31,13880.54,5200.56,4100.29,3054.91,55.69,48135.1,170121.03,121985.92
1241,2022,Pune,Maize,Kharif,Black,Rainfed,3.12,727.0,23.5,70.7,6.39,8978.45,16410.24,6191.78,22111.16,10196.94,6097.91,8329.75,17.38,69986.48,144760.19,74773.71
1242,2022,Pune,Sugarcane,Annual,Loamy,Borewell,3.19,670.8,27.4,58.5,7.36,23794.9,35214.09,10596.12,44462.86,28709.46,12739.78,112383.57,3.23,155517.22,362516.12,206998.89
1243,2022,Aurangabad,Rice,Kharif,Red,Rainfed,6.51,705.4,24.2,57.3,5.42,19918.44,46936.45,22693.99,51245.3,26047.88,17481.97,14892.46,30.12,184324.02,448625.14,264301.12
1244,2020,Sangli,Wheat,Rabi,Red,Canal,0.81,650.2,26.6,50.8,7.08,2153.27,4311.78,1932.27,6025.87,1985.52,1603.41,2052.99,28.55,18012.11,58622.02,40609.91
1245,2024,Satara,Cotton,Kharif,Black,Rainfed,6.46,901.3,25.2,66.4,6.22,33492.31,47338.93,24814.67,71846.84,32012.01,19173.6,4595.53,89.45,228678.36,411081.67,182403.31
1246,2020,Kolhapur,Sugarcane,Annual,Loamy,Rainfed,2.98,1588.2,25.3,51.7,6.21,20459.39,26502.93,11938.46,39833.03,19847.37,10188.1,110649.63,2.65,128769.29,293744.41,164975.12
1247,2025,Aurangabad,Sugarcane,Annual,Red,Borewell,1.91,738.6,28.9,50.1,7.01,15666.21,22281.9,7424.72,31988.44,14853.24,8527.39,73477.18,3.22,100741.9,236253.45,135511.54
1248,2024,Solapur,Maize,Kharif,Loamy,Rainfed,11.65,482.7,26.8,63.7,7.32,33710.9,71580.14,28552.88,79404.34,33197.12,25569.22,28695.07,18.54,272014.58,532052.47,260037.88
1249,2024,Sangli,Rice,Kharif,Alluvial,Rainfed,11.19,606.0,29.3,59.4,7.44,38187.57,84166.07,38391.76,95748.18,50938.88,33449.63,25796.89,31.88,340882.08,822335.22,481453.14
1250,2025,Sangli,Cotton,Kharif,Alluvial,Drip,5.55,805.4,23.0,71.8,6.85,28625.91,34585.87,25823.29,58661.12,26315.81,16393.21,4863.4,83.45,190405.2,405833.32,215428.12
1251,2024,Solapur,Rice,Kharif,Black,Canal,11.08,646.3,27.3,60.8,6.47,40313.2,91015.83,37135.06,113249.8,54593.66,30999.08,31515.61,32.89,367306.63,1036648.04,669341.4
1252,2022,Nashik,Wheat,Rabi,Alluvial,Borewell,8.66,503.1,20.4,63.3,7.17,28116.48,53740.77,20052.66,64046.82,28264.27,15933.67,19427.07,29.92,210154.67,581314.31,371159.65
1253,2021,Solapur,Wheat,Rabi,Red,Rainfed,9.63,462.4,23.6,65.5,7.46,27434.1,59258.01,28544.04,63688.94,20307.67,19411.61,20827.01,31.14,218644.37,648591.2,429946.83
1254,2021,Ahmednagar,Soybean,Kharif,Red,Rainfed,7.51,703.2,24.0,56.5,6.21,21254.06,30865.45,12712.45,37518.43,13935.2,13588.89,8278.64,51.51,129874.49,426393.31,296518.82
1255,2025,Satara,Sugarcane,Annual,Red,Canal,7.69,817.9,24.7,42.0,7.21,50844.55,81042.4,29009.27,113991.19,60738.93,34062.75,278724.99,3.88,369689.09,1081879.37,712190.29
1256,2023,Kolhapur,Onion,Rabi,Loamy,Canal,2.06,1351.2,24.5,74.1,6.54,13198.01,15159.48,7308.6,20574.93,11947.86,5838.69,17306.42,27.5,74027.57,475996.91,401969.34
1257,2021,Nashik,Wheat,Rabi,Alluvial,Borewell,4.4,776.3,25.4,76.1,7.1,12830.45,25065.05,10270.48,29803.93,9923.79,8120.26,12336.67,27.23,96013.95,335930.63,239916.67
1258,2022,Nashik,Sugarcane,Annual,Alluvial,Borewell,6.09,875.8,22.8,52.1,7.0,40851.1,60848.72,20277.76,73275.82,51132.76,25314.09,240903.74,3.09,271700.25,744413.98,472713.73
1259,2020,Nashik,Onion,Rabi,Loamy,Rainfed,11.64,485.0,23.9,57.6,6.92,62834.28,69955.2,40058.0,89366.35,62342.81,29546.65,75877.03,18.75,354103.31,1422679.37,1068576.07
1260,2020,Sangli,Rice,Kharif,Alluvial,Rainfed,8.13,597.1,25.9,57.0,6.81,26184.84,49711.49,29027.97,64119.4,30793.42,20802.33,23138.68,28.55,220639.46,660522.04,439882.58
1261,2021,Ahmednagar,Rice,Kharif,Black,Drip,5.14,537.8,25.6,62.5,6.34,18095.56,39088.05,16619.38,37951.9,18895.91,13448.78,16041.81,27.15,144099.58,435615.16,291515.58
1262,2025,Ahmednagar,Sugarcane,Annual,Red,Rainfed,2.36,613.6,24.7,63.3,7.05,19802.59,28721.93,9574.65,34467.06,20438.02,9529.92,77496.01,3.14,122534.18,243064.95,120530.77
1263,2024,Sangli,Cotton,Kharif,Red,Borewell,5.7,584.6,28.6,70.8,6.49,31567.06,39019.97,26670.35,59929.16,29922.22,17630.83,4555.66,63.69,204739.57,290152.91,85413.34
1264,2022,Sangli,Onion,Rabi,Black,Canal,6.19,570.8,28.7,76.1,6.2,37334.75,45702.55,18949.68,60899.44,33541.26,16232.87,48327.64,23.21,212660.56,1121541.34,908880.78
1265,2019,Nashik,Soybean,Kharif,Red,Canal,3.88,684.6,24.8,60.5,5.2,11465.38,13096.77,7419.47,17851.71,6843.36,5347.84,4464.12,44.09,62024.53,196834.3,134809.77
1266,2024,Solapur,Tomato,Rabi,Alluvial,Borewell,5.0,552.9,27.4,51.2,5.9,25097.79,41166.49,21415.5,65265.9,31693.34,14348.61,51714.52,25.41,198987.63,1314020.4,1115032.77
1267,2021,Aurangabad,Sugarcane,Annual,Red,Canal,8.78,643.7,26.6,47.1,6.65,56685.19,72920.01,31111.31,135130.46,58656.9,31654.66,312446.66,3.04,386158.53,949425.33,563266.8
1268,2020,Kolhapur,Maize,Kharif,Loamy,Canal,5.11,1274.0,26.4,60.5,6.8,12570.51,25790.34,10064.26,30323.52,12179.84,11059.44,13637.56,17.2,101987.91,234506.44,132518.53
1269,2020,Pune,Cotton,Kharif,Alluvial,Canal,3.66,858.8,31.5,70.3,6.39,16583.98,19240.57,12522.03,36862.23,16441.82,9205.11,2309.62,53.23,110855.75,122933.51,12077.76
1270,2023,Ahmednagar,Sugarcane,Annual,Red,Canal,10.92,579.1,28.0,70.4,6.74,81539.66,114879.76,32147.54,157742.87,80964.35,44302.76,326825.32,2.89,511576.95,945535.97,433959.02
1271,2025,Ahmednagar,Maize,Kharif,Red,Drip,9.75,744.2,24.8,65.1,6.63,30678.62,64694.03,23532.86,54498.14,33728.34,17732.24,32597.55,21.78,224864.23,710109.22,485244.99
1272,2019,Nashik,Soybean,Kharif,Alluvial,Drip,6.64,631.6,23.9,54.5,6.29,19717.89,22300.25,10768.7,26881.68,9101.4,10072.92,8312.35,47.72,98842.83,396668.79,297825.96
1273,2021,Kolhapur,Sugarcane,Annual,Red,Drip,3.86,1454.5,28.4,64.4,5.99,28064.69,35603.62,12531.13,47582.0,30188.68,15281.73,119791.43,3.57,169251.85,427058.28,257806.44
1274,2021,Solapur,Wheat,Rabi,Red,Canal,2.07,461.4,27.5,55.4,5.43,5918.64,12157.99,4696.61,13751.33,5589.04,4554.88,4834.07,27.34,46668.49,132161.74,85493.26
1275,2023,Ahmednagar,Sugarcane,Annual,Alluvial,Rainfed,3.02,668.7,27.6,72.3,6.13,20733.96,31551.77,13612.58,43832.23,19867.19,12147.42,112532.1,4.21,141745.14,473462.03,331716.89
1276,2022,Sangli,Wheat,Rabi,Red,Borewell,9.87,851.1,23.5,65.8,6.22,28773.75,52310.84,24327.11,73018.47,29291.72,17732.44,23363.72,31.31,225454.33,731442.03,505987.7
1277,2019,Ahmednagar,Onion,Rabi,Alluvial,Canal,11.62,682.0,21.8,64.3,6.71,60428.49,66508.22,35360.22,108346.38,49253.69,27903.44,86278.84,22.46,347800.44,1937800.32,1589999.88
1278,2025,Kolhapur,Sugarcane,Annual,Red,Borewell,10.59,1387.9,26.3,48.3,6.81,76140.49,112687.51,45502.68,123512.72,96760.12,48404.44,384762.77,3.76,503007.96,1446908.33,943900.38
1279,2024,Nashik,Onion,Rabi,Loamy,Rainfed,3.7,458.4,20.8,81.2,6.79,22810.03,29086.8,15000.06,40033.81,20073.13,11652.78,20722.29,24.68,138656.61,511473.95,372817.34
1280,2021,Nashik,Maize,Kharif,Black,Borewell,3.38,801.7,21.1,62.1,7.67,9336.0,19056.86,7535.26,20673.21,8961.73,6273.3,10981.69,17.18,71836.36,188636.92,116800.56
1281,2021,Aurangabad,Soybean,Kharif,Black,Canal,10.05,697.2,23.7,68.6,6.96,34211.59,40367.04,17693.59,47093.6,18073.55,18461.24,11666.01,50.29,175900.6,586694.15,410793.55
1282,2023,Satara,Wheat,Rabi,Red,Canal,8.78,767.4,24.6,63.3,6.9,25131.85,52078.96,22614.56,73726.59,28479.95,20732.3,18948.85,31.91,222764.21,604645.51,381881.31
1283,2019,Pune,Soybean,Kharif,Loamy,Rainfed,0.72,689.0,23.4,72.0,7.0,2085.05,2812.37,1307.81,2963.77,1165.99,1110.75,779.99,55.22,11445.74,43067.68,31621.94
1284,2022,Satara,Tomato,Rabi,Alluvial,Rainfed,11.66,964.1,24.3,51.9,5.95,55849.54,90063.27,50219.67,123556.7,65001.67,34010.66,104908.73,32.16,418701.5,3374174.51,2955473.0
1285,2020,Sangli,Onion,Rabi,Loamy,Canal,7.71,677.4,27.0,52.3,7.2,41555.46,49418.63,26035.3,66870.87,37853.33,20638.43,59644.6,22.28,242372.02,1328677.54,1086305.52
1286,2019,Solapur,Tomato,Rabi,Alluvial,Canal,9.76,603.4,25.9,63.7,7.47,46105.73,60905.46,34712.73,88719.59,49308.75,20829.04,99467.43,19.54,300581.31,1943404.59,1642823.28
1287,2022,Kolhapur,Onion,Rabi,Black,Drip,9.38,1612.2,24.8,67.8,6.74,50008.75,74928.33,34101.74,97194.97,42310.09,25009.2,87120.66,25.16,323553.08,2191952.32,1868399.23
1288,2025,Sangli,Sugarcane,Annual,Loamy,Canal,11.35,760.1,25.1,48.3,6.78,91324.97,135201.08,39728.61,184870.39,85474.45,53904.55,466749.39,3.23,590504.05,1506480.04,915975.99
1289,2024,Sangli,Maize,Kharif,Loamy,Drip,3.0,624.1,24.2,67.8,6.27,8289.74,18686.36,7004.32,20987.04,10609.68,6264.26,10292.75,21.83,71841.41,224729.64,152888.24
1290,2020,Ahmednagar,Rice,Kharif,Alluvial,Borewell,3.01,453.5,29.9,75.1,8.0,9748.07,18874.55,9429.35,21296.82,9520.96,6482.25,8059.35,24.65,75352.01,198646.6,123294.59
1291,2023,Nashik,Onion,Rabi,Loamy,Rainfed,7.38,893.4,26.2,49.9,6.05,44323.89,56381.85,28522.47,71033.11,39746.43,23229.02,51492.02,24.19,263236.77,1245593.18,982356.41
1292,2024,Sangli,Wheat,Rabi,Alluvial,Borewell,9.6,672.1,26.6,57.2,6.57,29811.17,56695.83,27079.57,75562.32,25028.52,24946.91,30051.74,28.05,239124.31,843036.24,603911.93
1293,2024,Aurangabad,Maize,Kharif,Red,Drip,8.4,666.9,24.7,55.8,6.78,23418.1,46966.6,19675.59,66010.74,26912.03,17144.02,26332.03,19.71,200127.07,518915.11,318788.04
1294,2021,Sangli,Maize,Kharif,Loamy,Rainfed,9.73,710.9,24.1,49.0,6.41,25558.87,54104.28,20599.11,69280.89,26228.68,19022.46,30716.11,19.13,214794.28,587693.92,372899.64
1295,2022,Kolhapur,Cotton,Kharif,Loamy,Drip,11.41,1446.2,24.4,74.1,7.29,55632.58,82134.14,50289.93,108073.96,61336.08,36176.13,7970.35,62.19,393642.82,495639.4,101996.58
1296,2020,Pune,Wheat,Rabi,Alluvial,Canal,11.18,844.1,27.3,63.7,5.79,31389.38,58164.65,26538.76,66759.94,30406.76,18554.46,34537.13,25.84,231813.96,892313.47,660499.51
1297,2024,Nashik,Sugarcane,Annual,Alluvial,Borewell,10.46,758.0,24.2,52.9,6.82,87334.52,102483.99,39461.24,141293.78,75956.93,44955.11,398911.09,2.82,491485.57,1123321.62,631836.05
1298,2024,Aurangabad,Maize,Kharif,Red,Rainfed,0.63,723.3,25.6,52.7,5.86,1726.64,3718.66,1526.97,4764.18,2090.16,1265.51,1973.8,23.82,15092.12,47008.76,31916.64
1299,2022,Kolhapur,Rice,Kharif,Black,Canal,0.75,1564.2,25.5,49.6,6.94,2469.68,4981.51,2487.05,6345.64,3133.79,2123.31,2417.39,34.79,21540.99,84109.82,62568.84
1300,2025,Sangli,Sugarcane,Annual,Alluvial,Borewell,9.81,522.6,27.5,71.5,6.2,81282.35,97959.56,39414.03,153104.09,75823.79,40538.58,368101.45,3.38,488122.4,1244038.61,755916.21
1301,2023,Solapur,Rice,Kharif,Black,Canal,9.01,631.1,28.7,67.7,6.1,31235.43,65842.9,24508.84,76778.28,38880.64,24233.14,29005.5,30.56,261479.24,886449.25,624970.02
1302,2020,Pune,Maize,Kharif,Alluvial,Borewell,0.57,732.0,22.9,58.9,6.57,1357.64,3063.83,1132.6,3485.62,1435.77,1140.34,1654.51,18.62,11615.8,30812.25,19196.44
1303,2020,Solapur,Maize,Kharif,Black,Canal,1.51,545.8,33.4,66.4,6.02,4024.07,7914.58,2893.21,8463.08,4243.98,2537.63,4888.54,18.51,30076.55,90482.55,60406.0
1304,2024,Sangli,Onion,Rabi,Alluvial,Rainfed,8.68,739.6,27.7,66.7,6.55,57828.61,67920.78,33935.36,89801.07,48587.37,24390.35,60026.0,23.35,322463.54,1401575.96,1079112.43
1305,2023,Kolhapur,Cotton,Kharif,Black,Drip,9.78,1349.3,22.6,48.4,5.53,40828.65,66758.41,41891.62,103039.96,48757.14,29320.06,7172.91,75.96,330595.85,544857.69,214261.85
1306,2023,Nashik,Maize,Kharif,Red,Canal,1.93,804.9,24.3,74.6,7.07,5302.73,10807.15,4748.53,13221.62,5543.0,3970.62,5712.63,22.27,43593.65,127192.54,83598.89
1307,2021,Kolhapur,Onion,Rabi,Alluvial,Rainfed,8.53,1504.7,25.1,62.2,7.26,48804.65,57308.84,28853.21,79118.89,48940.06,25634.51,61150.78,26.74,288660.15,1635183.3,1346523.14
1308,2019,Ahmednagar,Onion,Rabi,Red,Canal,0.76,615.4,23.7,66.5,6.01,4100.36,5280.37,2229.02,6566.16,3750.81,1990.15,6397.7,19.31,23916.87,123526.19,99609.32
1309,2022,Aurangabad,Onion,Rabi,Alluvial,Drip,11.28,604.7,24.4,66.1,6.29,63477.65,84148.9,45760.1,98411.03,51644.55,31028.62,86089.37,18.38,374470.86,1582617.6,1208146.74
1310,2020,Satara,Rice,Kharif,Red,Drip,4.38,1096.2,24.5,51.2,7.31,13817.02,32419.97,13658.21,36202.99,16275.13,10575.03,14630.45,31.26,122948.35,457300.5,334352.15
1311,2022,Sangli,Rice,Kharif,Black,Rainfed,2.44,588.7,27.3,77.0,7.96,8133.75,17179.0,7643.78,21943.01,9833.65,6249.3,6718.88,33.36,70982.49,224126.62,153144.14
1312,2022,Pune,Maize,Kharif,Alluvial,Canal,2.25,771.8,26.5,77.6,6.84,5795.56,13158.4,5111.18,15086.77,6929.04,4239.78,7297.46,23.92,50320.74,174548.13,124227.39
1313,2025,Ahmednagar,Onion,Rabi,Loamy,Canal,8.93,768.8,25.4,61.4,5.84,57899.17,70018.28,40404.87,98616.04,45216.91,30079.06,69211.54,25.26,342234.32,1747956.34,1405722.02
1314,2019,Kolhapur,Maize,Kharif,Black,Drip,10.62,1204.7,24.5,51.4,6.17,25795.49,49511.62,19226.38,59817.88,27515.81,18303.71,34637.85,25.36,200170.89,878580.23,678409.34
1315,2024,Ahmednagar,Maize,Kharif,Red,Canal,6.21,673.2,24.4,70.1,6.53,18585.43,39390.66,15524.22,50841.99,21657.85,13818.52,18134.04,25.98,159818.65,471134.64,311315.99
1316,2020,Satara,Maize,Kharif,Black,Borewell,8.08,975.9,27.0,65.4,6.57,20235.65,40683.06,18137.25,51862.46,22119.75,14799.99,26601.3,29.0,167838.16,771338.45,603500.29
1317,2019,Nashik,Rice,Kharif,Loamy,Borewell,4.16,647.9,20.6,67.1,6.89,12937.13,26372.0,10960.4,33004.57,16938.89,8357.02,11694.75,32.99,108569.99,385788.84,277218.84
1318,2019,Satara,Wheat,Rabi,Black,Rainfed,11.13,845.1,23.2,57.3,7.14,30147.77,53175.1,27290.63,69873.81,24361.31,19330.06,25597.38,34.26,224178.67,877038.88,652860.21
1319,2021,Nashik,Sugarcane,Annual,Black,Rainfed,2.78,710.5,22.1,63.6,6.26,20218.41,25138.04,9416.81,36745.69,21417.43,10569.2,90128.05,2.89,123505.58,260792.51,137286.92
1320,2025,Pune,Cotton,Kharif,Black,Rainfed,9.9,710.3,28.6,69.9,7.04,54358.52,60617.97,46936.85,98745.25,54716.11,28208.05,7162.91,72.7,343582.74,520761.82,177179.09
1321,2020,Satara,Soybean,Kharif,Alluvial,Rainfed,1.91,1025.6,23.1,74.5,6.3,5172.96,7912.0,3821.55,8491.87,2991.19,2944.06,2075.34,45.02,31333.63,93429.25,62095.62
1322,2025,Ahmednagar,Rice,Kharif,Alluvial,Canal,0.72,559.7,25.3,62.5,6.85,2567.23,5333.85,2591.22,6959.98,3651.56,2053.13,1729.95,28.58,23156.98,49447.38,26290.39
1323,2025,Ahmednagar,Onion,Rabi,Red,Rainfed,2.03,611.2,24.9,71.2,7.78,11953.04,16926.43,8110.15,25406.52,12244.78,6652.8,13663.11,27.98,81293.72,382277.15,300983.43
1324,2023,Pune,Rice,Kharif,Red,Drip,1.37,869.6,24.9,54.0,5.73,4921.76,9569.75,4898.02,11715.39,6076.91,3551.78,4354.5,31.3,40733.61,136311.15,95577.54
1325,2025,Ahmednagar,Cotton,Kharif,Black,Rainfed,1.6,656.1,24.3,79.4,7.32,8313.98,11434.82,7738.74,19634.02,9155.16,5154.85,1116.78,72.14,61431.58,80562.83,19131.26
1326,2021,Aurangabad,Soybean,Kharif,Red,Borewell,1.27,644.6,26.9,62.7,6.94,3502.98,4994.42,2365.27,6068.01,2241.53,1877.86,1411.58,48.49,21050.09,68449.99,47399.91
1327,2025,Ahmednagar,Rice,Kharif,Alluvial,Borewell,9.22,607.5,23.3,56.1,6.99,34170.45,67161.76,34512.97,85287.41,36606.28,29127.38,25666.08,38.93,286866.25,999227.44,712361.19
1328,2023,Satara,Tomato,Rabi,Red,Borewell,6.87,1016.9,23.4,61.4,6.2,35204.53,53139.84,26750.59,68872.56,41108.0,21280.13,71153.14,27.39,246355.65,1949227.15,1702871.5
1329,2019,Solapur,Rice,Kharif,Loamy,Rainfed,3.77,425.6,26.0,62.2,6.99,11821.04,25420.52,10030.04,29160.74,14608.13,8067.74,8897.25,22.26,99108.19,198095.99,98987.8
1330,2025,Aurangabad,Maize,Kharif,Alluvial,Canal,10.45,623.5,28.7,56.1,7.08,28332.19,71599.85,19652.52,66989.47,35961.58,23512.87,31084.91,21.69,246048.48,674224.24,428175.76
1331,2021,Nashik,Wheat,Rabi,Loamy,Rainfed,5.1,934.7,24.2,64.4,7.01,14697.94,29004.28,12697.44,30347.12,12829.84,9058.9,13001.56,29.75,108635.51,386785.28,278149.77
1332,2022,Kolhapur,Tomato,Rabi,Alluvial,Borewell,1.71,1568.7,20.7,57.5,5.64,7920.47,13271.4,6648.96,17330.28,9574.2,5229.76,17334.21,27.86,59975.07,482995.69,423020.62
1333,2021,Sangli,Soybean,Kharif,Loamy,Drip,1.23,667.8,26.7,67.2,5.27,3368.17,4662.94,2532.63,4734.87,2263.36,1966.85,1665.88,44.68,19528.82,74435.16,54906.33
1334,2024,Aurangabad,Rice,Kharif,Alluvial,Drip,6.49,681.9,26.7,67.9,6.56,26250.11,52763.53,26428.44,56493.98,34262.09,16384.2,20395.53,35.14,212582.36,716788.29,504205.94
1335,2024,Aurangabad,Wheat,Rabi,Black,Borewell,3.56,625.5,26.1,63.8,6.96,10301.37,20763.99,7719.94,26437.13,10094.49,7411.2,10592.27,25.05,82728.12,265303.86,182575.74
1336,2019,Nashik,Sugarcane,Annual,Red,Borewell,0.86,828.1,27.9,63.8,6.19,5273.43,6782.89,2492.44,12051.39,5725.33,2809.38,30728.11,3.27,35134.85,100610.86,65476.01
1337,2024,Nashik,Tomato,Rabi,Red,Rainfed,4.2,578.9,21.2,46.7,5.83,21137.56,34651.57,20420.25,52737.2,22761.57,13111.97,25676.22,31.21,164820.12,801479.9,636659.78
1338,2021,Satara,Onion,Rabi,Red,Borewell,8.18,935.1,22.6,48.1,7.23,45339.8,59686.73,27809.94,69690.15,40243.74,24361.22,62076.2,28.29,267131.59,1756245.62,1489114.03
1339,2025,Satara,Rice,Kharif,Loamy,Borewell,6.43,934.3,25.6,62.0,6.87,23001.88,51955.16,20627.93,59714.9,35776.96,17861.99,19073.23,30.27,208938.82,577370.7,368431.88
1340,2025,Kolhapur,Cotton,Kharif,Loamy,Canal,1.44,1564.5,26.3,84.4,7.42,7993.03,10096.15,5823.45,18178.56,8300.96,4663.19,1111.59,80.16,55055.34,89101.26,34045.92
1341,2022,Sangli,Sugarcane,Annual,Alluvial,Drip,11.44,664.4,28.8,59.5,6.79,76369.93,113911.94,40345.32,178626.52,80969.59,40645.25,448389.03,3.67,530868.54,1643835.94,1112967.4
1342,2019,Nashik,Sugarcane,Annual,Alluvial,Borewell,3.3,812.5,22.8,48.3,7.02,22657.15,28631.56,10695.39,38430.24,24179.87,11881.3,128115.42,2.8,136475.51,359083.09,222607.59
1343,2024,Satara,Sugarcane,Annual,Red,Rainfed,5.8,951.5,23.2,60.7,6.66,46502.25,64529.96,20934.03,92544.34,48958.43,24762.61,179652.33,2.72,298231.62,487966.71,189735.09
1344,2025,Pune,Rice,Kharif,Black,Borewell,1.53,791.7,25.9,55.9,7.42,6089.17,13336.72,5927.09,15879.16,7497.6,4546.33,4849.86,35.36,53276.07,171467.76,118191.69
1345,2022,Ahmednagar,Wheat,Rabi,Alluvial,Drip,7.2,737.8,27.1,48.4,6.45,21882.24,42347.37,18708.54,48427.92,20846.8,15146.72,22325.13,28.31,167359.59,632031.26,464671.68
1346,2025,Nashik,Cotton,Kharif,Black,Borewell,11.86,780.6,24.6,56.3,6.25,58331.64,94517.25,58985.42,140458.39,62130.64,38544.19,9261.44,85.03,452967.53,787478.96,334511.43
1347,2021,Satara,Sugarcane,Annual,Loamy,Borewell,5.49,1041.6,26.5,50.2,5.62,35543.36,57679.41,18490.78,76588.0,41142.6,23160.13,199566.98,2.87,252604.28,571979.35,319375.07
1348,2025,Solapur,Cotton,Kharif,Black,Rainfed,0.57,719.4,26.8,57.9,8.06,3087.14,4440.77,2594.85,6251.57,3059.88,2038.53,419.99,57.35,21472.74,24088.31,2615.58
1349,2022,Nashik,Tomato,Rabi,Loamy,Canal,9.67,749.4,23.9,70.3,6.18,38772.36,71354.43,42456.28,104653.95,47771.82,31799.49,94567.1,26.47,336808.32,2503017.71,2166209.39
1350,2022,Aurangabad,Tomato,Rabi,Black,Rainfed,11.64,693.8,24.8,63.1,6.85,55754.36,98153.63,40714.7,133807.75,68922.87,32809.24,96805.45,31.73,430162.55,3071280.27,2641117.71
1351,2024,Kolhapur,Maize,Kharif,Red,Borewell,8.87,1429.3,24.6,60.3,5.76,27315.57,51740.73,19135.92,64485.46,30024.08,16882.18,26740.06,30.11,209583.94,805219.06,595635.12
1352,2021,Ahmednagar,Tomato,Rabi,Loamy,Borewell,4.85,688.1,22.9,53.2,7.27,22705.62,37914.57,18384.04,48699.09,26456.17,12266.07,51361.18,18.29,166425.56,939327.54,772901.98
1353,2024,Aurangabad,Rice,Kharif,Loamy,Borewell,10.26,762.3,25.4,66.9,8.1,35945.58,73011.42,41115.79,94127.44,51151.2,21802.41,29223.98,35.24,317153.83,1029725.64,712571.81
1354,2022,Pune,Maize,Kharif,Alluvial,Borewell,9.58,542.1,23.9,64.5,7.32,28322.26,50692.59,22527.14,67281.99,26790.1,18171.24,31897.69,19.97,213785.32,636992.1,423206.78
1355,2025,Solapur,Tomato,Rabi,Alluvial,Canal,1.22,795.8,27.6,58.1,6.04,6798.5,10636.74,5553.76,15220.42,7511.88,4255.74,13202.45,30.61,49977.05,404119.83,354142.78
1356,2023,Pune,Wheat,Rabi,Black,Drip,1.44,442.8,25.0,45.6,5.97,4141.56,8496.37,3592.75,11631.74,4150.63,2593.4,3203.14,29.01,34606.45,92925.5,58319.05
1357,2025,Solapur,Onion,Rabi,Black,Canal,2.33,414.8,25.1,74.3,7.0,14141.24,21265.08,9195.67,24143.89,16215.96,6903.55,20283.75,31.12,91865.39,631264.52,539399.12
1358,2022,Nashik,Tomato,Rabi,Alluvial,Canal,1.95,1030.6,20.9,57.8,5.85,8624.86,14935.53,6724.68,22064.76,11419.49,5577.7,21920.74,25.54,69347.01,559927.27,490580.26
1359,2019,Solapur,Tomato,Rabi,Red,Drip,10.45,327.9,26.4,67.0,6.92,39308.55,74946.8,37247.8,90763.42,52328.29,25946.91,81763.6,21.99,320541.76,1798365.48,1477823.72
1360,2023,Kolhapur,Soybean,Kharif,Black,Rainfed,3.53,1526.3,22.6,59.6,6.16,12272.06,14449.79,7187.93,15750.3,6660.88,6626.03,3498.13,63.01,62946.99,220412.66,157465.68
1361,2021,Nashik,Cotton,Kharif,Red,Rainfed,6.03,601.1,23.2,66.9,6.91,29158.36,33090.64,25340.38,61571.15,28440.16,17666.65,3671.94,49.83,195267.34,182966.14,-12301.2
1362,2022,Pune,Onion,Rabi,Loamy,Borewell,1.85,519.5,22.8,65.4,6.11,10809.36,13095.03,7385.3,18155.8,9778.21,5770.52,12637.78,25.0,64994.23,315917.42,250923.19
1363,2024,Pune,Cotton,Kharif,Loamy,Rainfed,10.41,733.1,24.0,56.1,6.89,52750.37,74346.28,46209.27,104144.66,54838.56,38545.35,6319.55,82.24,370834.49,519718.46,148883.98
1364,2023,Sangli,Onion,Rabi,Loamy,Canal,9.85,507.1,26.6,62.6,7.12,58706.17,76185.97,40566.6,92009.54,59398.01,24298.66,75338.9,29.25,351164.95,2203994.23,1852829.28
1365,2019,Aurangabad,Rice,Kharif,Red,Canal,10.72,824.7,25.9,65.1,6.92,33022.73,62280.97,29384.16,80357.67,44745.59,24497.79,32857.05,27.07,274288.91,889426.87,615137.96
1366,2020,Solapur,Sugarcane,Annual,Alluvial,Canal,8.67,610.7,26.2,70.1,6.3,55887.56,68711.48,26221.53,109101.4,59549.73,36707.23,378157.26,2.63,356178.93,994396.68,638217.75
1367,2022,Satara,Tomato,Rabi,Black,Drip,1.91,968.0,24.0,69.0,6.14,8654.54,14592.86,6906.35,22318.12,11727.92,6541.91,23255.66,29.84,70741.68,693840.91,623099.23
1368,2019,Kolhapur,Cotton,Kharif,Alluvial,Borewell,6.28,1406.1,25.8,74.9,6.42,23825.36,40241.26,21049.76,55680.17,24027.98,17566.76,4207.13,59.83,182391.29,251726.52,69335.23
1369,2024,Nashik,Soybean,Kharif,Black,Canal,1.73,715.8,24.8,60.7,6.13,5305.95,8046.53,3932.47,10816.31,3385.35,3036.41,2308.47,48.63,34523.04,112271.98,77748.94
1370,2023,Nashik,Cotton,Kharif,Loamy,Borewell,11.08,811.3,23.9,64.6,6.9,49677.16,70115.59,43704.48,106380.07,58205.4,33999.2,7272.78,71.74,362081.9,521750.53,159668.63
1371,2025,Solapur,Soybean,Kharif,Black,Canal,6.11,557.7,24.5,70.3,6.58,22209.15,28035.73,12544.38,31312.35,12108.59,12324.47,6996.14,41.42,118534.67,289814.78,171280.11
1372,2024,Sangli,Cotton,Kharif,Alluvial,Drip,6.87,625.6,25.4,63.7,7.26,41163.66,44768.32,30049.49,85127.17,39548.55,18467.39,5572.82,75.57,259124.57,421121.46,161996.89
1373,2021,Sangli,Tomato,Rabi,Loamy,Drip,6.62,576.6,27.0,60.7,6.66,31231.21,49956.47,27952.42,60349.59,33228.77,19412.87,66892.41,26.19,222131.32,1752192.06,1530060.74
1374,2023,Ahmednagar,Wheat,Rabi,Loamy,Drip,3.21,669.8,23.2,56.5,5.71,9646.42,20339.51,9281.31,25053.77,9008.56,6923.81,9434.37,28.94,80253.38,272990.84,192737.46
1375,2024,Kolhapur,Sugarcane,Annual,Loamy,Rainfed,7.17,1500.6,25.9,64.2,6.65,55208.19,78971.27,32524.14,109855.0,58814.85,33730.49,240855.93,3.53,369103.95,850985.82,481881.87
1376,2022,Solapur,Soybean,Kharif,Red,Drip,4.09,518.6,24.1,53.0,7.04,14253.69,18102.99,8733.5,20160.5,8054.45,6298.26,4374.12,51.95,75603.39,227256.54,151653.15
1377,2025,Kolhapur,Maize,Kharif,Loamy,Borewell,10.5,1397.9,28.1,68.4,6.94,28570.14,65309.04,24419.0,78023.67,37036.55,25439.55,29882.74,27.06,258797.94,808658.39,549860.45
1378,2024,Nashik,Onion,Rabi,Red,Borewell,9.49,627.4,22.2,43.3,6.22,57930.65,81715.7,36460.9,104404.42,49310.83,26818.11,72149.23,24.85,356640.61,1792839.84,1436199.24
1379,2024,Kolhapur,Cotton,Kharif,Red,Canal,3.64,1611.9,23.8,63.9,6.36,20185.06,23791.37,16288.61,42183.0,18916.88,13008.34,2838.27,90.52,134373.27,256917.61,122544.33
1380,2020,Sangli,Soybean,Kharif,Black,Drip,8.97,756.4,24.9,59.1,6.96,26017.52,33550.39,16811.18,36676.28,17984.35,13071.59,13297.84,32.8,144111.31,436175.6,292064.28
1381,2020,Pune,Soybean,Kharif,Alluvial,Borewell,9.05,870.0,25.0,53.2,7.9,26195.08,36421.7,16235.61,42089.78,18344.0,12461.29,13257.75,41.66,151747.44,552352.14,400604.69
1382,2022,Sangli,Sugarcane,Annual,Black,Drip,11.82,842.4,28.1,53.5,6.0,77999.84,128831.39,33463.39,179310.11,90598.71,47400.44,550731.7,3.13,557603.87,1722143.15,1164539.28
1383,2020,Kolhapur,Maize,Kharif,Black,Canal,6.98,1316.0,27.4,49.2,6.41,17937.69,36461.3,14052.89,43906.19,16657.42,12970.5,20628.48,23.1,141985.98,476606.84,334620.86
1384,2024,Ahmednagar,Cotton,Kharif,Black,Borewell,7.51,710.0,23.6,65.3,6.74,39562.19,58214.32,32282.65,72238.17,38732.51,21596.85,5395.12,84.09,262626.7,453662.25,191035.55
1385,2025,Pune,Wheat,Rabi,Black,Canal,4.6,966.8,25.1,72.9,6.04,15691.81,33507.02,12232.92,36750.19,13132.5,10414.13,13631.87,26.11,121728.57,355918.99,234190.42
1386,2022,Nashik,Cotton,Kharif,Alluvial,Rainfed,6.85,606.9,27.8,61.6,6.28,32762.16,42477.06,27630.4,66288.78,29995.94,20030.65,4558.99,62.54,219184.98,285105.81,65920.82
1387,2020,Ahmednagar,Tomato,Rabi,Black,Rainfed,11.82,796.9,25.2,69.8,6.97,49458.22,85175.81,44233.61,110619.53,62350.0,26936.98,121750.81,29.03,378774.15,3533825.64,3155051.49
1388,2019,Aurangabad,Cotton,Kharif,Red,Rainfed,6.13,533.0,24.2,71.9,7.11,26872.7,36460.92,21179.23,49059.91,25317.77,15813.18,3330.79,55.93,174703.72,186289.12,11585.41
1389,2025,Solapur,Onion,Rabi,Loamy,Drip,9.27,598.7,28.1,60.5,7.11,62055.8,81962.91,32377.39,90687.75,50797.57,27558.11,79393.62,23.38,345439.53,1856602.25,1511162.71
1390,2020,Satara,Tomato,Rabi,Black,Drip,6.81,840.2,22.3,60.0,6.22,33111.76,41542.5,26734.83,72250.36,34900.23,17528.62,74918.14,23.92,226068.29,1791757.9,1565689.61
1391,2022,Kolhapur,Soybean,Kharif,Loamy,Canal,3.91,1438.9,22.8,60.8,5.98,11796.48,16033.86,7276.1,19666.0,8040.66,6809.35,4799.38,41.81,69622.45,200672.44,131049.99
1392,2023,Aurangabad,Wheat,Rabi,Alluvial,Rainfed,7.53,401.9,24.3,59.3,6.98,21740.74,46625.69,19680.63,59499.85,22081.87,16426.95,13650.99,29.42,186055.73,401646.66,215590.92
1393,2022,Sangli,Onion,Rabi,Red,Canal,10.66,596.9,27.0,62.2,6.54,52673.41,82821.57,39349.14,110740.96,52792.8,30244.97,67575.77,26.9,368622.85,1817797.03,1449174.18
1394,2022,Solapur,Maize,Kharif,Alluvial,Canal,5.64,647.2,29.0,55.7,6.52,15001.39,29695.2,11297.41,39743.1,16818.88,11310.35,17131.07,22.61,123866.33,387369.13,263502.79
1395,2025,Pune,Wheat,Rabi,Black,Drip,9.52,654.2,28.2,70.1,6.43,33121.76,63222.27,29581.31,82147.36,29603.99,22188.01,24724.76,42.42,259864.72,1048864.73,789000.02
1396,2021,Sangli,Cotton,Kharif,Alluvial,Rainfed,3.84,727.7,25.7,51.0,6.59,16621.1,26878.65,14088.58,34193.7,17447.85,11672.95,2633.41,70.36,120902.83,185284.08,64381.25
1397,2022,Aurangabad,Soybean,Kharif,Black,Borewell,2.33,770.4,29.3,56.3,6.97,7658.99,9214.52,4721.83,12134.34,4752.64,3451.98,2941.27,37.43,41934.3,110078.35,68144.06
1398,2019,Kolhapur,Cotton,Kharif,Red,Canal,8.06,1477.5,24.1,55.7,6.87,34769.38,44126.49,29371.94,70450.99,34968.07,23297.15,6033.89,48.62,236984.02,293343.07,56359.05
1399,2022,Ahmednagar,Soybean,Kharif,Alluvial,Borewell,8.71,432.7,27.5,67.9,7.42,26984.45,33564.57,19652.44,40805.42,15521.69,14061.29,9366.73,44.06,150589.86,412656.52,262066.66
1400,2025,Kolhapur,Wheat,Rabi,Black,Borewell,6.79,1496.9,28.0,60.7,6.78,20822.98,48580.31,20596.5,59882.31,22834.63,15870.35,21001.59,27.82,188587.07,584243.28,395656.21
1401,2025,Sangli,Sugarcane,Annual,Alluvial,Borewell,8.84,637.2,30.9,66.8,7.49,68053.97,101901.89,38033.94,138455.7,68034.53,42471.76,328732.04,3.09,456951.78,1014192.27,557240.49
1402,2024,Ahmednagar,Rice,Kharif,Alluvial,Rainfed,3.26,483.6,27.1,64.9,6.23,11556.13,26058.81,10936.6,25827.45,13982.62,8483.18,8316.25,39.58,96844.79,329125.81,232281.01
1403,2023,Sangli,Onion,Rabi,Alluvial,Borewell,8.37,655.5,27.1,61.0,7.11,50971.05,59416.96,29538.69,75680.45,43576.83,28869.98,71542.64,24.44,288053.97,1748698.28,1460644.31
1404,2024,Pune,Wheat,Rabi,Red,Borewell,6.22,664.0,25.4,70.2,6.87,19379.93,38978.29,15475.5,52878.9,15739.1,14780.59,15512.06,24.04,157232.3,372833.27,215600.97
1405,2022,Pune,Maize,Kharif,Red,Canal,4.72,759.2,26.9,56.2,6.03,13678.23,30751.76,10592.64,28760.02,12845.74,8022.88,13570.29,21.63,104651.27,293533.24,188881.97
1406,2019,Nashik,Onion,Rabi,Red,Drip,3.77,671.7,23.3,63.6,6.66,19330.16,25290.07,13600.66,31048.35,15252.38,10335.06,30857.91,22.59,114856.68,697143.09,582286.42
1407,2025,Sangli,Maize,Kharif,Alluvial,Borewell,1.19,793.3,28.4,70.6,6.09,3823.44,7211.86,3050.62,8967.58,3735.27,2528.83,4248.47,24.17,29317.59,102674.38,73356.79
1408,2021,Ahmednagar,Sugarcane,Annual,Red,Canal,8.23,537.5,24.5,54.8,7.18,55949.48,76958.22,24547.74,103850.36,59502.33,32474.33,255056.17,3.04,353282.45,774639.52,421357.07
1409,2019,Satara,Cotton,Kharif,Loamy,Canal,5.43,728.7,24.5,57.5,6.96,21854.28,27493.57,18542.19,53901.92,24330.64,13691.5,3805.05,61.1,159814.1,232502.41,72688.31
1410,2022,Sangli,Maize,Kharif,Red,Rainfed,3.04,767.9,25.8,70.6,7.45,7838.78,16918.53,5984.82,20902.86,8823.45,6034.88,7988.48,26.0,66503.31,207662.62,141159.3
1411,2019,Satara,Wheat,Rabi,Loamy,Drip,1.53,1001.1,22.1,63.3,7.43,3496.37,6554.1,3449.7,10029.74,3727.15,2861.8,4083.14,20.92,30118.86,85413.96,55295.1
1412,2019,Ahmednagar,Cotton,Kharif,Loamy,Borewell,8.42,569.2,23.1,63.3,7.22,34747.85,56466.41,32013.03,82752.54,31232.68,20653.46,5885.29,67.25,257865.96,395766.02,137900.05
1413,2019,Ahmednagar,Cotton,Kharif,Alluvial,Drip,10.63,656.0,23.3,48.5,5.73,48916.22,59698.94,42512.39,106758.7,46490.01,31119.26,8269.77,79.25,335495.52,655400.54,319905.02
1414,2024,Pune,Rice,Kharif,Loamy,Borewell,9.58,704.5,26.0,54.7,6.79,31444.58,73016.93,36177.62,94535.12,44302.67,29426.42,25972.52,31.11,308903.34,808117.73,499214.4
1415,2020,Nashik,Sugarcane,Annual,Red,Drip,5.73,909.7,23.1,69.6,6.2,34702.25,54530.16,19903.84,75736.9,41686.78,19499.49,222194.93,2.91,246059.42,646984.99,400925.58
1416,2024,Kolhapur,Cotton,Kharif,Loamy,Borewell,2.99,1682.3,26.0,70.3,7.51,16537.15,19790.78,12261.08,32247.44,14617.98,10149.51,2334.52,78.23,105603.94,182620.12,77016.18
1417,2025,Sangli,Maize,Kharif,Red,Drip,10.16,555.8,26.2,50.2,6.82,33033.5,63273.51,25416.2,78131.37,26888.27,19417.0,29218.67,24.83,246159.85,725476.01,479316.16
1418,2022,Satara,Cotton,Kharif,Red,Borewell,5.14,937.7,24.6,59.6,7.58,26149.02,34479.12,21164.78,38492.95,27019.05,13922.61,2991.63,67.25,161227.54,201181.05,39953.51
1419,2021,Pune,Maize,Kharif,Alluvial,Drip,11.3,831.0,23.8,70.2,7.11,30623.04,67166.1,24530.29,79395.16,29766.38,21913.8,39477.46,22.81,253394.77,900662.24,647267.46
1420,2021,Satara,Sugarcane,Annual,Loamy,Rainfed,4.1,802.3,26.2,59.7,7.71,30639.4,37025.35,13866.65,54463.91,27428.57,15550.99,113639.67,2.82,178974.87,320556.9,141582.03
1421,2020,Aurangabad,Wheat,Rabi,Alluvial,Borewell,8.98,626.1,24.5,57.3,5.86,22626.61,51253.19,23089.71,62078.19,21307.64,17897.13,22694.85,26.46,198252.47,600602.08,402349.61
1422,2024,Sangli,Soybean,Kharif,Loamy,Canal,3.83,723.8,28.8,64.1,6.6,13058.27,16368.08,7563.87,17387.53,8500.23,5715.64,5266.1,48.26,68593.62,254163.19,185569.57
1423,2023,Nashik,Rice,Kharif,Black,Rainfed,7.87,669.2,24.0,53.3,7.81,27408.82,54797.98,24550.52,69042.26,37273.89,20692.25,19596.18,29.57,233765.71,579373.39,345607.68
1424,2022,Satara,Onion,Rabi,Alluvial,Rainfed,2.65,674.6,23.9,56.6,7.31,14740.03,21453.62,9674.56,23589.89,15425.32,7832.65,18423.9,24.01,92716.07,442428.66,349712.59
1425,2023,Kolhapur,Wheat,Rabi,Loamy,Canal,8.11,1548.5,24.9,55.1,6.64,25663.22,49425.17,19385.88,65024.76,21609.94,16790.18,21701.67,26.97,197899.16,585275.1,387375.94
1426,2020,Solapur,Tomato,Rabi,Black,Drip,2.76,675.8,27.3,55.7,6.71,12327.17,20426.61,9758.28,29649.8,16069.63,7024.11,33026.33,20.9,95255.59,690413.49,595157.89
1427,2023,Ahmednagar,Cotton,Kharif,Loamy,Canal,11.61,649.1,24.5,53.0,6.83,57375.82,82407.89,47038.66,127841.16,50258.19,42009.42,9032.77,71.62,406931.12,646896.64,239965.52
1428,2019,Ahmednagar,Sugarcane,Annual,Alluvial,Borewell,0.53,515.8,23.1,59.6,6.4,3646.9,5189.94,1648.01,6406.67,3393.23,2019.35,18372.76,3.46,22304.09,63614.08,41309.98
1429,2019,Kolhapur,Maize,Kharif,Alluvial,Rainfed,6.89,1545.0,22.0,52.2,6.54,16923.44,35647.53,12584.63,45274.49,19998.04,10015.24,18602.19,16.57,140443.38,308236.51,167793.14
1430,2025,Aurangabad,Maize,Kharif,Alluvial,Canal,8.44,688.0,29.4,73.1,6.5,30351.32,53988.52,19334.97,65199.9,28418.57,17457.31,27182.94,25.01,214750.59,679784.87,465034.27
1431,2021,Kolhapur,Tomato,Rabi,Alluvial,Canal,4.62,1367.7,22.8,45.3,7.36,23512.59,32978.31,17725.18,42042.29,24396.42,12819.81,38217.88,25.55,153474.6,976518.38,823043.78
1432,2021,Ahmednagar,Tomato,Rabi,Loamy,Drip,11.93,673.8,23.3,63.3,5.98,54190.08,83446.93,47431.41,125102.07,66864.64,29466.75,125227.0,25.1,406501.88,3143120.25,2736618.38
1433,2020,Pune,Sugarcane,Annual,Red,Rainfed,9.35,819.4,23.1,66.1,7.02,54972.53,81513.28,24688.27,115575.96,57167.83,42714.89,286024.95,3.46,376632.75,989187.66,612554.9
1434,2019,Ahmednagar,Soybean,Kharif,Loamy,Canal,9.93,437.5,25.2,71.8,7.06,25524.77,34712.01,15632.22,48566.12,17744.45,18287.5,11877.48,39.96,160467.06,474664.85,314197.79
1435,2022,Aurangabad,Maize,Kharif,Black,Borewell,5.28,665.4,24.5,67.4,7.04,14441.0,30042.31,11360.89,40628.36,15556.16,10081.88,16067.19,20.05,122110.61,322213.83,200103.22
1436,2021,Aurangabad,Wheat,Rabi,Loamy,Borewell,8.25,636.9,24.3,63.7,6.38,24928.7,38493.27,20561.83,56299.37,22376.95,15025.64,21841.03,31.55,177685.76,688986.93,511301.16
1437,2025,Nashik,Sugarcane,Annual,Red,Rainfed,8.52,627.7,25.4,68.1,7.06,64738.01,92817.77,33926.43,139070.8,68772.15,36941.85,248314.69,2.71,436267.01,673658.84,237391.83
1438,2020,Nashik,Onion,Rabi,Alluvial,Drip,7.85,697.6,26.1,70.6,6.5,40442.51,58725.22,26466.28,70163.37,35654.25,21665.68,62485.54,23.26,253117.31,1453474.61,1200357.29
1439,2023,Kolhapur,Maize,Kharif,Red,Rainfed,3.79,1399.5,21.6,73.9,6.22,11182.29,22810.48,8469.37,28338.95,10762.24,8414.36,10118.98,22.97,89977.69,232431.16,142453.47
1440,2019,Sangli,Maize,Kharif,Red,Borewell,5.98,716.2,28.5,43.9,7.26,13969.73,26796.26,11356.92,35976.31,13927.27,8967.81,17893.86,21.64,110994.3,387175.71,276181.41
1441,2019,Solapur,Rice,Kharif,Alluvial,Rainfed,7.25,553.1,28.9,84.6,6.29,20738.15,42523.02,19062.55,58322.66,28305.5,14510.14,15908.49,35.05,183462.01,557585.49,374123.49
1442,2023,Solapur,Tomato,Rabi,Black,Canal,11.52,542.7,28.9,66.2,6.74,58275.87,89406.0,52153.25,118024.36,61786.89,37071.24,111462.13,22.73,416717.62,2532991.07,2116273.45
1443,2019,Pune,Maize,Kharif,Loamy,Borewell,6.37,664.1,22.2,59.0,7.33,15885.59,32229.01,12162.22,43073.1,15279.27,9927.46,18911.94,17.95,128556.64,339389.63,210832.99
1444,2023,Kolhapur,Sugarcane,Annual,Black,Canal,7.1,1445.8,25.8,56.7,5.81,58835.2,69283.92,30175.26,94485.43,55396.04,31132.87,278573.69,3.28,339308.71,912722.3,573413.59
1445,2021,Aurangabad,Wheat,Rabi,Red,Drip,10.81,723.8,21.9,52.7,7.47,29265.5,61074.6,25791.12,80024.98,23582.88,19450.27,27223.29,23.91,239189.34,650940.23,411750.89
1446,2021,Kolhapur,Wheat,Rabi,Black,Rainfed,10.5,1448.4,22.7,63.2,6.99,32775.17,56026.63,25750.01,79441.18,27298.16,20290.38,23418.29,22.23,241581.52,520564.05,278982.53
1447,2022,Nashik,Tomato,Rabi,Alluvial,Drip,5.8,741.9,24.9,55.9,7.48,26672.5,48434.25,25667.81,62280.36,32221.1,17997.21,61779.16,33.35,213273.23,2060483.27,1847210.04
1448,2019,Sangli,Soybean,Kharif,Black,Drip,2.23,862.9,23.2,60.7,6.99,6387.08,7624.49,3609.12,9475.14,3448.33,3333.04,3133.85,40.4,33877.21,126606.62,92729.42
1449,2025,Sangli,Maize,Kharif,Loamy,Canal,11.87,747.0,28.5,61.3,6.08,35496.17,74473.61,25620.7,93441.98,47326.51,24589.35,39372.16,25.56,300948.31,1006517.49,705569.18
1450,2021,Nashik,Maize,Kharif,Loamy,Borewell,4.84,705.4,26.9,58.5,6.65,12920.39,23474.86,10102.94,35483.01,13676.02,7001.55,16367.42,22.53,102658.78,368799.56,266140.79
1451,2021,Ahmednagar,Cotton,Kharif,Black,Canal,3.8,728.5,24.9,51.9,6.29,17355.77,21840.73,16147.41,37898.92,15454.25,12092.64,2880.06,69.78,120789.72,200976.58,80186.86
1452,2022,Aurangabad,Soybean,Kharif,Loamy,Borewell,8.98,661.7,26.4,58.1,7.17,28919.22,37104.8,17301.73,54128.62,16402.87,14462.0,10687.73,50.15,168319.25,535996.88,367677.63
1453,2019,Sangli,Cotton,Kharif,Loamy,Canal,3.98,649.4,25.5,56.9,6.25,17454.3,19183.53,15372.76,35235.03,15868.05,11082.92,2879.41,64.81,114196.6,186626.85,72430.25
1454,2024,Sangli,Maize,Kharif,Loamy,Rainfed,4.23,761.0,25.9,68.6,7.08,12174.9,22646.97,9900.61,28568.95,12692.75,8596.7,13449.17,22.08,94580.87,296987.2,202406.33
1455,2022,Solapur,Wheat,Rabi,Red,Drip,1.23,686.6,27.6,55.2,6.71,3454.68,7218.94,3024.42,8518.48,3142.42,2676.65,3135.57,29.54,28035.59,92628.61,64593.02
1456,2021,Nashik,Sugarcane,Annual,Loamy,Borewell,4.95,651.2,25.7,56.7,6.07,36086.9,42212.03,18297.65,59566.59,38766.88,22218.12,165187.09,2.44,217148.18,402386.4,185238.22
1457,2021,Aurangabad,Rice,Kharif,Red,Drip,8.39,749.7,25.0,53.6,7.17,27160.19,51735.51,25860.19,58070.03,30635.21,18735.31,22794.83,33.69,212196.43,768036.29,555839.85
1458,2023,Satara,Cotton,Kharif,Loamy,Canal,9.95,862.3,20.2,67.4,7.48,44740.28,69446.84,35681.51,115978.35,45744.38,27832.22,6237.58,76.18,339423.58,475202.38,135778.79
1459,2019,Nashik,Wheat,Rabi,Black,Borewell,4.07,632.3,21.3,74.9,8.2,10958.32,20933.65,9270.43,28697.75,8874.74,7045.51,9894.96,29.95,85780.39,296364.17,210583.78
1460,2022,Nashik,Tomato,Rabi,Alluvial,Canal,9.09,722.6,24.9,68.3,7.38,43035.2,67160.2,36985.41,103489.36,42074.19,29205.27,88998.21,22.15,321949.62,1971271.64,1649322.02
1461,2025,Nashik,Cotton,Kharif,Black,Rainfed,9.95,787.3,23.6,57.4,7.27,49591.35,72984.26,45716.5,122190.56,45810.99,32598.0,6325.66,66.03,368891.66,417659.76,48768.1
1462,2025,Ahmednagar,Sugarcane,Annual,Red,Borewell,11.99,553.0,23.8,52.3,6.99,99896.77,127397.53,44601.32,179251.19,95724.2,57598.01,398136.3,3.27,604469.01,1303889.65,699420.64
1463,2022,Nashik,Wheat,Rabi,Alluvial,Canal,9.61,876.9,23.1,45.0,7.19,30302.28,62559.78,26847.93,65357.67,29419.64,19118.0,29041.99,30.91,233605.31,897580.69,663975.39
1464,2023,Aurangabad,Sugarcane,Annual,Alluvial,Canal,1.94,496.9,28.7,59.5,7.47,15114.98,18784.14,6572.75,31046.21,16197.93,8147.95,59785.53,3.29,95863.96,196961.69,101097.73
1465,2020,Satara,Maize,Kharif,Black,Canal,8.45,911.4,23.2,62.7,6.03,22044.3,40379.14,15694.07,53740.76,20581.19,13204.86,31503.68,21.7,165644.33,683572.22,517927.89
1466,2023,Sangli,Rice,Kharif,Black,Rainfed,8.69,718.2,26.5,42.6,6.87,29271.13,62461.64,27567.14,76695.73,38709.31,19173.89,22420.96,39.28,253878.86,880750.77,626871.91
1467,2019,Nashik,Tomato,Rabi,Red,Borewell,3.75,785.0,22.7,61.6,6.78,17228.52,26739.94,14577.26,35263.63,19702.64,9805.85,37186.77,17.94,123317.85,667007.58,543689.73
1468,2025,Sangli,Sugarcane,Annual,Loamy,Canal,6.27,487.5,27.8,56.9,7.93,51221.18,61017.39,24831.88,95292.5,56188.13,25468.49,194565.01,3.74,314019.56,727024.24,413004.68
1469,2025,Sangli,Onion,Rabi,Alluvial,Rainfed,11.88,419.7,27.6,50.6,7.23,79636.66,98166.08,50049.56,141338.86,63466.06,34412.48,71289.82,27.66,467069.69,1972149.05,1505079.36
1470,2019,Ahmednagar,Maize,Kharif,Red,Rainfed,4.6,686.4,22.1,50.3,6.06,10154.81,19878.53,7946.1,29018.58,10743.39,7607.13,11672.78,25.5,85348.54,297655.78,212307.24
1471,2025,Satara,Wheat,Rabi,Black,Drip,1.14,1146.5,21.6,44.7,6.38,3583.1,8043.39,3238.84,8955.65,3324.89,2450.44,3348.45,33.35,29596.31,111659.97,82063.66
1472,2024,Ahmednagar,Sugarcane,Annual,Red,Borewell,2.71,455.9,21.8,64.7,7.26,17640.82,27733.81,9686.58,40295.09,20857.1,12169.32,93168.66,3.35,128382.72,312267.24,183884.52
1473,2021,Nashik,Soybean,Kharif,Loamy,Drip,5.41,441.8,25.2,51.0,6.42,17071.71,20128.84,9623.89,25540.58,8444.19,8889.26,4821.4,48.63,89698.47,234462.59,144764.13
1474,2019,Sangli,Sugarcane,Annual,Black,Drip,1.23,578.1,27.3,69.9,7.2,8009.5,10629.59,3799.52,14302.13,7433.57,4306.56,51649.86,3.23,48480.88,166744.06,118263.18
1475,2022,Aurangabad,Maize,Kharif,Loamy,Rainfed,11.63,674.7,24.2,63.5,6.35,30077.36,67242.29,24557.18,80887.72,34160.06,20971.6,33947.94,25.13,257896.21,853051.4,595155.19
1476,2020,Satara,Sugarcane,Annual,Alluvial,Borewell,8.75,909.4,21.2,58.9,5.69,59298.49,81988.18,29327.58,102001.5,55628.96,35920.75,341491.91,3.61,364165.46,1231890.95,867725.49
1477,2019,Solapur,Wheat,Rabi,Black,Borewell,1.04,384.5,29.7,68.8,7.06,2821.34,5320.97,1989.23,6391.6,2365.76,1964.67,2710.79,26.17,20853.58,70947.76,50094.18
1478,2024,Aurangabad,Tomato,Rabi,Alluvial,Rainfed,7.5,788.4,23.2,73.8,7.72,36184.16,61040.1,32949.06,89169.76,43257.19,24424.81,71149.42,26.98,287025.07,1919464.78,1632439.72
1479,2022,Sangli,Sugarcane,Annual,Loamy,Drip,1.61,559.0,27.7,66.6,5.71,11649.68,17042.51,6647.79,21753.8,12692.03,6101.12,65266.78,3.01,75886.93,196154.7,120267.77
1480,2022,Pune,Wheat,Rabi,Alluvial,Rainfed,5.1,556.5,26.0,64.9,6.0,16098.69,28250.88,12908.71,37054.01,14455.17,9705.7,10456.35,28.33,118473.16,296206.37,177733.22
1481,2022,Sangli,Cotton,Kharif,Black,Borewell,10.79,674.2,31.8,40.5,6.94,49862.65,69300.57,45183.28,91210.09,52531.25,29818.57,9010.21,91.17,337906.4,821434.63,483528.24
1482,2024,Aurangabad,Onion,Rabi,Loamy,Rainfed,1.44,690.8,25.5,65.9,7.3,9126.36,10781.9,5752.57,14903.61,8264.82,4546.95,11211.38,31.92,53376.2,357834.59,304458.39
1483,2024,Kolhapur,Maize,Kharif,Red,Borewell,1.13,1428.0,28.4,54.2,6.85,3343.82,7958.88,3013.65,8557.01,3780.38,2441.99,3064.93,22.19,29095.72,68001.84,38906.12
1484,2020,Aurangabad,Onion,Rabi,Red,Canal,7.09,553.8,26.7,69.0,6.45,36952.77,52298.95,26652.17,60818.44,29918.41,17883.7,44212.69,21.41,224524.43,946656.94,722132.51
1485,2021,Ahmednagar,Sugarcane,Annual,Loamy,Borewell,5.0,644.1,24.8,56.3,7.95,32039.61,44454.75,15544.79,77213.37,41794.01,18030.51,161953.96,3.63,229077.05,588637.77,359560.71
1486,2025,Aurangabad,Onion,Rabi,Red,Drip,8.74,735.4,26.2,69.4,6.56,59169.24,68859.99,37339.2,80098.97,52756.25,32088.77,70272.53,21.63,330312.43,1519725.18,1189412.74
1487,2024,Nashik,Cotton,Kharif,Loamy,Drip,10.95,721.8,23.9,51.7,6.89,53403.09,74967.94,44513.02,118642.07,51220.48,34127.46,8729.99,91.59,376874.06,799614.01,422739.95
1488,2020,Satara,Maize,Kharif,Loamy,Rainfed,2.38,851.4,21.3,63.3,6.27,6023.99,11100.89,4067.11,15723.49,5467.61,3897.71,5830.23,16.01,46280.8,93341.08,47060.27
1489,2021,Aurangabad,Tomato,Rabi,Red,Drip,9.67,722.2,23.8,44.5,6.73,48795.28,82025.41,37099.46,107439.46,50788.16,27409.76,97301.62,25.23,353557.53,2454578.7,2101021.18
1490,2021,Pune,Wheat,Rabi,Alluvial,Canal,2.97,727.8,23.2,57.2,7.61,9462.96,14782.78,6824.57,18437.77,7017.79,5441.05,7733.21,28.42,61966.92,219770.29,157803.37
1491,2025,Ahmednagar,Maize,Kharif,Black,Rainfed,1.57,674.1,29.0,51.7,6.56,4666.09,10201.46,3982.16,12129.54,4998.21,3177.88,4814.8,20.28,39155.35,97663.84,58508.49
1492,2019,Sangli,Onion,Rabi,Red,Rainfed,2.75,691.4,29.4,76.3,7.33,12478.65,19633.08,10070.13,22118.4,13286.98,6692.3,17178.78,26.53,84279.53,455799.15,371519.61
1493,2021,Aurangabad,Soybean,Kharif,Alluvial,Canal,8.21,750.5,25.9,66.8,6.11,25488.45,31387.84,14724.74,40157.45,13394.03,14719.38,9436.76,45.55,139871.89,429814.48,289942.59
1494,2020,Kolhapur,Wheat,Rabi,Black,Rainfed,8.89,1398.2,26.1,58.6,6.77,23643.55,48521.11,19824.48,58550.91,24216.56,16956.75,20705.29,27.8,191713.37,575610.37,383897.0
1495,2025,Aurangabad,Sugarcane,Annual,Black,Rainfed,7.15,566.0,27.5,61.0,7.39,56961.59,80538.41,31884.47,117667.93,64957.54,31023.86,251616.23,3.21,383033.81,807398.76,424364.95
1496,2023,Pune,Rice,Kharif,Black,Drip,0.57,699.8,22.8,68.5,6.36,1952.53,3936.91,2038.23,5106.32,2838.54,1400.81,1546.9,36.53,17273.35,56504.28,39230.93
1497,2021,Satara,Rice,Kharif,Red,Canal,6.34,1002.4,24.2,63.6,6.64,21758.61,44297.4,21388.47,48847.03,25014.81,15697.98,18732.46,33.88,177004.3,634734.0,457729.7
1498,2024,Aurangabad,Sugarcane,Annual,Black,Drip,2.95,573.0,30.3,63.0,5.97,22031.35,35903.92,10745.65,42961.82,22478.71,13153.3,102225.31,3.13,147274.75,320173.89,172899.13
1499,2025,Solapur,Onion,Rabi,Red,Rainfed,5.55,664.3,25.7,52.7,6.45,30744.2,46083.32,22686.82,65656.01,34207.87,15551.62,40991.07,29.81,214929.84,1222090.26,1007160.42
1500,2022,Aurangabad,Soybean,Kharif,Black,Drip,6.59,848.9,24.3,55.0,6.79,22266.56,28634.96,12398.2,31319.56,13067.31,11102.73,9961.2,51.32,118789.33,511190.07,392400.75
1501,2021,Solapur,Sugarcane,Annual,Red,Rainfed,8.82,562.4,29.7,68.9,6.59,56596.81,87170.69,29860.92,111612.81,65548.71,33865.27,247392.18,3.28,384655.22,810940.89,426285.68
1502,2024,Solapur,Cotton,Kharif,Loamy,Canal,0.58,623.2,25.7,74.7,7.3,2945.91,4216.21,2564.84,6516.55,3233.06,2058.12,444.23,63.29,21534.7,28116.05,6581.36
1503,2025,Ahmednagar,Soybean,Kharif,Loamy,Drip,4.02,602.0,21.8,61.2,5.8,13852.77,17039.89,9138.03,21878.84,9040.35,7588.32,5199.48,56.89,78538.2,295775.44,217237.24
1504,2022,Sangli,Maize,Kharif,Loamy,Borewell,8.1,839.8,25.1,66.7,6.31,21431.29,46903.44,16558.57,59296.86,22649.14,17733.75,30849.01,19.15,184573.06,590803.14,406230.09
1505,2022,Pune,Onion,Rabi,Red,Rainfed,11.24,793.1,27.5,61.5,5.57,62748.89,97782.33,40069.58,105134.48,60827.29,33836.66,79953.39,25.32,400399.24,2024306.68,1623907.44
1506,2021,Nashik,Rice,Kharif,Alluvial,Borewell,2.83,675.7,23.5,51.2,5.45,9389.15,20332.7,8335.04,21816.03,11728.0,7250.09,8919.05,30.26,78851.01,269901.48,191050.47
1507,2019,Sangli,Maize,Kharif,Loamy,Rainfed,3.28,506.0,29.2,62.7,6.35,8423.41,17339.53,6351.64,18734.62,8915.68,5582.32,8028.25,24.97,65347.2,200450.79,135103.59
1508,2024,Pune,Maize,Kharif,Alluvial,Borewell,9.08,600.4,25.0,59.2,8.2,26774.74,55179.3,22741.65,72070.97,22183.68,19881.77,30184.57,23.18,218832.12,699798.66,480966.54
1509,2024,Kolhapur,Tomato,Rabi,Alluvial,Canal,7.97,1477.6,21.5,75.1,7.5,41806.94,66048.92,34553.96,87711.93,45474.94,24314.55,71724.32,31.08,299911.24,2228976.21,1929064.97
1510,2023,Kolhapur,Wheat,Rabi,Red,Borewell,11.01,1298.8,24.8,68.5,6.61,33325.69,67465.26,24170.09,83482.15,27826.96,24618.16,24368.0,22.88,260888.31,557436.25,296547.94
1511,2023,Satara,Sugarcane,Annual,Loamy,Canal,4.65,983.3,25.5,64.3,6.22,32997.72,45278.55,16981.46,71663.43,41433.94,17864.37,174950.21,3.21,226219.47,561213.84,334994.38
1512,2021,Satara,Tomato,Rabi,Black,Rainfed,1.89,966.0,24.1,67.5,6.76,7745.01,15899.24,7416.4,21058.72,9414.69,5331.4,14821.11,23.86,66865.47,353571.45,286705.98
1513,2024,Sangli,Onion,Rabi,Red,Canal,6.38,453.9,28.4,56.8,5.2,40774.72,47851.67,28360.0,62225.77,33417.16,18779.56,44962.74,18.99,231408.88,853861.79,622452.91
1514,2023,Nashik,Soybean,Kharif,Alluvial,Canal,10.28,747.0,24.8,67.7,5.77,33303.87,41127.73,21329.43,57113.46,22840.88,17701.84,12432.01,48.94,193417.19,608417.45,415000.25
1515,2019,Pune,Maize,Kharif,Alluvial,Drip,9.51,805.3,27.4,76.5,6.37,24734.97,46741.03,20100.58,57785.19,22711.02,15248.76,33819.03,16.53,187321.54,559077.54,371755.99
1516,2023,Sangli,Cotton,Kharif,Black,Rainfed,0.7,752.4,26.1,59.7,6.71,3413.82,3820.72,2755.58,7942.6,3593.33,2045.41,426.58,74.19,23571.45,31648.3,8076.85
1517,2024,Kolhapur,Onion,Rabi,Alluvial,Rainfed,6.24,1453.8,23.0,66.3,6.71,40390.14,47897.11,24501.5,69123.07,37351.77,18397.77,39321.62,25.57,237661.35,1005266.06,767604.71
1518,2022,Nashik,Wheat,Rabi,Alluvial,Rainfed,9.27,726.6,24.2,46.9,7.15,26669.67,58386.53,25054.07,65837.09,24425.42,17879.08,20308.27,23.64,218251.87,480083.78,261831.91
1519,2020,Solapur,Sugarcane,Annual,Red,Canal,3.73,739.4,25.7,60.2,6.84,26128.23,33149.13,12237.21,50771.01,27184.14,15789.24,131710.25,2.87,165258.96,377650.82,212391.85
1520,2024,Kolhapur,Cotton,Kharif,Red,Borewell,6.69,1589.6,28.4,52.3,7.06,30984.82,50699.37,28009.45,67531.54,33278.51,19950.4,4660.95,68.78,230454.07,320590.97,90136.9
1521,2021,Nashik,Soybean,Kharif,Red,Canal,8.91,892.5,23.5,70.4,6.58,29032.27,35524.15,18483.26,39144.3,14794.45,12529.14,10872.14,52.17,149507.57,567167.66,417660.09
1522,2020,Nashik,Sugarcane,Annual,Loamy,Borewell,4.95,520.9,25.3,39.6,6.3,31528.1,38254.68,17087.64,55750.68,36668.85,17204.08,166037.15,3.0,196494.03,498479.01,301984.98
1523,2019,Nashik,Rice,Kharif,Loamy,Drip,11.91,641.0,24.0,71.7,6.77,37884.76,75869.64,30955.98,92216.3,50644.8,25541.83,36970.21,31.73,313113.33,1173223.55,860110.22
1524,2022,Satara,Sugarcane,Annual,Black,Canal,3.28,965.2,25.9,87.1,7.29,22018.78,36690.87,11708.64,44843.41,22338.97,14661.24,117797.4,3.41,152261.91,401469.85,249207.95
1525,2025,Sangli,Tomato,Rabi,Alluvial,Borewell,3.2,683.9,23.5,59.2,6.61,17036.52,27921.05,13535.88,37603.79,18694.66,11546.93,33817.45,25.42,126338.83,859492.11,733153.28
1526,2024,Aurangabad,Tomato,Rabi,Loamy,Borewell,1.73,689.1,26.8,70.1,7.48,8329.73,14139.43,7016.32,22865.88,11544.11,5796.71,17612.58,30.35,69692.19,534483.18,464790.99
1527,2023,Ahmednagar,Maize,Kharif,Red,Borewell,1.44,600.8,21.6,67.6,5.9,3966.87,9923.96,3197.26,10481.48,4613.71,2966.66,4213.97,22.47,35149.95,94695.32,59545.37
1528,2024,Ahmednagar,Sugarcane,Annual,Black,Drip,5.75,614.6,24.2,62.3,5.52,44587.38,66444.25,23167.91,79653.87,40499.56,26200.41,205707.01,3.11,280553.38,640211.46,359658.08
1529,2019,Aurangabad,Sugarcane,Annual,Red,Canal,8.84,668.0,26.2,63.1,5.96,55603.46,74675.01,23930.38,119112.11,52433.98,31118.53,306506.2,3.08,356873.47,945211.51,588338.04
1530,2019,Sangli,Rice,Kharif,Black,Canal,8.8,645.0,25.5,71.0,6.63,24845.96,51695.72,22969.86,58174.42,30933.22,19519.86,29723.86,26.86,208139.03,798366.65,590227.62
1531,2023,Pune,Cotton,Kharif,Red,Rainfed,6.28,1020.9,24.4,70.6,5.95,31180.8,43085.14,27561.59,72454.32,30300.91,19378.08,3692.7,81.68,223960.83,301615.76,77654.93
1532,2021,Kolhapur,Onion,Rabi,Alluvial,Canal,2.97,1435.6,24.3,65.2,6.81,16321.47,21657.68,10762.88,26065.41,14572.51,7630.71,24253.61,21.03,97010.68,509958.64,412947.96
1533,2025,Pune,Sugarcane,Annual,Red,Drip,4.39,946.5,25.4,70.4,6.83,34731.08,49337.68,16257.35,57456.16,34858.07,17287.77,191319.27,2.49,209928.11,477013.61,267085.5
1534,2021,Pune,Tomato,Rabi,Alluvial,Drip,10.97,686.7,23.9,78.8,6.91,50710.66,82846.67,47862.73,111314.7,49649.0,33247.93,116990.8,26.99,375631.69,3157216.59,2781584.9
1535,2019,Aurangabad,Maize,Kharif,Black,Canal,11.54,747.2,30.8,46.9,6.09,31306.07,54827.4,26198.47,69970.93,25281.96,22114.17,37207.9,19.12,229698.99,711544.72,481845.73
1536,2022,Pune,Rice,Kharif,Loamy,Canal,3.6,533.4,26.0,69.2,6.57,13113.73,24083.27,10890.13,29430.27,16974.3,9918.53,9611.02,26.19,104410.24,251742.46,147332.22
1537,2025,Solapur,Sugarcane,Annual,Loamy,Borewell,11.56,602.7,30.1,67.2,6.95,89522.73,145612.35,52331.35,171975.45,101572.12,50499.57,495813.34,2.8,611513.57,1387109.2,775595.63
1538,2023,Ahmednagar,Maize,Kharif,Loamy,Borewell,2.89,711.9,25.0,71.2,6.9,8227.51,17614.48,6551.55,20707.85,8321.02,5596.53,9440.52,29.17,67018.94,275386.34,208367.4
1539,2025,Ahmednagar,Sugarcane,Annual,Alluvial,Rainfed,4.49,553.1,25.3,62.4,5.53,33333.0,48688.24,19814.94,59648.92,35072.0,19880.65,132967.58,3.02,216437.75,402024.59,185586.84
1540,2020,Sangli,Tomato,Rabi,Loamy,Canal,11.38,830.0,28.4,67.7,6.67,48980.03,82464.72,39673.33,122369.42,57192.29,35823.32,126447.68,32.38,386503.09,4094586.98,3708083.88
1541,2024,Aurangabad,Wheat,Rabi,Alluvial,Rainfed,10.21,686.1,27.3,63.4,6.88,32236.64,60929.22,31388.04,75406.44,33989.86,23128.0,23964.73,27.1,257078.21,649462.18,392383.97
1542,2023,Pune,Maize,Kharif,Alluvial,Rainfed,9.98,621.5,26.5,51.2,6.2,27324.85,62549.77,22887.78,80638.54,30013.16,19824.16,26339.7,26.1,243238.26,687419.76,444181.49
1543,2023,Satara,Rice,Kharif,Black,Drip,9.53,666.2,23.3,80.1,6.88,36436.71,73844.84,31857.44,88288.53,39254.93,24023.22,24291.1,32.52,293705.66,790022.7,496317.04
1544,2019,Pune,Sugarcane,Annual,Red,Rainfed,4.49,780.7,26.1,35.0,6.31,28506.62,37393.21,14385.69,44920.75,28461.56,17116.94,128894.84,3.5,170784.77,451435.62,280650.86
1545,2020,Satara,Cotton,Kharif,Loamy,Rainfed,4.88,860.4,24.4,64.7,6.23,22866.51,29911.26,17826.2,45394.14,21960.82,13664.37,2879.43,79.61,151623.29,229242.85,77619.56
1546,2023,Sangli,Onion,Rabi,Black,Borewell,11.72,789.2,26.7,61.9,7.65,72526.53,88642.62,41977.38,117562.52,65676.96,38318.25,97378.53,29.32,424704.26,2854756.0,2430051.74
1547,2022,Solapur,Wheat,Rabi,Red,Borewell,2.02,729.3,25.4,54.4,6.59,5478.1,10636.16,5137.73,15755.03,5193.83,4103.58,5210.09,28.67,46304.42,149390.14,103085.72
1548,2022,Solapur,Wheat,Rabi,Alluvial,Rainfed,8.41,584.9,26.7,71.4,7.06,23991.97,43199.84,21414.87,64677.9,20022.57,15485.88,19852.0,28.92,188793.03,574089.69,385296.66
1549,2023,Nashik,Rice,Kharif,Red,Canal,2.11,525.6,25.9,43.9,6.19,8430.03,15327.84,7147.94,17362.64,10118.78,6771.09,5179.78,34.9,65158.31,180752.47,115594.15
1550,2021,Ahmednagar,Maize,Kharif,Black,Drip,4.28,413.6,24.5,71.1,7.15,10129.34,24157.91,9815.69,26508.25,11350.02,7597.81,12455.55,23.04,89559.02,287024.81,197465.79
1551,2024,Sangli,Cotton,Kharif,Red,Rainfed,4.34,698.5,30.8,70.4,6.65,21214.88,30540.18,16992.2,47380.79,24250.86,14720.88,2675.89,81.19,155099.78,217247.51,62147.73
1552,2019,Ahmednagar,Onion,Rabi,Black,Canal,2.06,661.1,25.5,50.4,6.89,9940.96,13420.45,6275.09,15919.54,7330.37,5869.86,16554.93,23.8,58756.26,394070.81,335314.55
1553,2021,Nashik,Tomato,Rabi,Red,Borewell,1.04,631.2,23.8,54.6,7.14,4966.34,8501.63,3989.15,11435.55,5982.76,2918.25,9534.94,27.63,37793.68,263426.62,225632.95
1554,2022,Kolhapur,Onion,Rabi,Black,Rainfed,9.8,1569.4,24.2,54.1,6.1,57814.24,68540.49,33672.44,99943.94,51366.79,29948.88,67863.97,25.6,341286.78,1737270.91,1395984.13
1555,2025,Satara,Soybean,Kharif,Red,Borewell,6.75,718.3,25.2,60.4,5.8,26257.03,32226.77,15508.16,39689.68,12991.38,13111.53,6518.85,56.51,139784.55,368387.76,228603.21
1556,2021,Nashik,Tomato,Rabi,Black,Canal,9.58,878.5,20.8,65.1,6.87,45382.38,63600.52,35624.56,83336.0,55197.92,26646.8,94562.74,32.49,309788.18,3072434.94,2762646.77
1557,2019,Sangli,Sugarcane,Annual,Loamy,Rainfed,8.52,582.2,27.8,55.7,5.57,54012.71,80215.57,24665.5,106985.76,54919.68,29898.82,267948.22,3.33,350698.05,893350.87,542652.82
1558,2019,Satara,Tomato,Rabi,Alluvial,Rainfed,7.91,946.4,23.3,53.6,7.53,31441.13,53476.1,27451.17,72618.69,40704.08,18407.46,79348.9,25.51,244098.63,2024064.91,1779966.29
1559,2021,Ahmednagar,Soybean,Kharif,Loamy,Borewell,5.29,622.8,26.5,60.5,6.42,17773.8,20725.39,9447.8,27893.57,9526.3,8019.24,5818.4,40.71,93386.11,236859.66,143473.55
1560,2025,Satara,Rice,Kharif,Red,Canal,3.44,1019.9,20.8,43.4,6.48,11997.85,28173.82,13089.88,34833.83,18074.02,10565.68,8437.09,24.88,116735.09,209922.83,93187.74
1561,2023,Satara,Maize,Kharif,Loamy,Borewell,3.41,1005.9,25.6,59.3,5.95,9398.96,22273.74,7870.34,23208.14,10791.17,7470.22,12423.5,22.79,81012.57,283139.5,202126.93
1562,2025,Pune,Wheat,Rabi,Loamy,Canal,4.16,866.0,24.3,59.8,6.6,13257.42,21906.88,12732.13,39271.28,12058.48,8698.27,11778.56,29.56,107924.45,348215.65,240291.19
1563,2019,Pune,Maize,Kharif,Loamy,Canal,10.62,637.0,24.7,81.4,6.96,24505.71,57482.29,22327.19,66276.95,27422.08,18861.99,34039.73,16.05,216876.21,546312.03,329435.82
1564,2021,Sangli,Cotton,Kharif,Red,Canal,4.05,409.9,25.4,76.0,7.2,17963.72,24895.32,16086.26,43708.57,17864.18,9997.73,2425.86,71.63,130515.79,173770.69,43254.91
1565,2024,Ahmednagar,Wheat,Rabi,Black,Canal,2.88,723.8,24.4,50.8,7.04,9966.5,18582.16,7209.19,25032.92,9254.84,6352.3,7222.68,38.1,76397.91,275159.56,198761.66
1566,2024,Sangli,Rice,Kharif,Black,Drip,6.47,776.2,29.0,71.0,7.76,23065.81,50239.57,21867.74,60957.74,33883.18,16769.67,20094.35,32.27,206783.71,648427.85,441644.14
1567,2020,Sangli,Cotton,Kharif,Alluvial,Canal,10.84,592.4,29.8,72.5,6.19,49106.7,62466.4,38022.78,92589.98,42940.89,25147.23,8238.45,68.59,310273.98,565039.45,254765.47
1568,2021,Aurangabad,Cotton,Kharif,Red,Canal,5.61,830.6,24.5,76.9,7.37,24030.74,33779.5,21222.98,56558.09,24087.09,16848.08,3934.45,72.62,176526.48,285725.12,109198.64
1569,2022,Satara,Onion,Rabi,Alluvial,Rainfed,1.81,864.2,23.5,69.2,6.59,10827.78,14305.94,6826.96,15836.64,9120.39,4927.45,12834.19,26.42,61845.16,339139.24,277294.08
1570,2023,Pune,Maize,Kharif,Loamy,Rainfed,1.12,750.8,23.1,48.8,7.09,3313.74,6679.68,2665.16,8382.18,3652.67,2092.23,3280.58,19.33,26785.67,63427.7,36642.03
1571,2022,Ahmednagar,Wheat,Rabi,Loamy,Borewell,6.0,502.2,24.9,61.1,6.06,18258.18,31852.97,18138.28,39963.9,15745.49,12626.14,16054.54,26.35,136584.95,422963.86,286378.91
1572,2023,Nashik,Rice,Kharif,Black,Borewell,5.85,764.1,25.9,62.4,5.86,18808.65,43876.42,19377.52,50902.04,25457.94,17630.7,15766.89,29.29,176053.28,461830.04,285776.76
1573,2025,Solapur,Rice,Kharif,Loamy,Canal,6.26,585.2,26.6,36.6,6.04,23983.91,50475.12,23628.42,55306.35,30307.65,16795.99,18092.11,30.2,200497.44,546449.25,345951.81
1574,2025,Ahmednagar,Tomato,Rabi,Black,Rainfed,1.69,546.1,26.8,61.1,5.92,7284.08,14089.65,7749.95,20167.79,11685.61,5837.04,13822.23,29.88,66814.11,412972.28,346158.17
1575,2020,Solapur,Sugarcane,Annual,Loamy,Rainfed,3.15,568.9,26.6,61.6,6.94,19818.8,26065.28,9516.09,45347.41,19845.13,12441.52,98526.41,2.9,133034.24,285665.14,152630.9
1576,2025,Pune,Soybean,Kharif,Alluvial,Canal,6.23,720.5,26.1,54.4,6.33,24669.66,31334.32,14077.72,34434.2,14958.18,12622.66,7760.16,34.71,132096.73,269317.93,137221.2
1577,2025,Nashik,Soybean,Kharif,Alluvial,Drip,7.54,661.1,21.8,51.1,5.9,25093.9,34106.15,16544.45,35510.65,15282.48,13698.32,8881.63,45.55,140235.94,404524.62,264288.68
1578,2021,Aurangabad,Soybean,Kharif,Black,Canal,11.92,560.4,26.4,55.1,6.38,35667.2,54342.72,21955.54,58630.48,18656.75,18147.33,14018.62,38.51,207400.01,539895.7,332495.69
1579,2019,Satara,Sugarcane,Annual,Red,Borewell,8.0,968.6,21.9,72.5,5.74,49990.99,71386.62,25789.88,99802.68,49715.26,25555.92,266235.59,3.52,322241.35,938103.18,615861.83
1580,2023,Kolhapur,Rice,Kharif,Loamy,Drip,2.69,1493.5,27.4,54.6,5.48,10099.74,17498.06,8050.95,24103.45,11950.05,7315.34,7845.34,27.56,79017.6,216223.18,137205.58
1581,2019,Ahmednagar,Soybean,Kharif,Red,Rainfed,10.63,802.7,23.0,75.2,6.13,30455.52,41423.23,17501.9,47144.32,17614.71,13016.78,11013.54,42.34,167156.45,466284.51,299128.06
1582,2023,Kolhapur,Maize,Kharif,Red,Canal,8.12,1311.8,22.4,53.9,7.36,22243.84,47870.77,20250.28,66264.86,25429.11,12823.42,22694.4,23.42,194882.27,531536.8,336654.54
1583,2024,Pune,Soybean,Kharif,Alluvial,Borewell,11.94,751.5,22.8,65.1,7.12,42908.4,55258.7,23953.11,70701.37,23306.35,22707.31,14441.33,44.52,238835.24,642918.39,404083.15
1584,2024,Sangli,Wheat,Rabi,Black,Canal,6.81,615.4,23.5,67.8,7.98,20664.79,40094.29,16953.77,62914.93,19497.12,14220.03,18926.44,28.79,174344.92,544976.45,370631.52
1585,2021,Sangli,Tomato,Rabi,Black,Borewell,9.22,816.8,26.1,70.1,6.42,42344.53,68472.65,33787.18,99506.99,52543.64,23967.26,108710.28,22.61,320622.25,2457636.04,2137013.8
1586,2023,Solapur,Sugarcane,Annual,Black,Drip,6.09,730.8,27.5,51.5,5.46,46614.14,58436.08,22158.97,89602.06,44781.92,26251.38,215268.19,3.32,287844.55,714823.98,426979.42
1587,2022,Kolhapur,Wheat,Rabi,Loamy,Canal,3.16,1497.0,25.0,66.9,7.17,8951.8,19204.65,6552.57,26173.71,9662.18,6915.23,8817.32,32.54,77460.14,286873.42,209413.27
1588,2020,Sangli,Wheat,Rabi,Alluvial,Rainfed,1.29,841.5,26.0,52.6,6.02,3293.9,7831.28,3017.04,9443.49,3158.02,2205.16,3268.83,22.07,28948.9,72149.96,43201.06
1589,2024,Satara,Wheat,Rabi,Loamy,Rainfed,10.25,950.3,23.6,62.0,7.62,30253.05,63591.91,26711.92,83028.37,32325.89,22658.82,24522.15,29.41,258569.95,721181.86,462611.9
1590,2020,Satara,Soybean,Kharif,Alluvial,Canal,6.8,1021.8,23.7,59.2,6.57,20198.11,23542.94,10253.97,31092.61,12100.72,10171.95,8124.85,36.41,107360.3,295850.04,188489.74
1591,2019,Nashik,Rice,Kharif,Loamy,Borewell,2.02,854.7,25.4,47.3,6.63,6869.7,12226.15,5120.07,15540.71,7649.42,4608.72,6804.37,32.26,52014.76,219488.13,167473.36
1592,2025,Solapur,Wheat,Rabi,Alluvial,Drip,10.72,609.6,27.5,61.4,6.3,38646.68,68310.97,27505.85,80457.54,30408.96,24903.11,30599.02,21.73,270233.1,664844.46,394611.36
1593,2020,Aurangabad,Rice,Kharif,Alluvial,Rainfed,10.33,757.7,27.0,60.1,7.28,32058.19,63611.86,33611.58,80267.47,42982.94,22643.95,26692.07,33.75,275175.99,900788.57,625612.58
1594,2019,Satara,Onion,Rabi,Loamy,Rainfed,3.94,1010.9,24.1,67.7,7.07,18352.42,23780.33,12153.16,32363.78,19147.19,10794.4,24129.14,21.35,116591.29,515270.87,398679.58
1595,2019,Nashik,Sugarcane,Annual,Black,Rainfed,1.54,737.5,23.7,71.4,7.19,8721.23,11992.18,4228.94,18275.59,9482.51,5312.07,53092.42,3.03,58012.53,160699.47,102686.95
1596,2025,Solapur,Tomato,Rabi,Black,Drip,6.88,439.1,28.5,69.9,6.72,36794.37,64644.64,35841.16,80904.08,35613.49,24245.05,60696.67,26.95,278042.8,1635610.6,1357567.8
1597,2019,Aurangabad,Wheat,Rabi,Alluvial,Borewell,7.54,688.4,28.1,61.3,6.17,20190.96,38472.24,15735.38,42903.2,16802.97,13140.87,19198.16,23.94,147245.61,459656.54,312410.93
1598,2024,Nashik,Rice,Kharif,Black,Rainfed,8.35,860.9,21.3,83.0,7.74,27652.56,63172.21,27754.15,68895.01,39774.16,21020.48,23196.33,30.48,248268.56,706961.41,458692.85
1599,2022,Sangli,Cotton,Kharif,Black,Borewell,1.31,557.3,22.8,73.6,7.5,5743.3,8488.18,5564.5,13797.43,6220.11,4302.05,993.8,65.36,44115.57,64957.19,20841.62
1600,2022,Pune,Soybean,Kharif,Loamy,Borewell,0.85,764.2,25.4,59.9,6.67,2752.07,3419.34,1663.77,4480.57,1547.0,1516.2,1021.94,46.2,15378.95,47212.11,31833.16
1601,2021,Nashik,Tomato,Rabi,Black,Borewell,6.03,702.4,28.1,60.8,7.06,25749.53,44672.77,25897.46,65605.59,25735.5,18090.93,58003.02,20.3,205751.77,1177660.61,971908.84
1602,2019,Satara,Onion,Rabi,Black,Rainfed,8.68,1099.0,22.9,60.7,6.07,40986.39,51259.23,31773.89,61432.41,43341.41,23863.16,62082.52,23.64,252656.49,1467779.9,1215123.41
1603,2023,Satara,Rice,Kharif,Red,Canal,4.41,1060.8,23.2,58.5,6.53,15627.29,35811.62,15423.92,38701.08,18750.3,12162.0,14598.15,29.45,136476.2,429885.55,293409.35
1604,2022,Sangli,Onion,Rabi,Loamy,Drip,10.54,564.2,26.5,58.0,6.53,52753.27,77354.16,40582.86,97043.89,51768.73,28829.65,85005.52,22.51,348332.55,1913080.29,1564747.73
1605,2025,Ahmednagar,Soybean,Kharif,Black,Rainfed,9.27,907.4,27.8,74.4,6.08,32293.49,43253.26,19754.62,48477.75,17226.41,16709.78,9576.0,47.89,177715.32,458569.52,280854.2
1606,2023,Kolhapur,Maize,Kharif,Loamy,Canal,2.64,1515.0,23.1,74.3,6.43,7750.23,17328.82,6116.05,20575.92,9185.92,4905.28,7837.16,25.3,65862.2,198287.11,132424.91
1607,2020,Ahmednagar,Cotton,Kharif,Loamy,Canal,7.08,680.2,24.0,81.9,6.52,31343.94,39424.79,26842.45,68409.71,33616.74,20345.06,5380.06,70.06,219982.7,376949.13,156966.43
1608,2021,Kolhapur,Onion,Rabi,Black,Drip,3.36,1459.0,21.8,59.0,7.66,20635.29,25758.82,12474.12,32527.14,15271.5,8961.73,25850.47,27.78,115628.59,718248.49,602619.89
1609,2023,Satara,Wheat,Rabi,Black,Borewell,4.22,804.0,21.2,61.9,5.43,13525.53,28829.22,10020.3,29860.24,12957.0,9771.98,11180.85,33.73,104964.26,377150.49,272186.24
1610,2020,Satara,Onion,Rabi,Red,Rainfed,1.18,959.4,26.6,68.8,5.8,5821.92,8333.88,4369.75,10566.51,5429.92,3099.81,7565.76,23.42,37621.79,177184.44,139562.65
1611,2024,Satara,Onion,Rabi,Loamy,Borewell,3.08,942.8,23.9,65.0,5.82,18276.81,23881.15,13312.54,33638.7,19693.52,8704.18,26958.3,22.13,117506.9,596540.38,479033.48
1612,2023,Solapur,Onion,Rabi,Alluvial,Borewell,6.69,599.5,26.2,54.7,6.5,38070.47,48782.57,27211.9,66251.31,37339.51,15710.19,45550.12,21.92,233365.95,998302.1,764936.15
1613,2019,Ahmednagar,Onion,Rabi,Loamy,Rainfed,3.73,576.4,26.4,48.5,6.97,19407.5,26002.67,11164.83,33077.78,19155.26,10369.6,26207.03,27.66,119177.64,724891.36,605713.71
1614,2019,Satara,Sugarcane,Annual,Red,Drip,1.44,890.4,28.1,71.9,6.59,8267.94,12454.42,4262.24,14945.69,9947.46,5406.34,53382.71,3.14,55284.1,167404.74,112120.64
1615,2020,Satara,Sugarcane,Annual,Loamy,Canal,2.47,718.9,23.0,68.4,6.44,15151.11,19873.96,8587.56,31264.43,14681.69,7850.23,71832.79,2.75,97408.98,197794.21,100385.23
1616,2022,Satara,Tomato,Rabi,Red,Rainfed,1.12,1078.0,24.2,58.1,7.04,5434.01,9061.18,4523.03,11997.32,6028.66,3105.99,10546.26,24.08,40150.19,253953.34,213803.16
1617,2019,Pune,Onion,Rabi,Alluvial,Rainfed,2.75,733.4,23.8,43.8,7.41,13872.99,17757.17,8840.72,21879.06,10516.19,7770.09,20038.59,22.26,80636.22,446065.08,365428.86
1618,2021,Ahmednagar,Rice,Kharif,Loamy,Drip,5.01,718.1,24.0,58.1,7.04,15858.65,33302.13,14598.15,36594.53,20386.62,11729.56,16895.99,26.09,132469.63,440762.65,308293.01
1619,2019,Pune,Onion,Rabi,Red,Drip,9.18,747.8,28.2,52.4,6.33,41288.21,58577.74,33113.5,83308.29,45217.17,21786.34,66159.14,18.94,283291.26,1253132.23,969840.97
1620,2020,Ahmednagar,Cotton,Kharif,Alluvial,Drip,6.4,682.9,29.3,38.6,5.96,27962.68,40049.29,23605.56,66894.96,29955.99,19756.66,3904.05,78.72,208225.15,307313.2,99088.05
1621,2020,Satara,Onion,Rabi,Red,Rainfed,7.15,919.8,23.2,58.9,7.52,39258.23,45643.0,22996.25,69526.98,34797.43,15452.11,43524.68,20.27,227674.0,882214.53,654540.53
1622,2019,Kolhapur,Maize,Kharif,Black,Drip,11.7,1446.0,22.9,54.3,6.58,29677.44,58879.04,24635.77,79214.79,32355.36,21839.19,39079.1,17.73,246601.6,692835.94,446234.34
1623,2021,Nashik,Tomato,Rabi,Red,Canal,11.52,664.2,23.6,61.2,7.08,51102.84,80974.33,46015.55,110445.57,57001.5,31259.9,107308.2,33.35,376799.7,3578195.8,3201396.1
1624,2021,Satara,Sugarcane,Annual,Alluvial,Drip,0.55,926.9,24.2,54.5,6.26,3355.6,5217.68,2055.7,7652.29,3814.92,1962.11,20637.4,3.42,24058.31,70619.01,46560.7
1625,2019,Nashik,Tomato,Rabi,Red,Drip,7.9,689.2,25.6,56.2,6.88,30273.52,49837.59,23241.68,76411.31,42729.11,19402.6,79354.4,23.45,241895.81,1860667.23,1618771.42
1626,2023,Satara,Soybean,Kharif,Loamy,Canal,7.36,973.7,25.6,53.5,6.52,23264.56,31411.19,11664.38,32917.52,14950.21,14306.98,9934.82,38.8,128514.84,385485.19,256970.35
1627,2024,Sangli,Onion,Rabi,Red,Rainfed,0.81,445.1,28.4,54.2,6.95,5350.33,6944.92,3708.39,8984.36,4525.04,2386.82,4943.31,24.81,31899.85,122637.23,90737.38
1628,2025,Kolhapur,Soybean,Kharif,Red,Canal,5.9,1534.8,26.3,53.7,6.7,20759.72,25599.75,11624.89,34421.85,13658.01,11052.52,7156.57,54.38,117116.74,389139.41,272022.67
1629,2024,Pune,Soybean,Kharif,Alluvial,Drip,6.42,805.9,24.9,67.5,7.0,21495.83,27546.92,13311.58,34281.25,12916.15,12686.64,8712.22,46.24,122238.37,402865.75,280627.38
1630,2024,Satara,Sugarcane,Annual,Black,Borewell,8.94,893.8,21.4,70.4,6.89,67109.86,90355.98,38936.42,151518.58,71237.98,36021.98,364971.51,3.71,455180.81,1355518.71,900337.9
1631,2023,Ahmednagar,Rice,Kharif,Loamy,Canal,11.78,733.8,23.5,77.1,6.51,39897.79,92494.74,35508.54,109523.42,49408.97,30472.85,34703.05,26.3,357306.31,912651.09,555344.78
1632,2020,Aurangabad,Sugarcane,Annual,Alluvial,Canal,5.33,655.3,27.3,61.4,7.13,35071.9,50327.06,15721.22,80278.79,39653.21,19496.59,182399.14,2.71,240548.78,494778.3,254229.52
1633,2022,Aurangabad,Sugarcane,Annual,Alluvial,Borewell,8.71,812.2,26.6,67.1,6.41,58236.95,85821.31,31018.67,122045.66,59193.41,35861.95,351035.82,3.27,392177.96,1147979.66,755801.7
1634,2020,Satara,Wheat,Rabi,Red,Borewell,11.45,952.9,19.5,84.6,6.69,30134.62,63858.51,27137.65,83688.87,26589.13,20999.02,26565.83,33.62,252407.8,893186.51,640778.71
1635,2020,Sangli,Soybean,Kharif,Alluvial,Borewell,2.82,656.3,28.4,66.7,6.19,8410.36,10845.38,4570.3,11724.37,5736.03,4769.07,3569.04,43.34,46055.5,154690.15,108634.65
1636,2025,Ahmednagar,Tomato,Rabi,Alluvial,Canal,7.92,490.2,25.0,59.6,6.76,45516.36,69105.57,33663.89,102568.23,42493.38,28839.19,73285.86,31.55,322186.61,2312243.29,1990056.68
1637,2025,Ahmednagar,Rice,Kharif,Black,Canal,11.91,532.7,20.4,65.1,7.49,44359.91,96125.61,39502.31,97759.0,54057.91,31761.56,29119.38,25.97,363566.3,756087.18,392520.87
1638,2020,Solapur,Sugarcane,Annual,Black,Borewell,8.19,627.2,27.3,37.0,7.78,50618.92,72603.22,24869.51,117707.21,51591.09,28701.41,340822.21,2.75,346091.36,937832.8,591741.44
1639,2022,Sangli,Onion,Rabi,Loamy,Borewell,9.83,309.4,29.2,68.8,7.64,57178.45,84345.15,31366.19,98208.8,55097.82,28366.98,64588.79,24.21,354563.4,1563492.89,1208929.5
1640,2025,Solapur,Tomato,Rabi,Loamy,Canal,7.61,726.3,25.1,77.1,6.56,40579.01,67273.08,34697.42,87908.17,44442.73,27900.59,90293.11,19.54,302801.0,1764461.53,1461660.52
1641,2019,Sangli,Cotton,Kharif,Red,Borewell,4.51,704.5,24.7,75.3,5.87,19802.89,27153.27,13296.28,44054.35,18722.51,11406.71,3455.29,73.74,134436.02,254803.4,120367.38
1642,2024,Kolhapur,Soybean,Kharif,Black,Canal,1.55,1402.8,22.9,79.3,7.17,4926.16,6922.08,3362.42,8341.48,2928.23,3093.18,1991.98,49.06,29573.54,97732.75,68159.21
1643,2025,Kolhapur,Rice,Kharif,Black,Canal,4.53,1654.0,22.1,78.2,6.82,16698.31,34760.63,15148.59,39858.54,22648.14,13783.47,14522.8,29.71,142897.68,431537.38,288639.69
1644,2019,Nashik,Soybean,Kharif,Black,Canal,7.98,707.5,22.3,58.0,6.32,22207.2,29883.95,14098.07,34291.4,13627.92,11891.91,9006.89,35.37,126000.45,318613.94,192613.48
1645,2021,Satara,Wheat,Rabi,Red,Canal,1.19,1066.6,27.7,67.3,6.35,3352.55,6673.98,2795.55,7779.98,3356.01,2495.56,3026.44,27.38,26453.62,82870.54,56416.92
1646,2024,Kolhapur,Cotton,Kharif,Alluvial,Drip,1.07,1618.6,22.3,57.4,7.5,5109.64,7706.59,4841.06,11199.19,5273.97,3289.24,852.63,73.57,37419.68,62724.37,25304.69
1647,2019,Kolhapur,Maize,Kharif,Alluvial,Canal,6.03,1373.8,21.6,52.1,7.08,13941.95,27248.1,12499.9,39559.0,16584.76,9061.12,19430.45,21.71,118894.84,421888.46,302993.62
1648,2022,Sangli,Onion,Rabi,Black,Borewell,0.5,676.1,28.0,57.8,6.83,2893.38,3366.43,1804.43,5290.41,2620.1,1432.26,4436.39,22.27,17407.0,98804.83,81397.82
1649,2020,Sangli,Maize,Kharif,Red,Drip,7.9,802.9,29.3,53.6,6.9,18215.1,37889.98,16618.29,52793.02,25530.87,13742.0,26015.81,16.33,164789.26,424771.58,259982.31
1650,2023,Satara,Sugarcane,Annual,Loamy,Borewell,10.96,1140.6,21.8,51.1,6.3,82715.32,106683.72,36260.37,166262.98,72227.42,41385.72,422852.56,2.59,505535.55,1094375.37,588839.83
1651,2021,Nashik,Onion,Rabi,Red,Borewell,10.42,712.5,26.1,69.1,7.9,61738.62,74317.26,37122.43,101782.98,53367.75,27013.57,79869.9,20.89,355342.61,1668745.65,1313403.04
1652,2022,Satara,Tomato,Rabi,Loamy,Rainfed,3.9,807.3,24.0,51.4,6.45,17443.33,29037.61,16026.72,42882.31,19973.55,12233.37,34113.26,28.0,137596.89,955025.45,817428.56
1653,2023,Ahmednagar,Onion,Rabi,Red,Canal,5.95,589.2,25.4,56.8,6.46,36553.27,46838.35,21218.0,62382.89,36126.29,16625.62,41574.81,22.31,219744.43,927376.34,707631.91
1654,2025,Aurangabad,Wheat,Rabi,Alluvial,Canal,9.83,891.4,26.0,47.9,6.53,33333.03,63747.5,25242.4,74038.33,28395.2,21468.66,28606.12,25.66,246225.12,734000.0,487774.88
1655,2022,Sangli,Soybean,Kharif,Loamy,Canal,9.27,666.3,24.3,71.1,7.49,31291.41,37634.93,18282.42,44891.23,17821.35,14843.25,12162.01,47.68,164764.57,579938.11,415173.53
1656,2023,Pune,Onion,Rabi,Black,Drip,10.23,695.9,25.1,68.4,6.95,60558.13,80844.89,41962.51,90138.15,49639.29,32851.86,84146.75,24.41,355994.82,2053629.92,1697635.09
1657,2023,Solapur,Maize,Kharif,Loamy,Borewell,3.4,569.0,23.1,63.9,6.78,9954.94,19872.08,6432.98,25410.55,10577.08,7646.25,9982.44,20.01,79893.87,199792.62,119898.75
1658,2019,Sangli,Soybean,Kharif,Loamy,Drip,11.55,795.6,25.9,53.0,5.95,30325.66,41499.8,18099.88,43910.39,19175.74,16025.23,17200.92,38.72,169036.69,666092.7,497056.01
1659,2021,Nashik,Sugarcane,Annual,Loamy,Canal,6.67,822.3,25.8,74.2,6.38,47302.17,61231.71,22210.4,88078.9,46481.85,23266.48,268527.27,2.15,288571.5,578546.78,289975.29
1660,2019,Ahmednagar,Rice,Kharif,Red,Rainfed,5.17,808.5,24.4,69.0,5.43,14249.51,31600.08,17280.82,40202.66,22310.96,11142.48,12714.7,34.85,136786.52,443132.88,306346.36
1661,2020,Pune,Sugarcane,Annual,Red,Rainfed,6.15,597.4,26.4,75.8,5.86,38779.59,56225.07,20710.99,74827.85,43909.72,21249.22,178780.59,3.04,255702.44,544287.15,288584.71
1662,2020,Kolhapur,Tomato,Rabi,Red,Canal,3.27,1403.1,25.6,66.6,7.05,14851.84,23311.02,11270.49,27654.11,15358.19,8788.91,30657.35,28.73,101234.57,880674.62,779440.05
1663,2019,Aurangabad,Rice,Kharif,Alluvial,Rainfed,1.19,579.9,24.5,64.8,7.19,4188.25,8022.85,3528.02,9424.22,4553.39,2723.69,3057.3,30.36,32440.42,92820.65,60380.23
1664,2025,Solapur,Maize,Kharif,Loamy,Borewell,5.15,435.1,26.4,72.4,6.27,14214.56,37294.05,13682.6,39833.53,17695.73,11471.0,15201.38,27.91,134191.48,424210.72,290019.25
1665,2020,Nashik,Maize,Kharif,Loamy,Borewell,10.09,598.2,22.6,63.9,6.98,28365.27,56193.75,16693.83,62642.27,25156.19,20658.48,29338.71,14.87,209709.79,436268.16,226558.36
1666,2025,Sangli,Rice,Kharif,Red,Drip,7.8,633.3,27.7,63.3,7.3,30050.75,62394.93,25413.88,81884.88,36300.68,23567.03,20835.21,34.91,259612.15,727438.38,467826.24
1667,2022,Kolhapur,Soybean,Kharif,Loamy,Drip,11.68,1415.1,22.9,50.7,7.34,35800.69,38804.44,24519.19,47712.44,26455.96,17585.81,14827.8,46.08,190878.53,683327.17,492448.64
1668,2023,Satara,Cotton,Kharif,Loamy,Canal,10.89,1017.5,26.2,61.6,6.75,51430.62,74135.74,44143.08,124258.99,53480.24,31109.14,8240.66,59.06,378557.82,486733.58,108175.77
1669,2020,Pune,Soybean,Kharif,Loamy,Rainfed,11.39,758.8,22.3,74.1,6.37,31221.86,40544.97,22894.81,51745.55,19753.92,17421.97,11807.99,43.71,183583.08,516141.86,332558.78
1670,2023,Satara,Tomato,Rabi,Alluvial,Borewell,7.55,1102.2,25.2,75.0,6.59,36740.88,55109.16,35161.29,88235.55,41932.84,23158.83,85963.81,21.43,280338.55,1842352.28,1562013.74
1671,2023,Aurangabad,Sugarcane,Annual,Black,Rainfed,7.68,634.9,25.9,58.4,6.21,55686.1,76548.13,23193.23,106778.37,53832.14,30392.73,266911.05,3.38,346430.71,902359.5,555928.79
1672,2021,Aurangabad,Cotton,Kharif,Alluvial,Borewell,3.22,485.2,28.0,53.4,6.56,16033.28,18169.06,11845.52,35081.65,15288.01,9615.46,2249.14,60.61,106032.99,136314.39,30281.39
1673,2020,Sangli,Maize,Kharif,Red,Borewell,11.87,600.7,26.2,68.8,6.6,29032.8,59544.52,23599.17,80168.58,32894.55,21261.73,38080.76,18.71,246501.35,712351.25,465849.9
1674,2024,Sangli,Sugarcane,Annual,Red,Rainfed,9.98,725.8,24.9,71.3,7.34,72128.31,103582.07,41034.78,149459.03,83286.99,46254.31,335060.71,3.08,495745.48,1030900.88,535155.39
1675,2020,Pune,Tomato,Rabi,Red,Canal,6.12,859.8,22.9,62.0,5.58,27434.0,46067.03,23150.96,62908.33,28369.25,16602.74,57955.42,22.81,204532.32,1321673.38,1117141.06
1676,2024,Nashik,Cotton,Kharif,Red,Borewell,9.66,544.6,24.5,69.4,6.68,52019.26,61400.97,39590.14,108428.98,43075.84,31595.0,6977.22,58.29,336110.19,406682.14,70571.95
1677,2021,Nashik,Tomato,Rabi,Black,Rainfed,8.64,609.2,25.0,69.2,7.4,43239.7,64996.51,38658.49,90580.8,46305.05,22627.53,68994.59,28.6,306408.08,1972937.66,1666529.57
1678,2022,Sangli,Onion,Rabi,Red,Canal,7.27,588.6,24.9,60.4,6.28,43884.09,55418.71,29423.67,61155.91,37303.74,22223.97,51657.58,28.7,249410.09,1482554.21,1233144.12
1679,2022,Pune,Soybean,Kharif,Black,Rainfed,5.57,675.3,22.0,60.6,6.91,17649.69,22497.9,11113.19,28965.46,10581.84,11447.52,5683.99,52.22,102255.59,296843.68,194588.09
1680,2021,Sangli,Sugarcane,Annual,Loamy,Drip,2.53,713.0,27.0,47.5,6.93,16937.19,22543.18,8885.91,34442.09,21353.25,9738.69,100636.33,3.73,113900.3,375667.27,261766.97
1681,2019,Pune,Tomato,Rabi,Alluvial,Rainfed,4.76,505.5,25.9,85.3,7.52,19200.96,35254.95,18007.73,44254.68,21407.75,11478.26,38881.11,25.22,149604.33,980638.0,831033.67
1682,2024,Solapur,Maize,Kharif,Loamy,Borewell,8.29,541.1,26.1,65.9,7.03,24881.79,51386.37,22156.84,53500.98,29985.27,16863.65,27674.67,24.81,198774.9,686729.89,487954.99
1683,2019,Nashik,Sugarcane,Annual,Red,Borewell,0.61,671.6,23.7,70.5,6.38,3888.41,5192.86,2183.32,5998.51,4031.0,2066.04,20055.41,3.27,23360.14,65617.19,42257.05
1684,2025,Aurangabad,Maize,Kharif,Alluvial,Drip,1.58,799.0,24.0,52.4,7.02,4593.26,9266.64,4251.1,12383.46,4648.06,3058.19,5614.39,22.54,38200.7,126540.05,88339.35
1685,2023,Pune,Maize,Kharif,Black,Drip,9.15,708.3,25.2,61.0,6.52,26734.35,62500.15,22623.8,65488.44,31254.71,18872.99,33247.79,29.64,227474.43,985438.76,757964.32
1686,2023,Nashik,Cotton,Kharif,Loamy,Drip,10.63,604.1,22.2,63.6,6.57,49439.81,68677.45,46456.22,112745.43,52378.56,30037.96,6602.76,74.02,359735.42,488751.18,129015.76
1687,2024,Pune,Rice,Kharif,Alluvial,Drip,6.68,671.5,27.3,49.9,5.96,23978.35,44734.09,19969.13,60244.23,31875.8,16690.39,17471.79,35.18,197491.99,614610.61,417118.61
1688,2020,Solapur,Sugarcane,Annual,Red,Rainfed,11.47,750.7,29.6,44.8,6.22,68429.66,100943.78,39664.78,141708.21,81268.45,39624.63,382041.66,2.15,471639.51,822573.68,350934.18
1689,2024,Aurangabad,Soybean,Kharif,Black,Rainfed,8.76,661.6,29.6,57.6,6.71,27680.96,43741.96,21020.89,49912.45,19683.89,17067.92,8345.75,43.66,179108.07,364358.36,185250.29
1690,2022,Kolhapur,Tomato,Rabi,Black,Rainfed,0.73,1389.2,25.6,63.9,7.75,3355.2,6051.45,3067.45,6981.66,3677.29,2556.84,7207.19,27.21,25689.89,196104.36,170414.47
1691,2025,Sangli,Wheat,Rabi,Red,Drip,5.33,627.2,29.1,78.5,6.42,15522.93,33703.55,15577.95,43323.02,16833.13,13090.78,13346.8,32.29,138051.36,430998.84,292947.48
1692,2020,Satara,Onion,Rabi,Black,Rainfed,9.02,1038.4,21.2,64.3,7.73,48496.71,64615.3,28553.65,91874.25,44111.52,24544.11,64134.1,17.87,302195.54,1146316.87,844121.33
1693,2019,Pune,Tomato,Rabi,Alluvial,Drip,8.73,701.0,27.5,54.4,7.33,35461.48,57981.09,31173.58,89005.43,36749.56,21600.48,84988.76,24.71,271971.62,2099687.25,1827715.64
1694,2019,Satara,Rice,Kharif,Red,Drip,3.81,730.3,25.4,76.9,6.32,11727.84,26473.39,10838.5,29021.75,14685.69,7426.43,9833.59,24.03,100173.61,236328.18,136154.58
1695,2023,Sangli,Wheat,Rabi,Black,Canal,9.2,547.2,26.3,56.0,5.84,27107.9,56837.89,27147.92,69967.6,24479.25,19115.24,23610.99,29.18,224655.8,688972.12,464316.32
1696,2023,Satara,Onion,Rabi,Red,Borewell,1.19,800.1,23.0,63.2,7.11,6580.48,8519.79,4514.02,12589.29,5681.95,3339.94,8835.03,22.7,41225.48,200594.12,159368.64
1697,2020,Nashik,Tomato,Rabi,Red,Rainfed,8.35,750.3,25.7,68.0,6.84,33985.92,53705.6,30461.83,83101.8,37103.23,22373.55,61696.9,26.9,260731.93,1659460.22,1398728.29
1698,2020,Solapur,Onion,Rabi,Black,Borewell,1.0,445.7,29.1,54.9,6.02,5405.0,5972.93,3684.38,8355.52,4561.76,2651.59,7868.34,24.54,30631.18,193079.34,162448.16
1699,2022,Pune,Onion,Rabi,Red,Borewell,0.81,649.4,28.9,66.8,6.22,4579.37,6159.34,3480.55,7861.87,4056.69,2118.81,5096.22,25.16,28256.64,128198.55,99941.91
1700,2024,Nashik,Soybean,Kharif,Alluvial,Canal,4.51,573.2,24.5,82.7,7.02,14795.45,19020.46,8774.45,23019.23,9669.63,8739.26,4645.0,55.16,84018.48,256195.74,172177.26
1701,2020,Nashik,Wheat,Rabi,Loamy,Canal,4.25,455.7,27.6,71.0,6.81,11292.33,23421.8,9915.18,26652.96,10716.8,8159.71,9351.91,25.56,90158.78,239038.08,148879.31
1702,2024,Nashik,Sugarcane,Annual,Red,Canal,11.19,680.8,23.9,61.7,7.48,94043.6,106921.17,41569.02,174293.34,96444.5,42590.26,361040.79,2.88,555861.89,1040775.12,484913.23
1703,2024,Solapur,Rice,Kharif,Loamy,Drip,0.51,578.7,25.8,37.1,7.07,2020.52,3576.66,1697.07,4797.56,2612.58,1402.87,1557.77,30.51,16107.27,47527.32,31420.05
1704,2024,Ahmednagar,Onion,Rabi,Alluvial,Borewell,5.39,776.8,26.3,62.8,6.3,36260.91,45527.53,22144.14,60271.9,31009.29,17030.18,46642.76,28.41,212243.94,1325229.28,1112985.33
1705,2019,Solapur,Rice,Kharif,Loamy,Borewell,10.08,502.0,27.5,55.9,7.03,27703.46,57552.1,25570.95,72406.27,35707.62,22136.78,27390.82,28.09,241077.19,769454.93,528377.74
1706,2020,Pune,Soybean,Kharif,Black,Rainfed,9.34,746.6,25.5,76.3,6.35,27154.7,37932.5,18376.68,43562.73,18229.07,14848.53,10155.42,42.72,160104.21,433834.04,273729.84
1707,2024,Satara,Cotton,Kharif,Loamy,Drip,7.71,994.4,25.3,58.0,6.57,35862.92,57654.24,30096.97,86830.11,38617.25,24087.94,5932.32,82.26,273149.43,487985.71,214836.28
1708,2020,Pune,Rice,Kharif,Alluvial,Borewell,8.62,769.5,23.3,71.2,7.31,30606.44,60175.25,26648.54,71075.63,36924.41,18238.9,25736.02,31.17,243669.17,802168.24,558499.07
1709,2020,Satara,Cotton,Kharif,Loamy,Drip,2.4,983.6,25.0,52.1,7.93,8852.68,11807.48,9006.28,20273.06,10578.92,5741.04,1815.05,71.11,66259.47,129072.64,62813.17
1710,2024,Satara,Wheat,Rabi,Loamy,Canal,7.82,826.6,21.9,60.4,6.49,23553.88,53319.5,22481.06,61400.93,22110.96,16443.91,18814.55,28.21,199310.24,530845.44,331535.2
1711,2021,Kolhapur,Maize,Kharif,Black,Borewell,4.67,1554.5,22.2,60.9,7.31,12538.55,25379.65,9647.16,31792.53,11266.65,9486.57,14917.97,16.16,100111.11,241078.2,140967.09
1712,2020,Pune,Cotton,Kharif,Alluvial,Canal,7.67,781.4,26.5,78.7,7.16,34455.95,46852.46,25820.64,70492.04,36627.08,17799.35,5561.63,57.28,232047.53,318576.88,86529.36
1713,2023,Satara,Soybean,Kharif,Black,Drip,11.2,902.9,20.4,62.8,5.88,38764.83,47788.34,22277.79,53525.38,21483.06,22338.26,13056.22,51.93,206177.66,678001.55,471823.89
1714,2023,Sangli,Soybean,Kharif,Alluvial,Drip,5.04,518.3,28.9,57.7,6.7,14553.01,19217.75,10180.07,24091.14,10916.29,7774.57,5974.87,50.61,86732.84,302416.38,215683.54
1715,2019,Pune,Sugarcane,Annual,Loamy,Rainfed,5.39,780.6,22.6,59.4,6.67,32469.86,46894.87,15517.35,73679.73,32136.72,18924.91,179101.11,3.2,219623.44,573210.55,353587.11
1716,2024,Pune,Soybean,Kharif,Red,Drip,9.55,744.2,25.3,67.1,6.4,34349.12,42933.22,19706.11,44668.4,22271.32,16619.54,11197.0,54.5,180547.72,610223.94,429676.22
1717,2020,Nashik,Maize,Kharif,Red,Drip,2.53,938.5,27.0,60.5,7.47,6708.64,11943.27,5166.58,17156.86,6694.39,4715.11,8121.17,19.37,52384.84,157341.53,104956.69
1718,2024,Sangli,Rice,Kharif,Loamy,Canal,3.75,525.8,28.8,73.8,7.31,12023.77,29641.91,12733.63,31756.43,16679.41,11265.98,9818.77,28.63,114101.13,281131.96,167030.84
1719,2020,Satara,Maize,Kharif,Loamy,Drip,8.52,888.3,20.4,64.8,6.81,18861.59,43670.79,17953.85,57340.04,23067.01,14380.84,24595.21,22.9,175274.12,563120.65,387846.53
1720,2021,Kolhapur,Soybean,Kharif,Loamy,Drip,4.24,1525.3,24.5,59.5,6.69,14146.47,18149.69,8873.76,20959.4,7838.19,7827.92,5137.07,40.88,77795.42,210001.34,132205.91
1721,2019,Aurangabad,Cotton,Kharif,Alluvial,Borewell,8.27,631.0,25.2,53.8,7.18,34393.47,51610.7,30321.72,80400.11,30165.66,19792.02,5461.18,76.85,246683.67,419704.61,173020.94
1722,2022,Ahmednagar,Tomato,Rabi,Loamy,Borewell,1.91,443.5,25.5,62.4,6.14,9436.53,15455.29,7499.99,20592.38,10700.27,5705.3,19809.14,31.41,69389.77,622292.79,552903.02
1723,2025,Ahmednagar,Tomato,Rabi,Loamy,Rainfed,1.3,542.6,24.5,49.5,7.23,7187.23,10987.82,6049.59,15088.86,7881.51,4441.17,10152.09,26.68,51636.17,270808.43,219172.26
1724,2025,Sangli,Tomato,Rabi,Black,Canal,1.9,636.9,24.6,53.9,6.26,10820.19,16534.87,7897.68,25593.03,10704.79,6399.56,16976.33,24.95,77950.13,423582.92,345632.79
1725,2021,Ahmednagar,Maize,Kharif,Loamy,Borewell,5.52,453.7,24.0,72.8,6.01,14983.43,26911.55,10820.4,36650.0,16211.01,9555.69,16374.34,26.58,115132.08,435269.68,320137.6
1726,2021,Aurangabad,Cotton,Kharif,Loamy,Borewell,10.22,569.6,28.0,49.7,7.87,43809.01,57003.55,35004.27,101384.0,46763.23,26099.75,7020.35,66.95,310063.82,469991.07,159927.24
1727,2020,Solapur,Rice,Kharif,Loamy,Drip,7.56,518.1,26.5,45.4,5.66,22841.95,47634.09,22249.46,50917.35,29041.59,17226.63,23089.83,37.37,189911.07,862946.37,673035.3
1728,2019,Satara,Maize,Kharif,Black,Canal,2.02,963.2,22.9,57.2,6.47,4847.22,9415.65,3543.92,11876.74,5351.94,3566.96,7124.18,20.68,38602.43,147317.09,108714.66
1729,2022,Sangli,Sugarcane,Annual,Loamy,Canal,10.17,600.6,26.1,70.4,6.98,69090.84,97915.56,36460.84,135417.94,72916.63,44857.89,358028.11,3.01,456659.69,1078381.08,621721.39
1730,2021,Aurangabad,Tomato,Rabi,Black,Borewell,7.54,962.2,26.8,61.5,6.15,34884.62,65081.13,32594.92,85050.91,39386.38,21982.95,75667.43,17.36,278980.91,1313778.8,1034797.88
1731,2022,Nashik,Wheat,Rabi,Red,Drip,0.63,615.1,25.6,56.8,7.17,1857.21,3330.1,1580.64,4221.77,1724.58,1486.82,1545.7,22.94,14201.12,35461.54,21260.42
1732,2025,Kolhapur,Tomato,Rabi,Alluvial,Borewell,1.21,1273.6,23.4,67.1,5.85,6920.55,10087.83,5183.72,14834.49,6386.15,3355.47,12715.79,26.28,46768.21,334183.68,287415.47
1733,2024,Pune,Onion,Rabi,Loamy,Borewell,9.54,751.3,24.2,70.5,6.5,56111.37,79173.37,45381.75,97076.29,51345.07,29157.49,75895.16,26.05,358245.35,1977254.43,1619009.09
1734,2022,Satara,Soybean,Kharif,Black,Canal,1.95,853.0,22.3,43.1,6.78,6134.54,7682.08,3700.37,9403.02,3820.81,3126.59,2063.36,53.43,33867.4,110247.91,76380.51
1735,2021,Ahmednagar,Wheat,Rabi,Loamy,Drip,5.96,722.5,22.8,57.7,7.17,15764.9,35027.34,12978.66,43011.37,14613.15,10743.9,17539.0,27.43,132139.33,481008.7,348869.37
1736,2023,Satara,Cotton,Kharif,Red,Rainfed,7.96,769.4,23.4,60.9,5.37,40153.59,50639.56,35422.27,73996.32,41585.99,26206.75,4203.69,82.98,268004.47,348808.18,80803.71
1737,2024,Nashik,Rice,Kharif,Loamy,Borewell,6.85,602.2,22.3,52.8,6.5,23490.68,50227.6,25329.54,66075.81,30612.01,18149.25,20749.76,37.6,213884.88,780200.19,566315.31
1738,2022,Satara,Rice,Kharif,Red,Borewell,0.81,1040.7,25.4,62.5,6.54,2971.85,5521.58,2894.38,7003.3,4059.56,2120.68,2093.08,26.04,24571.35,54509.64,29938.3
1739,2023,Kolhapur,Cotton,Kharif,Loamy,Canal,8.97,1441.9,25.6,66.8,6.79,42479.52,59739.8,36682.9,95288.89,48175.32,26974.76,6389.64,71.8,309341.19,458796.27,149455.08
1740,2019,Nashik,Tomato,Rabi,Alluvial,Drip,7.26,903.4,24.1,54.6,5.72,30015.43,52074.0,25836.23,62383.54,38682.66,19533.83,83626.2,23.26,228525.69,1944771.48,1716245.79
1741,2024,Satara,Cotton,Kharif,Loamy,Canal,0.69,975.4,23.7,66.0,7.96,3454.47,4517.58,2777.24,7347.0,3440.57,2218.56,527.34,80.79,23755.41,42604.94,18849.53
1742,2025,Ahmednagar,Wheat,Rabi,Loamy,Rainfed,7.84,300.0,27.3,61.3,6.28,24413.45,49311.09,19929.78,57705.71,21907.42,18385.92,14107.19,30.3,191653.36,427391.5,235738.14
1743,2025,Nashik,Rice,Kharif,Loamy,Borewell,11.9,605.1,19.9,63.0,6.98,42560.8,89726.38,38559.13,106643.94,53800.92,31892.63,33656.76,33.28,363183.82,1119947.94,756764.12
1744,2020,Sangli,Cotton,Kharif,Red,Canal,1.5,639.4,27.0,79.0,5.6,6156.42,7690.0,5170.45,14883.72,6271.89,3966.93,946.48,53.08,44139.41,50242.01,6102.6
1745,2020,Ahmednagar,Maize,Kharif,Loamy,Drip,3.92,559.0,23.4,73.0,6.88,9086.07,23570.6,7486.24,23013.15,11636.0,5973.83,11082.26,24.67,80765.9,273382.76,192616.86
1746,2023,Aurangabad,Rice,Kharif,Red,Drip,8.74,624.0,24.6,70.5,6.59,31080.5,63516.44,26689.74,88562.38,34602.11,23437.33,25195.05,34.41,267888.5,866862.65,598974.15
1747,2024,Pune,Soybean,Kharif,Red,Drip,8.21,771.5,25.3,72.0,6.47,29555.68,34267.59,19046.27,44254.14,15525.89,14852.24,9877.11,39.6,157501.81,391120.21,233618.4
1748,2022,Sangli,Cotton,Kharif,Black,Drip,10.54,441.7,29.0,46.0,5.77,51003.22,68972.35,41648.61,122825.86,50506.13,33678.09,7142.08,79.37,368634.26,566837.85,198203.59
1749,2019,Kolhapur,Rice,Kharif,Loamy,Rainfed,5.76,1434.5,22.4,72.7,7.67,16488.04,32623.79,15676.03,51758.46,19827.23,13504.05,15382.49,29.24,149877.61,449844.46,299966.85
1750,2021,Nashik,Cotton,Kharif,Black,Drip,3.77,605.1,24.6,75.1,6.31,15803.35,26270.6,14691.53,35762.37,16847.78,10248.23,2928.9,66.01,119623.86,193342.8,73718.94
1751,2024,Aurangabad,Sugarcane,Annual,Black,Rainfed,1.54,677.6,28.9,66.8,6.62,11402.23,15002.31,5652.09,19250.54,12251.17,7694.96,46537.46,3.45,71253.32,160353.51,89100.2
1752,2025,Kolhapur,Wheat,Rabi,Black,Rainfed,9.44,1348.1,26.3,63.0,6.09,31762.69,58875.58,28685.78,78014.69,27162.79,24683.61,18155.2,32.36,249185.13,587423.09,338237.96
1753,2023,Satara,Rice,Kharif,Black,Borewell,6.22,678.9,23.4,58.1,6.59,21740.6,49968.25,21266.66,57178.37,28922.08,14482.8,16938.91,33.66,193558.78,570183.77,376624.99
1754,2022,Aurangabad,Cotton,Kharif,Alluvial,Borewell,2.2,470.4,28.1,61.3,8.2,10543.14,14518.13,7969.1,23117.61,10516.48,6334.47,1420.75,82.98,72998.93,117887.66,44888.74
1755,2024,Solapur,Onion,Rabi,Alluvial,Canal,7.59,530.3,25.2,68.7,7.55,46312.45,57762.29,32755.34,81619.83,45775.55,22461.39,54487.45,24.82,286686.85,1352261.81,1065574.96
1756,2024,Solapur,Soybean,Kharif,Loamy,Borewell,3.17,438.7,31.9,57.6,7.98,11542.12,14468.72,7043.96,17991.1,6338.65,5214.97,3047.73,47.98,62599.51,146230.89,83631.37
1757,2025,Solapur,Wheat,Rabi,Alluvial,Rainfed,1.39,642.7,27.8,67.0,7.35,4478.38,9451.32,4349.89,11516.02,4069.25,3019.58,3505.51,33.42,36884.45,117163.71,80279.25
1758,2025,Aurangabad,Wheat,Rabi,Loamy,Drip,10.82,671.4,25.9,64.6,6.52,34927.7,62915.88,36864.5,86979.88,36443.96,27514.27,31802.08,33.8,285646.18,1074866.64,789220.46
1759,2025,Nashik,Wheat,Rabi,Alluvial,Drip,10.84,746.6,21.3,44.1,6.02,37240.0,77246.6,29306.85,90977.81,31187.35,27490.99,30524.23,27.32,293449.6,834053.65,540604.04
1760,2023,Aurangabad,Onion,Rabi,Loamy,Borewell,5.42,692.2,28.5,61.0,6.74,36187.44,46112.06,22586.47,56925.4,27612.99,16366.63,45477.97,21.68,205791.0,985965.44,780174.44
1761,2024,Pune,Soybean,Kharif,Alluvial,Rainfed,10.65,722.0,27.9,54.6,5.71,36862.74,49249.94,20858.35,72647.89,22501.83,19807.0,10561.92,40.2,221927.75,424614.54,202686.79
1762,2025,Pune,Onion,Rabi,Alluvial,Borewell,5.05,918.9,22.9,53.5,6.96,32063.46,38100.42,20811.33,50023.03,27316.48,15643.76,48426.47,22.68,183958.48,1098459.86,914501.38
1763,2022,Aurangabad,Soybean,Kharif,Black,Canal,6.72,698.6,24.6,57.2,7.15,21586.72,28382.96,13567.47,34651.61,13559.48,12099.12,7622.83,40.73,123847.34,310499.31,186651.97
1764,2024,Aurangabad,Tomato,Rabi,Black,Borewell,4.59,592.1,26.7,60.3,6.09,22745.37,33684.58,15574.91,49676.81,29335.81,16090.12,48018.26,24.75,167107.58,1188437.16,1021329.59
1765,2024,Satara,Cotton,Kharif,Red,Rainfed,9.47,863.2,21.7,70.9,5.96,50107.35,55865.09,43699.3,124288.15,49167.07,30078.33,5212.86,76.04,353205.3,396363.46,43158.16
1766,2025,Aurangabad,Maize,Kharif,Black,Canal,1.5,532.0,29.2,45.8,7.02,4231.93,9499.76,3145.54,8827.28,4529.86,3078.74,4466.3,25.63,33313.12,114474.64,81161.52
1767,2022,Ahmednagar,Sugarcane,Annual,Black,Borewell,10.9,541.0,27.2,56.9,6.2,67818.06,103056.74,37945.21,144845.66,77272.89,44599.56,426315.61,3.66,475538.12,1559236.31,1083698.2
1768,2020,Satara,Soybean,Kharif,Red,Rainfed,3.11,959.2,24.7,67.6,6.97,10405.57,10647.45,5265.72,15056.25,5587.94,5170.51,3158.74,44.66,52133.44,141083.18,88949.74
1769,2024,Sangli,Rice,Kharif,Black,Drip,4.6,732.5,29.7,72.5,7.52,16509.29,28887.97,14433.5,46382.08,20376.86,12791.31,13819.17,34.65,139381.0,478854.95,339473.95
1770,2025,Sangli,Onion,Rabi,Alluvial,Drip,5.05,724.0,27.3,55.5,6.96,33364.2,44213.12,18858.18,52290.86,24477.1,16991.92,44326.41,25.09,190195.38,1112056.89,921861.51
1771,2024,Aurangabad,Cotton,Kharif,Black,Drip,3.19,474.5,28.1,68.8,7.84,15687.37,20242.34,13216.93,41305.65,16475.06,10233.51,2294.19,89.16,117160.85,204543.52,87382.67
1772,2025,Nashik,Sugarcane,Annual,Alluvial,Drip,0.91,786.1,21.3,66.5,6.42,8025.86,9688.35,3921.52,14666.01,6802.9,3447.79,35446.15,3.81,46552.43,134948.56,88396.13
1773,2022,Solapur,Rice,Kharif,Loamy,Borewell,4.45,386.9,25.5,70.5,7.49,14056.58,28262.85,13160.44,37206.81,18582.64,11568.4,10444.39,23.99,122837.73,250510.41,127672.68
1774,2021,Satara,Soybean,Kharif,Black,Canal,9.4,994.4,23.7,64.6,7.26,29144.67,38682.78,19570.81,50923.38,17515.55,16768.98,11015.55,29.28,172606.16,322552.84,149946.68
1775,2019,Nashik,Rice,Kharif,Alluvial,Drip,5.08,761.2,24.7,66.0,7.01,14937.57,30898.45,12675.5,40332.63,21315.13,12735.62,16939.01,26.44,132894.9,447875.56,314980.66
1776,2020,Solapur,Rice,Kharif,Alluvial,Borewell,6.81,655.0,24.4,67.8,6.11,21252.36,39125.77,18630.37,62789.24,27558.22,15436.26,21556.88,37.56,184792.22,809774.24,624982.03
1777,2019,Kolhapur,Wheat,Rabi,Red,Borewell,5.01,1440.2,24.4,58.8,7.33,12798.19,25664.92,10925.51,30018.9,14084.19,9723.99,10964.21,33.35,103215.71,365615.33,262399.62
1778,2025,Solapur,Tomato,Rabi,Alluvial,Drip,9.69,648.7,28.5,42.0,6.69,48172.88,86375.24,50386.47,91909.81,55366.53,28807.58,100048.35,28.21,361018.51,2822444.42,2461425.91
1779,2022,Nashik,Soybean,Kharif,Black,Borewell,1.75,802.1,22.0,56.8,8.2,6228.25,6846.53,3297.99,8690.28,3611.21,2897.86,2502.97,57.23,31572.11,143251.47,111679.35
1780,2025,Ahmednagar,Onion,Rabi,Alluvial,Drip,9.2,542.9,25.2,59.0,7.1,62093.74,78660.42,39315.46,105625.82,44321.18,29702.06,79266.99,25.98,359718.69,2059040.33,1699321.64
1781,2020,Aurangabad,Sugarcane,Annual,Alluvial,Drip,4.09,751.7,28.6,77.1,7.61,27933.69,35571.44,13617.39,53254.97,24562.14,15400.34,160782.2,2.77,170339.98,444842.92,274502.94
1782,2021,Solapur,Wheat,Rabi,Black,Canal,8.17,641.1,25.8,52.5,6.37,23545.12,53200.48,19403.27,56685.95,21246.1,15911.34,25767.72,24.55,189992.26,632708.78,442716.52
1783,2022,Satara,Sugarcane,Annual,Alluvial,Borewell,7.8,966.0,21.4,49.0,6.8,53021.57,69292.95,26552.93,113809.29,61678.15,32578.18,306158.98,3.04,356933.07,930597.36,573664.29
1784,2020,Solapur,Wheat,Rabi,Red,Drip,8.41,462.9,23.2,54.1,7.11,22261.18,52980.39,20618.13,50758.78,21453.44,16912.6,23174.3,18.21,184984.51,422066.03,237081.52
1785,2025,Ahmednagar,Wheat,Rabi,Loamy,Borewell,9.47,511.8,28.7,56.5,6.03,28827.6,67015.52,24020.04,79747.67,29595.83,22107.23,24062.22,25.06,251313.88,603029.48,351715.6
1786,2019,Ahmednagar,Cotton,Kharif,Loamy,Canal,0.85,717.3,23.8,51.4,6.61,3510.57,4666.49,2388.64,7974.75,3517.82,2418.96,584.06,68.47,24477.24,39988.38,15511.14
1787,2021,Aurangabad,Tomato,Rabi,Loamy,Borewell,9.25,675.5,30.3,54.4,6.51,41355.82,68032.04,37470.66,104729.65,47926.09,24361.15,97939.77,24.0,323875.4,2350416.63,2026541.23
1788,2021,Kolhapur,Rice,Kharif,Red,Borewell,3.74,1404.2,21.0,68.4,6.63,12032.65,25299.83,12011.17,30447.15,13803.62,9381.44,9629.63,33.22,102975.88,319917.4,216941.52
1789,2021,Ahmednagar,Rice,Kharif,Black,Canal,10.44,726.7,25.4,84.2,6.84,37235.76,69512.99,30334.48,77232.7,44898.7,24118.91,32114.23,28.05,283333.55,900709.34,617375.79
1790,2023,Ahmednagar,Sugarcane,Annual,Red,Borewell,0.87,514.8,26.7,65.4,6.27,6304.42,8182.35,3097.76,12748.94,7174.17,3453.18,30797.99,3.51,40960.82,108167.16,67206.34
1791,2020,Kolhapur,Sugarcane,Annual,Red,Drip,4.96,1547.1,25.7,70.7,6.98,31718.63,44184.9,17635.11,66492.66,34572.41,15832.05,213919.24,2.34,210435.76,500849.1,290413.34
1792,2021,Pune,Soybean,Kharif,Black,Drip,6.56,719.7,24.2,65.6,6.58,18984.17,27064.99,13765.13,28661.67,10797.11,10742.76,8340.89,44.68,110015.83,372695.54,262679.7
1793,2024,Sangli,Tomato,Rabi,Red,Rainfed,4.22,491.0,29.8,83.5,5.77,22509.74,32708.04,18205.43,49801.24,22911.12,13528.85,29734.75,30.67,159664.42,911877.58,752213.16
1794,2022,Solapur,Rice,Kharif,Red,Rainfed,2.05,784.7,26.3,53.3,6.93,7700.61,15843.24,6429.34,16197.96,8540.49,4997.77,4970.05,33.6,59709.4,166972.06,107262.66
1795,2023,Solapur,Rice,Kharif,Loamy,Drip,3.88,672.5,29.3,57.2,7.01,13452.83,24769.47,13188.83,34055.29,16462.71,9998.32,11076.74,31.88,111927.46,353159.84,241232.39
1796,2019,Satara,Tomato,Rabi,Black,Drip,8.27,884.7,22.5,61.7,6.29,32535.05,62683.06,30359.65,79899.74,37990.21,21413.2,73378.91,22.71,264880.9,1666155.67,1401274.77
1797,2021,Aurangabad,Tomato,Rabi,Red,Borewell,7.26,689.7,27.1,62.6,5.96,28367.2,53825.68,25261.34,77917.73,35248.76,19344.44,65698.17,25.9,239965.15,1701508.06,1461542.91
1798,2025,Aurangabad,Rice,Kharif,Loamy,Canal,10.73,510.5,28.0,63.2,6.43,40302.61,88731.61,35127.01,97027.7,55691.97,33542.16,29549.42,34.24,350423.06,1011870.71,661447.66
1799,2019,Solapur,Sugarcane,Annual,Black,Rainfed,6.19,535.2,26.9,52.8,6.81,40334.95,56818.57,21962.47,65701.89,42561.26,22786.36,194241.3,2.8,250165.5,543930.2,293764.7
1800,2022,Nashik,Rice,Kharif,Red,Rainfed,0.65,735.2,21.6,57.6,7.36,2476.21,4628.73,1964.76,5555.81,2769.68,1605.32,1634.4,31.9,19000.5,52139.09,33138.59
1801,2024,Kolhapur,Sugarcane,Annual,Black,Drip,7.57,1417.6,23.2,55.0,5.9,57091.94,70244.97,30419.03,120041.4,62092.22,32570.59,248385.86,2.69,372460.16,667401.42,294941.26
1802,2024,Aurangabad,Tomato,Rabi,Loamy,Canal,7.96,461.9,27.9,59.9,6.74,35485.89,66337.14,33953.06,101689.23,48495.57,22052.7,71662.99,31.78,308013.59,2277525.8,1969512.21
1803,2021,Nashik,Maize,Kharif,Black,Drip,3.36,798.5,24.4,80.9,6.86,7953.82,19595.95,6378.76,19985.94,9129.94,6722.3,10762.5,20.42,69766.71,219819.71,150053.0
1804,2022,Pune,Tomato,Rabi,Loamy,Rainfed,8.99,793.4,24.5,64.3,6.31,45797.45,74644.67,39066.77,100965.09,43183.07,27873.58,90901.8,26.39,331530.63,2398554.51,2067023.88
1805,2024,Satara,Rice,Kharif,Black,Drip,3.17,948.8,23.0,54.0,7.29,11724.71,22592.61,10734.86,30147.19,15074.2,9047.5,9350.34,27.6,99321.08,258050.32,158729.24
1806,2023,Pune,Maize,Kharif,Loamy,Canal,0.99,552.9,23.3,67.9,5.96,2967.59,5731.33,2752.05,7706.25,2806.66,2104.49,3069.42,22.74,24068.38,69808.06,45739.68
1807,2020,Pune,Rice,Kharif,Red,Drip,3.24,597.7,22.7,41.6,5.87,9716.14,19896.67,9497.63,26576.44,12878.91,7464.67,8457.96,32.0,86030.46,270612.98,184582.51
1808,2025,Kolhapur,Rice,Kharif,Black,Rainfed,6.42,1410.5,21.6,63.1,6.58,26906.11,53613.27,21758.0,64466.16,31639.77,18283.78,18368.68,27.43,216667.1,503882.29,287215.19
1809,2021,Kolhapur,Rice,Kharif,Red,Borewell,6.69,1310.2,24.4,63.8,7.03,20631.83,42070.59,17900.35,45850.12,24242.79,17533.33,17795.25,34.08,168229.01,606478.0,438248.99
1810,2021,Satara,Wheat,Rabi,Black,Canal,4.29,1134.0,20.9,53.4,6.17,13353.56,22477.02,11451.75,28670.58,11524.41,7560.84,12817.61,26.87,95038.16,344374.15,249335.99
1811,2023,Ahmednagar,Sugarcane,Annual,Loamy,Canal,0.98,507.9,24.1,75.0,7.36,6242.17,10099.65,3809.92,12840.38,8016.12,3738.88,34781.53,3.63,44747.12,126359.48,81612.36
1812,2024,Satara,Onion,Rabi,Black,Rainfed,2.97,1142.1,25.0,66.2,6.92,20306.74,24441.87,12700.82,26557.21,17393.28,8836.43,21174.29,20.87,110236.34,441834.73,331598.39
1813,2020,Pune,Soybean,Kharif,Red,Canal,3.8,742.6,20.8,65.9,6.42,10339.01,14193.27,7657.56,16529.16,5555.59,6534.89,4116.42,46.78,60809.48,192573.13,131763.66
1814,2023,Ahmednagar,Soybean,Kharif,Red,Canal,0.67,778.2,25.9,45.5,6.77,2357.17,3208.69,1441.62,3519.38,1416.72,1169.96,827.7,38.18,13113.54,31604.26,18490.72
1815,2024,Ahmednagar,Cotton,Kharif,Loamy,Rainfed,11.77,686.9,25.2,66.9,7.32,56833.6,75586.36,58295.91,136340.44,64076.78,40874.63,7161.72,65.31,432007.72,467757.06,35749.35
1816,2022,Kolhapur,Cotton,Kharif,Red,Borewell,6.19,1356.2,21.5,59.5,7.17,27152.84,39974.12,21710.44,64782.25,28703.65,18989.27,3740.76,59.05,201312.56,220882.2,19569.64
1817,2021,Nashik,Sugarcane,Annual,Loamy,Drip,1.94,685.9,24.8,66.8,7.09,13537.1,18348.87,6405.8,27102.21,12978.61,7228.26,80295.11,2.77,85600.85,222458.69,136857.83
1818,2024,Nashik,Soybean,Kharif,Alluvial,Drip,4.69,906.0,26.2,80.7,6.48,16595.7,20665.24,9183.93,22933.58,9934.03,7882.35,6536.99,41.43,87194.84,270796.95,183602.12
1819,2022,Ahmednagar,Onion,Rabi,Red,Canal,4.95,552.9,27.1,54.1,6.49,27114.85,35393.98,17573.09,45585.97,22930.01,13756.53,35851.03,27.32,162354.43,979464.81,817110.39
1820,2019,Sangli,Tomato,Rabi,Red,Rainfed,7.54,762.5,28.5,76.1,8.2,33426.84,46561.4,24568.09,73694.03,30623.89,20569.21,70120.98,17.38,229443.46,1218363.75,988920.29
1821,2023,Nashik,Cotton,Kharif,Black,Borewell,5.17,889.0,27.5,50.6,5.58,26974.15,37042.14,22487.18,57224.63,30462.11,15254.96,4027.71,66.34,189445.16,267182.28,77737.12
1822,2024,Solapur,Rice,Kharif,Black,Canal,7.57,681.6,26.4,54.6,6.04,27795.31,63888.28,23341.43,66332.5,34978.37,19174.05,24877.6,33.63,235509.94,836552.39,601042.45
1823,2020,Kolhapur,Onion,Rabi,Red,Canal,10.66,1377.7,27.7,54.6,6.88,57550.64,69556.08,39229.06,95867.46,43231.18,30574.61,78401.05,20.98,336009.03,1644958.4,1308949.37
1824,2022,Nashik,Wheat,Rabi,Red,Borewell,11.1,770.5,22.9,54.3,5.94,29959.07,65968.16,30414.84,79574.66,28939.37,26301.76,28315.17,33.5,261157.85,948425.59,687267.73
1825,2020,Nashik,Rice,Kharif,Alluvial,Borewell,7.13,703.2,23.6,62.2,7.24,22673.39,50665.27,22749.91,51590.07,30323.23,17902.05,22230.33,31.5,195903.92,700248.45,504344.53
1826,2024,Solapur,Rice,Kharif,Alluvial,Canal,3.91,587.5,28.7,79.0,5.99,14084.43,31640.81,13367.07,42035.82,18390.47,9997.5,12234.88,35.43,129516.09,433530.81,304014.71
1827,2020,Pune,Rice,Kharif,Alluvial,Borewell,10.15,790.7,25.3,64.6,6.08,31955.09,66597.59,27200.47,83188.04,42288.83,23626.32,29063.26,30.46,274856.35,885330.66,610474.31
1828,2025,Solapur,Maize,Kharif,Loamy,Borewell,4.44,463.0,26.2,72.3,7.51,12768.57,28033.8,12506.48,36536.63,15306.83,10324.22,13351.5,28.39,115476.53,379002.07,263525.54
1829,2019,Kolhapur,Maize,Kharif,Red,Drip,10.32,1424.7,26.7,65.8,6.44,25447.73,48893.93,18249.31,71623.69,25774.57,18600.77,33822.71,21.35,208590.0,722012.33,513422.33
1830,2023,Sangli,Maize,Kharif,Alluvial,Rainfed,8.15,811.6,28.0,55.4,7.05,19829.18,49640.06,18442.82,63040.21,23503.76,14379.56,24139.53,23.04,188835.59,556283.02,367447.43
1831,2024,Satara,Onion,Rabi,Loamy,Borewell,7.58,857.4,24.0,71.2,5.79,48464.68,64083.66,30445.82,85551.8,39060.34,24969.62,60168.61,25.0,292575.93,1504097.9,1211521.97
1832,2021,Aurangabad,Maize,Kharif,Loamy,Canal,9.67,664.6,26.4,72.8,7.21,27879.0,55922.04,19324.55,56258.14,26494.91,18511.04,29796.21,23.12,204389.67,688748.1,484358.43
1833,2023,Sangli,Cotton,Kharif,Red,Canal,4.57,512.7,28.1,48.5,5.84,22192.13,27727.73,20308.43,49975.09,18793.37,15096.88,2989.14,63.59,154093.65,190088.9,35995.26
1834,2022,Kolhapur,Rice,Kharif,Alluvial,Rainfed,5.24,1495.1,24.7,56.2,5.8,17176.18,35069.89,15321.61,45951.14,23529.92,12604.21,12758.38,40.05,149652.94,510976.14,361323.19
1835,2024,Nashik,Rice,Kharif,Red,Rainfed,6.34,656.6,23.7,61.5,5.45,21395.12,45029.17,21296.16,54793.19,27498.72,16815.69,14214.75,31.45,186828.06,447054.56,260226.5
1836,2019,Pune,Maize,Kharif,Alluvial,Borewell,1.33,626.1,28.0,54.8,6.48,3050.16,6661.47,2506.33,7686.68,3379.58,2130.8,3808.94,21.41,25415.03,81559.95,56144.93
1837,2024,Sangli,Wheat,Rabi,Red,Borewell,5.6,713.8,31.1,56.2,7.43,17266.72,39251.98,14947.31,47040.61,16109.09,10567.19,12766.45,38.33,145182.89,489383.93,344201.04
1838,2022,Nashik,Sugarcane,Annual,Black,Drip,9.55,712.8,23.4,54.7,6.13,68044.58,104043.02,37382.9,122462.23,75191.64,37011.47,405011.92,3.71,444135.84,1501060.68,1056924.85
1839,2024,Sangli,Wheat,Rabi,Alluvial,Drip,2.52,482.3,25.5,55.2,6.14,7538.5,18114.98,7328.82,21974.92,7000.33,5645.64,6772.25,25.41,67603.19,172110.34,104507.15
1840,2020,Aurangabad,Wheat,Rabi,Red,Drip,3.67,459.4,26.6,64.3,6.81,10300.16,20488.73,8295.61,26268.33,9133.96,7195.29,7879.71,26.16,81682.09,206170.29,124488.2
1841,2025,Solapur,Rice,Kharif,Red,Canal,11.15,647.4,26.6,61.0,6.78,41606.51,94787.32,40458.65,99945.28,53629.13,28360.2,33962.9,28.38,358787.1,963889.4,605102.3
1842,2022,Sangli,Wheat,Rabi,Loamy,Drip,9.81,717.8,29.2,67.1,5.95,28598.44,55888.38,24775.31,76826.87,25742.15,19767.04,26535.44,27.12,231598.21,719708.78,488110.57
1843,2021,Nashik,Onion,Rabi,Red,Rainfed,5.38,636.9,25.3,53.6,6.53,30702.8,34720.05,20269.41,53947.56,25706.22,13854.85,31568.05,24.85,179200.9,784318.03,605117.14
1844,2022,Kolhapur,Cotton,Kharif,Alluvial,Canal,7.49,1368.0,25.5,46.8,6.56,35319.31,42645.94,28308.2,72649.99,41818.38,25048.31,5945.96,78.84,245790.13,468789.12,222998.99
1845,2024,Pune,Soybean,Kharif,Loamy,Drip,9.99,904.1,23.3,56.7,5.63,37214.55,44965.85,19595.27,53182.61,20701.73,15553.01,12537.62,37.45,191213.02,469520.08,278307.06
1846,2022,Pune,Cotton,Kharif,Loamy,Rainfed,8.3,704.2,28.1,68.0,6.28,38312.45,50027.96,33597.81,85316.5,40449.97,22845.76,4800.19,71.34,270550.45,342431.14,71880.69
1847,2023,Pune,Onion,Rabi,Loamy,Canal,6.39,589.3,22.5,52.6,6.95,41004.8,48227.47,26278.89,64333.01,34744.15,20069.55,47327.44,26.46,234657.87,1252349.65,1017691.78
1848,2019,Solapur,Cotton,Kharif,Black,Canal,1.11,706.1,27.7,55.7,6.76,4707.43,6033.35,3674.65,10149.26,4682.81,3131.65,843.59,63.01,32379.14,53152.35,20773.21
1849,2021,Sangli,Maize,Kharif,Black,Rainfed,5.87,690.5,23.3,56.4,5.8,14819.26,32161.45,12277.41,39022.02,12785.79,11191.35,18247.25,19.92,122257.28,363496.44,241239.16
1850,2020,Aurangabad,Tomato,Rabi,Black,Drip,7.36,765.6,28.2,69.8,5.97,33947.9,48798.4,26404.11,68371.49,38382.98,19886.29,80331.07,23.67,235791.17,1901417.48,1665626.31
1851,2022,Nashik,Tomato,Rabi,Black,Drip,6.05,753.3,22.0,63.0,6.21,28149.65,43937.38,24273.56,62724.39,29587.35,19528.74,62404.22,23.29,208201.06,1453464.94,1245263.87
1852,2022,Satara,Cotton,Kharif,Loamy,Canal,1.36,959.7,24.6,55.2,7.34,6658.22,8544.83,5564.95,13654.2,6687.28,4010.99,977.56,79.62,45120.46,77830.93,32710.46
1853,2022,Solapur,Cotton,Kharif,Red,Canal,10.46,545.5,27.7,76.7,6.34,47416.79,66687.73,38910.37,103674.96,47156.08,32591.64,7457.1,67.35,336437.57,502204.5,165766.94
1854,2024,Aurangabad,Rice,Kharif,Loamy,Drip,2.73,740.7,27.2,47.7,6.7,9110.43,20757.55,9176.3,26108.28,12790.75,7034.03,8226.69,37.64,84977.33,309683.3,224705.96
1855,2024,Solapur,Maize,Kharif,Loamy,Rainfed,10.74,559.3,28.4,52.5,5.62,30364.39,70720.69,29055.42,73195.76,33976.5,21423.35,26399.42,24.55,258736.11,647974.54,389238.43
1856,2019,Satara,Onion,Rabi,Red,Canal,1.82,780.5,27.3,60.5,6.39,9829.78,10880.94,5760.84,16518.09,8378.69,4951.1,12702.71,23.69,56319.43,300884.2,244564.76
1857,2022,Ahmednagar,Wheat,Rabi,Loamy,Canal,6.5,671.1,25.6,63.8,6.78,19009.35,40912.89,16635.53,48358.72,17269.67,12962.19,18482.52,29.16,155148.34,538973.0,383824.66
1858,2024,Ahmednagar,Wheat,Rabi,Red,Borewell,8.11,549.5,26.7,74.8,5.54,25866.96,48481.02,20418.26,67029.34,26859.83,14975.82,18682.39,28.75,203631.23,537089.53,333458.3
1859,2022,Nashik,Cotton,Kharif,Loamy,Borewell,10.27,768.0,24.8,73.6,6.8,50587.28,65944.48,39527.81,112265.63,47521.24,28429.68,9687.09,67.61,344276.12,654974.3,310698.18
1860,2025,Solapur,Maize,Kharif,Loamy,Borewell,7.85,457.0,26.9,67.9,7.82,25373.22,44219.74,21992.41,62715.43,25817.84,16724.85,23953.86,20.25,196843.48,484967.73,288124.25
1861,2019,Nashik,Maize,Kharif,Black,Drip,8.04,503.2,23.0,53.3,6.24,18879.9,35647.31,15315.77,44955.24,20487.01,13457.95,25609.45,22.59,148743.17,578433.53,429690.36
1862,2023,Solapur,Maize,Kharif,Black,Drip,11.77,670.3,26.1,59.7,6.61,32547.53,66746.87,22482.07,79562.43,38176.52,25216.61,41347.62,21.17,264732.02,875284.86,610552.84
1863,2022,Solapur,Wheat,Rabi,Black,Borewell,6.17,513.2,29.2,51.6,6.49,18444.07,35567.11,16943.0,50116.04,16572.02,12080.43,15717.34,25.81,149722.68,405735.05,256012.37
1864,2021,Kolhapur,Sugarcane,Annual,Loamy,Rainfed,4.12,1389.6,27.5,49.5,6.31,28668.52,38650.43,13625.08,54021.11,27934.25,14637.19,140722.56,2.68,177536.58,377407.86,199871.28
1865,2023,Satara,Tomato,Rabi,Red,Drip,5.87,951.5,24.8,63.7,7.0,30366.2,43982.31,22149.28,59689.25,30439.83,20922.26,58732.64,23.87,207549.15,1401767.45,1194218.3
1866,2025,Kolhapur,Soybean,Kharif,Black,Canal,4.08,1474.7,24.1,82.4,5.71,14411.45,19678.85,8885.5,18943.66,8875.99,7981.05,5419.79,35.36,78776.49,191637.22,112860.73
1867,2020,Sangli,Soybean,Kharif,Loamy,Rainfed,6.59,504.1,28.4,72.4,7.1,21624.57,25984.96,10838.09,28695.64,10705.03,10241.07,6284.76,42.91,108089.35,269654.54,161565.19
1868,2025,Satara,Maize,Kharif,Red,Drip,9.29,1001.6,25.1,59.6,7.4,30188.64,66397.44,21984.03,74442.3,29110.96,18399.89,29680.82,23.05,240523.26,684114.9,443591.63
1869,2022,Ahmednagar,Rice,Kharif,Black,Canal,1.87,504.2,23.6,57.5,7.03,6583.28,13275.95,6385.97,17126.64,9042.49,4797.82,5377.32,33.41,57212.16,179658.05,122445.9
1870,2022,Ahmednagar,Soybean,Kharif,Black,Drip,7.28,683.6,25.4,63.9,7.02,22144.98,32714.1,16141.88,32889.78,13294.98,13527.05,9215.0,49.19,130712.77,453290.08,322577.31
1871,2022,Pune,Rice,Kharif,Loamy,Canal,9.6,785.1,25.7,59.4,6.57,33501.76,69863.31,30719.9,85978.92,44581.15,22766.95,31171.1,34.47,287411.98,1074337.62,786925.64
1872,2021,Satara,Soybean,Kharif,Loamy,Borewell,0.83,1004.5,22.6,74.0,7.08,2791.24,3295.24,1449.04,4233.97,1598.85,1164.68,958.43,41.79,14533.02,40048.15,25515.13
1873,2024,Sangli,Wheat,Rabi,Black,Canal,4.51,700.6,27.1,66.7,7.66,14166.44,32285.49,12170.97,33603.08,14039.78,9755.46,12108.19,26.26,116021.22,317911.16,201889.94
1874,2021,Kolhapur,Rice,Kharif,Alluvial,Canal,11.06,1237.6,26.0,54.7,6.47,35875.47,74752.56,35131.43,94070.7,42441.81,26393.94,32626.65,31.35,308665.91,1022735.55,714069.64
1875,2021,Satara,Tomato,Rabi,Black,Drip,10.28,918.2,26.6,77.6,6.99,51474.21,84294.8,41156.45,116863.09,49372.77,24315.44,104256.43,22.15,367476.77,2309222.31,1941745.53
1876,2019,Pune,Wheat,Rabi,Alluvial,Drip,4.33,661.5,25.8,60.0,6.41,12280.3,21862.89,8223.02,23287.21,10590.94,8203.0,12757.2,26.11,84447.36,333117.53,248670.17
1877,2021,Aurangabad,Cotton,Kharif,Black,Borewell,2.15,881.5,25.3,60.5,8.2,9225.5,14413.84,7180.93,21927.03,9365.3,5305.32,1631.87,75.01,67417.93,122403.17,54985.25
1878,2022,Kolhapur,Maize,Kharif,Alluvial,Canal,6.26,1423.8,22.2,51.1,7.05,17653.4,34636.49,14353.44,41220.71,20123.56,12411.69,19449.45,21.41,140399.3,416373.61,275974.31
1879,2019,Nashik,Cotton,Kharif,Black,Drip,1.56,683.0,25.4,62.2,6.83,6542.48,8410.44,5652.33,12112.8,5651.52,4012.5,1364.47,58.52,42382.07,79852.82,37470.75
1880,2024,Solapur,Onion,Rabi,Alluvial,Canal,9.78,494.6,23.5,75.6,7.04,63358.95,76975.28,39803.2,113961.5,54686.78,31359.02,78955.8,28.05,380144.73,2214862.07,1834717.33
1881,2020,Kolhapur,Soybean,Kharif,Loamy,Rainfed,5.24,1629.8,24.8,71.3,7.04,15711.26,18644.48,8653.51,24444.27,9672.88,9983.97,5822.68,42.82,87110.38,249308.42,162198.03
1882,2024,Ahmednagar,Rice,Kharif,Black,Rainfed,10.01,577.4,24.8,69.8,6.68,39470.21,76992.39,32748.73,95490.61,50216.98,24802.23,25274.92,32.72,319721.16,827107.1,507385.94
1883,2024,Satara,Soybean,Kharif,Loamy,Rainfed,10.97,830.2,22.5,72.5,7.6,34713.38,48705.84,20346.58,69270.85,23369.85,21449.86,11100.76,45.98,217856.36,510357.95,292501.6
1884,2021,Solapur,Rice,Kharif,Loamy,Drip,5.61,665.3,29.8,64.6,6.17,18474.58,37291.79,16469.42,49553.93,26217.17,12166.31,17978.27,33.72,160173.21,606274.82,446101.61
1885,2020,Pune,Maize,Kharif,Red,Borewell,3.11,623.4,24.7,44.8,7.52,7262.58,15788.12,5511.78,20504.78,7796.85,5746.56,8315.51,23.41,62610.67,194690.12,132079.46
1886,2021,Solapur,Cotton,Kharif,Loamy,Rainfed,10.99,534.1,26.5,54.5,6.21,45000.15,66703.89,40841.69,112979.39,44576.58,31176.76,7267.61,73.33,341278.45,532934.16,191655.71
1887,2022,Nashik,Tomato,Rabi,Loamy,Rainfed,5.4,826.2,22.9,46.4,6.24,27594.99,38486.59,21432.41,66042.79,29177.28,16184.75,46474.6,25.66,198918.81,1192443.2,993524.39
1888,2024,Kolhapur,Maize,Kharif,Red,Canal,2.74,1470.8,23.9,55.7,7.07,7468.56,14494.25,7337.42,18169.44,9095.31,6395.66,8208.26,23.54,62960.64,193249.02,130288.38
1889,2025,Pune,Wheat,Rabi,Red,Borewell,3.34,779.2,24.7,65.8,7.6,10078.98,23025.78,9732.3,29247.39,9205.27,6718.86,8383.17,31.14,88008.58,261024.17,173015.59
1890,2020,Nashik,Sugarcane,Annual,Loamy,Borewell,1.41,688.3,27.5,67.4,7.36,9736.1,13084.56,4149.39,18444.94,9184.16,4519.33,49223.27,3.09,59118.47,152163.28,93044.81
1891,2023,Sangli,Tomato,Rabi,Alluvial,Drip,7.69,569.2,22.8,64.6,8.2,38571.69,61629.76,33597.09,85127.45,44756.8,22135.03,77919.79,24.12,285817.82,1879233.35,1593415.53
1892,2020,Pune,Maize,Kharif,Red,Rainfed,6.15,775.7,23.1,48.9,6.05,13593.6,33114.75,11476.58,37480.41,17516.86,11410.41,18584.37,19.05,124592.6,354042.49,229449.89
1893,2021,Kolhapur,Sugarcane,Annual,Red,Canal,2.61,1462.8,24.1,56.1,6.39,19057.38,24497.51,8858.53,33006.66,21009.54,10614.1,92457.55,3.52,117043.73,325170.0,208126.27
1894,2020,Nashik,Cotton,Kharif,Red,Rainfed,0.81,676.9,21.4,60.3,7.02,3888.26,4912.74,3028.21,7346.06,3366.89,2371.59,495.09,76.86,24913.74,38050.75,13137.01
1895,2019,Kolhapur,Soybean,Kharif,Red,Canal,8.35,1372.5,23.7,52.7,7.03,26357.42,26831.97,13206.32,35939.54,14950.19,13145.98,8944.3,43.02,130431.43,384760.65,254329.22
1896,2025,Kolhapur,Maize,Kharif,Black,Drip,8.02,1401.5,26.9,65.2,6.89,22150.56,49139.61,19789.83,58938.27,27100.08,16993.31,24692.6,24.97,194111.66,616668.57,422556.91
1897,2019,Nashik,Soybean,Kharif,Alluvial,Canal,7.12,652.0,22.9,58.9,5.2,16952.54,26486.43,10851.07,27567.35,12237.65,11270.6,9576.55,36.6,105365.65,350511.48,245145.84
1898,2024,Nashik,Onion,Rabi,Alluvial,Drip,4.14,594.6,23.3,45.4,7.23,26644.3,29260.41,17548.85,37339.35,22927.72,12886.76,34956.08,26.22,146607.39,916414.12,769806.74
1899,2021,Kolhapur,Tomato,Rabi,Black,Rainfed,6.17,1455.7,26.0,56.0,6.53,28477.3,46645.87,26150.12,72222.66,28686.16,16798.16,59788.43,30.16,218980.26,1802925.29,1583945.03
1900,2024,Satara,Onion,Rabi,Alluvial,Drip,5.98,1014.1,24.7,58.6,7.37,37014.5,47732.6,24272.72,65653.76,30703.43,18937.86,54710.22,22.18,224314.87,1213699.36,989384.49
1901,2023,Pune,Cotton,Kharif,Black,Borewell,7.52,750.5,28.0,63.3,6.52,35025.62,49708.56,31121.33,81328.3,42744.68,24457.72,5053.04,81.52,264386.22,411914.09,147527.88
1902,2025,Satara,Cotton,Kharif,Loamy,Drip,8.06,929.4,24.1,70.4,7.09,37351.06,56618.4,29816.66,84821.94,39985.05,25403.41,5767.86,85.66,273996.52,494047.18,220050.66
1903,2020,Kolhapur,Onion,Rabi,Loamy,Drip,8.06,1505.4,26.1,61.2,6.73,40830.76,54749.49,26580.16,78119.56,31526.88,20830.05,65610.47,17.17,252636.9,1126278.58,873641.68
1904,2024,Satara,Sugarcane,Annual,Loamy,Canal,4.35,990.3,21.8,70.7,7.0,34421.9,44155.49,17259.24,63996.42,34602.1,17647.92,166517.5,2.82,212083.07,469123.42,257040.34
1905,2019,Aurangabad,Maize,Kharif,Loamy,Drip,2.17,745.4,24.7,58.8,5.7,4932.22,10226.35,4570.01,12304.07,5981.64,4013.4,7517.23,22.78,42027.7,171217.77,129190.08
1906,2025,Ahmednagar,Sugarcane,Annual,Red,Drip,11.64,579.7,24.6,56.8,6.48,86250.98,133186.61,46614.5,180252.28,97347.16,51966.32,407977.6,3.48,595617.86,1420374.92,824757.06
1907,2024,Ahmednagar,Sugarcane,Annual,Alluvial,Rainfed,9.57,662.5,19.3,60.4,7.08,73987.73,101000.09,35477.09,144939.39,74757.37,38637.23,338074.52,2.85,468798.89,965012.3,496213.41
1908,2020,Ahmednagar,Cotton,Kharif,Loamy,Drip,7.71,590.1,22.9,65.9,6.48,33004.6,47393.43,28716.01,73852.16,34274.01,21907.48,5629.84,66.07,239147.69,371966.5,132818.81
1909,2019,Ahmednagar,Rice,Kharif,Loamy,Drip,5.13,492.5,28.8,74.9,5.36,14857.18,34995.37,15523.31,35128.7,20390.86,10653.22,15299.21,31.67,131548.64,484531.63,352982.99
1910,2019,Sangli,Sugarcane,Annual,Red,Rainfed,1.23,904.6,29.7,57.2,6.05,7709.39,11234.87,3567.99,15097.1,7017.04,4455.28,40887.16,2.92,49081.68,119334.59,70252.9
1911,2022,Sangli,Rice,Kharif,Black,Rainfed,5.48,688.2,27.2,58.5,7.36,20116.84,35530.46,16961.79,51989.99,27850.75,13882.76,12929.04,26.36,166332.6,340872.1,174539.5
1912,2020,Pune,Wheat,Rabi,Red,Rainfed,11.69,702.2,28.7,63.3,7.18,29669.5,65968.61,25465.33,78826.35,30034.84,18573.72,24407.77,21.03,248538.35,513401.42,264863.07
1913,2024,Ahmednagar,Cotton,Kharif,Black,Rainfed,3.78,665.2,27.5,74.8,5.79,18736.02,25737.81,18035.47,42211.77,20798.21,14169.26,2470.98,60.22,139688.56,148804.08,9115.53
1914,2025,Solapur,Rice,Kharif,Black,Drip,10.1,612.6,26.3,76.1,7.08,38197.81,84971.34,34173.83,82481.14,49024.92,30905.9,32193.34,41.52,319754.92,1336549.24,1016794.32
1915,2025,Aurangabad,Maize,Kharif,Loamy,Drip,8.41,662.8,27.7,57.4,7.52,26999.37,51045.21,20750.67,68626.2,28453.51,18972.66,26587.72,21.31,214847.64,566695.0,351847.36
1916,2022,Solapur,Cotton,Kharif,Red,Drip,0.79,473.4,26.4,60.5,6.73,3735.36,4888.61,3133.03,8738.21,4384.26,2457.81,469.88,60.45,27337.29,28402.11,1064.81
1917,2024,Kolhapur,Wheat,Rabi,Black,Rainfed,10.67,1536.4,23.9,60.1,6.74,29192.88,63586.55,31061.49,79642.52,30750.14,23429.23,26407.39,24.28,257662.82,641096.87,383434.05
1918,2023,Nashik,Wheat,Rabi,Alluvial,Rainfed,6.19,774.6,25.8,65.7,5.92,18673.96,36553.33,17884.51,43501.87,17973.39,14403.46,14990.76,30.12,148990.53,451568.89,302578.37
1919,2019,Ahmednagar,Tomato,Rabi,Red,Rainfed,7.74,678.9,26.2,57.9,7.11,34191.06,52995.56,29194.27,70687.45,38401.68,18096.08,66894.71,23.0,243566.1,1538824.16,1295258.06
1920,2022,Sangli,Soybean,Kharif,Red,Canal,6.48,456.2,27.0,55.1,6.91,19843.88,23317.37,11650.06,29560.77,11277.54,10741.79,6578.8,39.14,106391.42,257490.7,151099.28
1921,2024,Satara,Cotton,Kharif,Loamy,Rainfed,10.9,1008.4,21.9,58.6,6.14,55470.95,84054.61,44227.23,110177.96,57411.81,34227.1,7266.04,80.54,385569.65,585197.08,199627.43
1922,2019,Ahmednagar,Sugarcane,Annual,Red,Rainfed,1.01,496.4,22.5,64.1,6.23,5712.55,8877.27,2971.96,11324.49,6848.14,3343.86,31697.02,2.76,39078.28,87532.16,48453.89
1923,2019,Solapur,Cotton,Kharif,Alluvial,Rainfed,8.25,685.0,22.2,57.9,6.06,36881.75,48025.18,33300.1,74309.47,36399.85,18708.54,6063.4,63.83,247624.89,387016.2,139391.31
1924,2019,Nashik,Onion,Rabi,Red,Drip,1.64,481.3,25.0,49.0,6.77,7969.09,11567.42,5088.58,14609.6,6609.65,4438.21,12158.18,24.73,50282.56,300648.71,250366.15
1925,2023,Solapur,Tomato,Rabi,Red,Borewell,2.88,531.8,29.3,64.0,5.82,13566.51,21851.86,11916.22,32993.03,17132.78,8464.43,25339.78,30.85,105924.84,781765.69,675840.86
1926,2023,Kolhapur,Maize,Kharif,Alluvial,Canal,5.22,1381.2,21.3,60.6,8.17,14618.04,33626.33,12404.58,36517.83,15827.46,9503.01,13766.05,21.77,122497.25,299623.13,177125.88
1927,2022,Kolhapur,Rice,Kharif,Alluvial,Canal,10.33,1244.1,27.2,63.3,6.28,34067.56,73717.51,36471.96,90739.23,42817.26,23666.63,27940.77,29.03,301480.13,811074.6,509594.47
1928,2025,Pune,Rice,Kharif,Red,Drip,5.91,695.8,25.9,64.2,6.39,21182.96,45249.45,19577.33,60661.45,26465.51,16674.08,15937.76,34.64,189810.77,552129.25,362318.48
1929,2022,Ahmednagar,Onion,Rabi,Loamy,Borewell,8.83,730.1,27.2,58.8,7.1,47486.71,66026.93,32735.19,72434.19,46274.14,23622.83,78112.13,27.28,288579.99,2130884.85,1842304.86
1930,2023,Nashik,Rice,Kharif,Loamy,Canal,11.58,653.9,22.9,72.7,6.73,39018.69,88723.53,35183.86,106212.61,53927.89,29069.61,32669.54,34.15,352136.19,1115810.88,763674.69
1931,2021,Nashik,Maize,Kharif,Red,Drip,5.07,862.7,25.5,61.4,7.07,12583.41,26978.08,11614.18,33143.74,14799.7,10341.41,17202.52,21.43,109460.52,368595.22,259134.7
1932,2021,Solapur,Tomato,Rabi,Loamy,Borewell,6.81,586.5,25.3,57.8,7.06,28658.62,50513.52,28755.32,77891.06,34281.69,20937.42,61936.49,25.59,241037.62,1584840.87,1343803.25
1933,2023,Sangli,Sugarcane,Annual,Alluvial,Drip,6.23,691.1,25.8,65.1,6.6,44166.01,59633.71,23506.25,88183.44,45682.38,25301.37,242726.2,2.48,286473.16,601982.42,315509.25
1934,2022,Sangli,Soybean,Kharif,Loamy,Borewell,5.03,645.4,24.9,70.9,7.41,15699.48,21983.63,9704.37,21810.28,9594.11,7979.25,5812.47,52.63,86771.11,305892.82,219121.72
1935,2019,Sangli,Soybean,Kharif,Loamy,Drip,3.9,818.7,27.6,57.8,6.64,10793.25,15366.61,6682.47,17660.43,6674.19,5832.52,5267.25,47.49,63009.48,250138.68,187129.2
1936,2021,Satara,Rice,Kharif,Black,Drip,4.16,1110.9,25.9,73.9,6.7,12764.84,25954.6,13516.06,35404.26,17138.95,10381.24,13474.82,31.78,115159.95,428200.07,313040.12
1937,2023,Solapur,Wheat,Rabi,Loamy,Drip,8.81,630.8,30.1,62.6,6.01,25792.86,54844.08,27170.42,67183.25,27692.53,18541.7,21783.41,24.37,221224.84,530779.44,309554.6
1938,2021,Pune,Rice,Kharif,Alluvial,Drip,3.41,671.4,24.7,57.0,5.8,11773.46,25079.69,12438.27,31649.37,12771.75,7909.99,10090.1,31.11,101622.53,313878.49,212255.96
1939,2020,Aurangabad,Cotton,Kharif,Loamy,Drip,9.87,669.8,24.0,77.2,7.09,41794.94,59232.77,33570.86,79862.12,45892.39,25836.71,8215.13,59.55,286189.79,489172.6,202982.81
1940,2019,Satara,Soybean,Kharif,Red,Rainfed,6.71,1085.8,24.6,63.4,5.72,18338.68,25521.3,9511.96,30672.74,11078.45,9885.1,6536.19,43.95,105008.23,287283.6,182275.36
1941,2024,Sangli,Maize,Kharif,Black,Borewell,10.85,490.9,30.1,81.1,6.96,31479.8,58520.32,24676.14,76821.22,32798.5,23303.33,31382.56,23.49,247599.31,737311.86,489712.55
1942,2024,Pune,Onion,Rabi,Black,Rainfed,3.95,722.2,27.3,61.5,6.96,25083.53,34519.84,16143.58,43701.94,24309.49,13410.29,27399.02,23.94,157168.66,655871.98,498703.32
1943,2019,Ahmednagar,Sugarcane,Annual,Red,Canal,11.4,612.5,24.8,65.3,7.23,71106.96,102583.06,39307.48,140483.49,64925.76,36648.8,408738.75,3.38,455055.55,1380466.14,925410.59
1944,2020,Nashik,Maize,Kharif,Black,Rainfed,1.57,806.2,22.5,48.7,5.85,3630.71,7525.16,3462.68,9807.53,4141.72,2467.04,4035.94,20.51,31034.85,82781.58,51746.72
1945,2025,Ahmednagar,Tomato,Rabi,Red,Borewell,5.71,688.5,21.9,62.2,6.84,30872.6,45554.95,25247.27,65011.32,29793.92,19511.42,56938.74,25.2,215991.48,1434894.74,1218903.26
1946,2022,Kolhapur,Maize,Kharif,Loamy,Canal,2.84,1416.3,26.3,67.3,6.55,7427.33,17638.78,6700.13,22080.37,8497.54,5134.08,9705.51,27.94,67478.22,271168.57,203690.35
1947,2021,Pune,Sugarcane,Annual,Black,Drip,0.7,631.1,24.3,50.7,6.53,4822.89,6599.31,1964.75,9191.17,5202.77,2668.63,27759.71,3.58,30449.52,99394.26,68944.74
1948,2023,Pune,Wheat,Rabi,Red,Drip,0.76,774.0,24.7,65.8,6.2,2228.95,4478.88,2176.12,6167.78,1966.89,1670.74,1909.01,27.24,18689.36,52006.68,33317.32
1949,2025,Sangli,Wheat,Rabi,Loamy,Borewell,3.57,448.0,25.3,55.1,6.87,11593.85,22974.83,10263.1,29589.19,10050.45,6686.32,7498.27,27.08,91157.75,203086.16,111928.41
1950,2024,Kolhapur,Cotton,Kharif,Red,Borewell,4.41,1529.0,24.4,56.0,5.86,21732.13,32133.21,18065.23,50177.99,21594.8,14763.72,2813.77,72.14,158467.09,202994.13,44527.04
1951,2019,Kolhapur,Maize,Kharif,Loamy,Drip,5.43,1479.0,22.5,44.4,7.34,12956.03,26004.51,11424.97,32385.37,12559.05,9036.18,16331.38,23.33,104366.12,380934.34,276568.22
1952,2023,Sangli,Soybean,Kharif,Black,Drip,2.07,507.5,24.8,72.9,6.45,7503.22,9295.01,4029.01,10862.5,4074.09,3460.87,2400.85,50.06,39224.7,120185.83,80961.13
1953,2025,Ahmednagar,Tomato,Rabi,Black,Borewell,7.52,703.2,26.4,65.9,6.04,40789.35,67425.41,31505.4,103195.15,44277.96,26653.02,77016.83,23.32,313846.29,1796331.5,1482485.21
1954,2024,Solapur,Sugarcane,Annual,Loamy,Borewell,2.54,623.3,27.1,57.5,6.78,21363.11,24832.75,9513.99,38188.52,19810.46,10803.09,99927.85,3.83,124511.92,382476.82,257964.9
1955,2025,Pune,Maize,Kharif,Alluvial,Borewell,1.69,716.2,27.1,43.6,5.89,4461.41,10165.96,4842.86,12560.77,5879.23,3149.06,5547.29,25.71,41059.29,142621.91,101562.63
1956,2019,Kolhapur,Soybean,Kharif,Black,Rainfed,9.16,1391.6,26.0,64.8,6.75,25801.6,35193.28,14908.65,43531.42,14484.84,13747.2,8751.04,51.04,147666.99,446676.36,299009.38
1957,2019,Solapur,Onion,Rabi,Red,Canal,9.51,579.3,23.0,53.8,7.01,43861.77,61412.2,36804.51,80267.75,47741.54,24435.54,73596.89,23.82,294523.31,1753085.97,1458562.66
1958,2019,Nashik,Maize,Kharif,Red,Rainfed,4.12,869.7,22.0,52.6,6.72,9215.33,20927.36,7458.25,26105.96,10028.24,7436.46,11987.79,19.93,81171.59,238933.95,157762.35
1959,2023,Satara,Cotton,Kharif,Red,Rainfed,2.83,935.2,25.5,61.0,6.15,13222.84,17203.44,14391.28,27944.22,13982.36,8622.17,1579.65,87.36,95366.31,137996.93,42630.62
1960,2019,Kolhapur,Soybean,Kharif,Black,Borewell,9.94,1391.4,26.9,58.4,6.86,27045.47,36520.8,17943.33,42109.74,16275.4,14501.45,11998.89,29.84,154396.19,358035.97,203639.78
1961,2021,Pune,Wheat,Rabi,Black,Canal,2.44,542.3,28.9,79.6,7.23,6714.31,14116.99,6130.39,17697.12,5713.86,4714.55,5619.49,29.19,55087.23,164047.37,108960.15
1962,2025,Solapur,Wheat,Rabi,Alluvial,Borewell,2.64,553.4,28.4,47.7,6.36,8673.75,15846.4,7247.8,21251.89,7378.78,5978.08,6688.16,27.98,66376.7,187150.69,120773.99
1963,2025,Solapur,Soybean,Kharif,Loamy,Canal,2.37,503.2,27.5,75.6,6.86,8545.96,10181.2,5404.17,13363.36,5098.41,4643.06,2723.17,51.56,47236.17,140396.53,93160.36
1964,2021,Nashik,Maize,Kharif,Loamy,Rainfed,10.4,844.3,25.4,67.9,5.74,26660.29,49018.32,23071.85,75926.99,34335.41,17658.77,29560.01,21.78,226671.63,643732.95,417061.32
1965,2023,Pune,Maize,Kharif,Loamy,Borewell,5.56,656.4,27.0,59.1,5.2,16590.38,33985.0,13136.98,44417.74,16769.51,12686.57,17379.6,22.1,137586.19,384044.95,246458.77
1966,2020,Kolhapur,Wheat,Rabi,Red,Borewell,10.62,1437.5,26.9,63.0,6.14,29585.98,54043.6,24293.83,78237.26,27282.66,18822.18,24208.19,31.48,232265.51,761970.71,529705.2
1967,2024,Nashik,Rice,Kharif,Red,Drip,11.93,804.4,25.1,62.7,7.49,41073.54,101784.48,44943.3,102126.3,47185.66,35249.38,39699.81,34.5,372362.65,1369678.41,997315.76
1968,2023,Ahmednagar,Maize,Kharif,Alluvial,Borewell,9.27,574.0,24.0,68.0,6.33,27532.35,61408.37,21677.83,66332.46,27265.44,17092.2,29057.27,25.8,221308.66,749756.85,528448.19
1969,2021,Solapur,Maize,Kharif,Alluvial,Borewell,10.32,633.7,26.0,61.0,7.04,27509.37,61413.56,20748.69,61890.36,27125.28,17402.69,34696.6,25.93,216089.96,899763.49,683673.53
1970,2020,Sangli,Wheat,Rabi,Red,Rainfed,2.06,524.8,30.5,60.2,7.23,5685.68,11225.64,5204.66,13068.94,5880.01,3475.84,4155.13,29.3,44540.76,121755.69,77214.93
1971,2019,Aurangabad,Maize,Kharif,Black,Drip,5.5,794.6,26.5,80.1,6.41,13263.29,27319.46,10208.08,30768.81,14728.14,9508.12,20927.63,16.19,105795.9,338807.19,233011.29
1972,2022,Nashik,Cotton,Kharif,Black,Borewell,11.46,678.1,20.3,69.8,6.57,52176.19,68221.14,50985.24,100457.32,50022.56,37823.9,8347.95,78.0,359686.34,651118.23,291431.89
1973,2021,Ahmednagar,Onion,Rabi,Red,Rainfed,9.92,789.8,23.7,70.5,7.54,54495.63,70084.5,32645.6,93852.19,44107.17,27858.45,62725.04,30.01,323043.55,1882539.94,1559496.39
1974,2021,Solapur,Cotton,Kharif,Black,Rainfed,0.92,417.4,25.1,63.3,6.4,4335.55,5583.35,3069.66,7526.91,4019.7,2276.0,532.96,53.14,26811.16,28324.02,1512.86
1975,2021,Aurangabad,Maize,Kharif,Loamy,Canal,5.89,640.1,26.9,64.2,6.2,15062.59,29114.26,11449.15,38918.46,15528.47,12037.29,16007.79,18.53,122110.23,296684.3,174574.08
1976,2019,Ahmednagar,Sugarcane,Annual,Loamy,Rainfed,9.82,715.0,23.3,57.4,7.09,58404.97,87043.42,29052.04,122375.01,63695.72,30563.36,352330.09,2.79,391134.52,984046.81,592912.3
1977,2022,Kolhapur,Onion,Rabi,Loamy,Drip,6.41,1385.8,29.2,44.6,7.63,36451.45,41727.13,24006.45,58148.24,35853.16,17218.28,50402.74,23.14,213404.7,1166289.95,952885.25
1978,2023,Solapur,Sugarcane,Annual,Alluvial,Canal,1.48,435.0,30.1,62.4,7.35,10198.85,16108.09,5813.55,19211.68,11759.21,5612.18,54056.13,3.96,68703.55,214332.22,145628.67
1979,2023,Sangli,Rice,Kharif,Loamy,Canal,5.83,596.1,28.3,47.8,7.48,19528.22,37926.18,21821.98,56474.77,25298.06,16259.5,16146.06,31.91,177308.7,515163.4,337854.7
1980,2024,Pune,Wheat,Rabi,Red,Rainfed,2.79,778.9,24.1,60.5,6.85,8463.68,14014.52,7927.84,23864.14,8333.86,6283.99,6565.19,27.24,68888.03,178856.71,109968.68
1981,2021,Nashik,Maize,Kharif,Loamy,Drip,11.16,748.4,23.1,66.9,5.87,29703.61,63930.13,21044.72,68927.49,27911.64,23088.7,45287.85,18.36,234606.29,831285.9,596679.61
1982,2020,Nashik,Tomato,Rabi,Loamy,Borewell,1.54,624.5,22.8,60.4,6.55,7037.23,10694.61,6765.4,15889.69,6977.39,4270.04,16329.61,26.42,51634.36,431420.69,379786.33
1983,2022,Solapur,Rice,Kharif,Loamy,Borewell,3.01,726.4,30.0,67.2,7.16,9685.0,21079.5,11298.67,24534.18,13433.3,7743.11,8852.05,30.44,87773.76,269481.37,181707.61
1984,2020,Nashik,Rice,Kharif,Black,Borewell,7.54,637.1,28.9,79.6,7.5,26485.78,47859.58,20592.52,56608.18,27538.98,17503.37,22557.29,31.58,196588.41,712470.28,515881.87
1985,2022,Satara,Tomato,Rabi,Alluvial,Rainfed,0.59,901.7,27.6,74.6,6.75,2949.35,5358.85,2673.99,5700.0,3097.59,1638.99,4705.33,22.87,21418.77,107610.42,86191.65
1986,2023,Solapur,Onion,Rabi,Loamy,Drip,0.62,587.0,28.1,68.1,7.76,3480.02,5077.87,2340.1,6150.19,3004.07,1581.27,5456.99,24.5,21633.51,133691.19,112057.67
1987,2021,Nashik,Sugarcane,Annual,Loamy,Rainfed,8.82,765.8,23.1,57.9,6.03,65367.88,87436.87,31416.63,116618.18,67921.77,33309.96,326581.53,3.65,402071.29,1193472.89,791401.6
1988,2020,Aurangabad,Maize,Kharif,Red,Canal,2.94,707.3,26.9,53.7,5.94,8243.9,14480.56,6385.58,20770.82,8017.03,4938.85,8476.49,22.29,62836.75,188969.24,126132.49
1989,2019,Sangli,Wheat,Rabi,Alluvial,Borewell,1.63,787.3,28.1,58.7,6.09,4215.41,7973.55,3365.56,10562.98,3407.63,2701.45,4338.1,26.64,32226.59,115547.21,83320.62
1990,2019,Satara,Sugarcane,Annual,Red,Rainfed,10.73,1080.2,27.4,60.3,6.92,60090.88,81296.66,34470.18,124383.05,80299.26,36844.24,352325.51,3.71,417384.27,1307380.42,889996.14
1991,2021,Kolhapur,Tomato,Rabi,Red,Rainfed,11.74,1470.5,24.1,73.7,6.59,55651.79,86344.23,40522.26,113520.74,63569.7,34089.41,101427.43,22.66,393698.14,2298757.73,1905059.6
1992,2021,Nashik,Maize,Kharif,Loamy,Rainfed,11.81,868.2,25.7,75.0,6.89,31680.82,69186.12,23974.98,85694.44,34449.07,17671.22,35331.24,23.91,262656.66,844897.99,582241.33
1993,2025,Aurangabad,Cotton,Kharif,Loamy,Drip,8.04,586.7,23.4,64.1,6.87,44020.91,60756.82,31772.49,104783.14,47335.94,25424.15,6163.69,69.48,314093.45,428246.59,114153.14
1994,2025,Ahmednagar,Cotton,Kharif,Black,Rainfed,3.8,649.5,25.2,72.3,6.49,20526.42,25395.2,15913.93,47312.13,19379.05,13734.58,2558.02,83.51,142261.31,213621.83,71360.52
1995,2025,Solapur,Tomato,Rabi,Alluvial,Drip,7.2,467.5,25.5,66.0,7.04,38347.61,57538.79,25911.99,90742.92,46352.45,22944.89,72535.93,25.94,281838.65,1881862.78,1600024.13
1996,2022,Solapur,Soybean,Kharif,Loamy,Borewell,3.79,518.7,25.7,53.8,7.18,12949.61,14559.64,6302.14,18717.24,8398.6,6726.57,4505.81,65.23,67653.8,293904.95,226251.15
1997,2021,Sangli,Maize,Kharif,Loamy,Rainfed,1.34,703.5,25.6,62.7,7.29,3469.01,6714.3,2985.37,8874.76,3668.32,2421.77,3705.32,21.42,28133.53,79385.83,51252.31
1998,2024,Nashik,Soybean,Kharif,Red,Canal,1.78,649.2,24.3,58.4,7.17,6002.86,6791.51,3779.0,9143.94,3688.84,2961.35,1994.5,57.3,32367.5,114283.73,81916.23
1999,2020,Pune,Onion,Rabi,Loamy,Drip,8.71,881.4,27.5,66.9,7.43,41816.97,60339.3,29107.05,72507.64,43606.25,23223.63,64641.47,25.91,270600.84,1674871.3,1404270.45
2000,2019,Solapur,Sugarcane,Annual,Loamy,Canal,6.0,555.7,26.7,55.6,6.85,37163.78,52362.76,21908.79,68572.5,39134.42,19911.61,224811.04,3.07,239053.87,690934.22,451880.35
2001,2025,Aurangabad,Wheat,Rabi,Red,Borewell,2.89,689.2,23.3,67.9,6.11,9561.78,18067.34,8460.8,22949.58,9559.62,6146.09,6980.71,29.45,74745.2,205560.79,130815.59
2002,2020,Pune,Rice,Kharif,Red,Borewell,8.54,614.4,23.3,56.5,7.49,24447.73,64279.41,22708.81,63768.58,37466.74,20285.53,22408.32,28.54,232956.79,639597.71,406640.92
2003,2020,Sangli,Maize,Kharif,Alluvial,Drip,4.33,726.5,25.4,62.1,6.02,10475.37,21512.08,8849.08,30079.34,11707.88,7043.05,14411.26,21.47,89666.81,309343.82,219677.01
2004,2021,Pune,Soybean,Kharif,Alluvial,Rainfed,2.48,729.1,27.2,53.9,7.57,7581.98,10557.99,4160.87,12109.21,4753.64,3751.35,2712.25,47.54,42915.04,128928.76,86013.71
2005,2023,Kolhapur,Cotton,Kharif,Black,Borewell,3.27,1421.8,26.0,56.8,7.21,15662.02,25157.33,12171.25,36899.16,13864.09,10560.61,2377.28,99.63,114314.45,236837.11,122522.66
2006,2022,Sangli,Sugarcane,Annual,Alluvial,Canal,8.43,703.1,27.6,59.9,6.69,63194.82,92441.06,31160.65,106761.65,60000.58,30306.05,359872.1,3.52,383864.82,1266422.45,882557.63
2007,2019,Solapur,Tomato,Rabi,Red,Borewell,5.75,300.0,24.6,58.5,6.75,23691.24,39747.06,19745.47,49901.65,25443.83,16548.55,43882.92,18.65,175077.81,818480.26,643402.45
2008,2020,Solapur,Tomato,Rabi,Red,Borewell,8.22,661.2,27.7,67.4,5.96,34067.13,52732.23,31940.29,89164.83,39134.32,21954.94,80141.71,21.05,268993.74,1686614.13,1417620.39
2009,2025,Kolhapur,Tomato,Rabi,Loamy,Canal,11.23,1646.5,25.1,57.7,7.01,57159.14,90610.28,44599.25,132358.01,73556.8,39057.51,127971.13,32.03,437340.99,4099371.99,3662031.0
2010,2025,Nashik,Rice,Kharif,Black,Rainfed,5.01,703.2,22.6,49.5,5.93,21292.92,37834.25,19878.54,47221.04,21893.61,13468.02,12734.74,28.67,161588.38,365122.98,203534.6
2011,2019,Sangli,Wheat,Rabi,Loamy,Rainfed,11.17,580.8,25.9,66.3,5.74,28759.64,54879.15,25073.3,73553.94,32128.13,18881.53,23824.83,25.86,233275.7,616169.24,382893.54
2012,2024,Pune,Sugarcane,Annual,Alluvial,Borewell,7.85,507.3,22.0,76.9,7.6,55631.85,90377.7,31879.26,121441.0,64736.68,29599.24,282494.85,2.84,393665.72,801337.13,407671.41
2013,2025,Satara,Soybean,Kharif,Loamy,Borewell,10.06,904.4,20.8,49.8,6.44,37499.95,45482.5,22644.92,49572.32,23976.22,19914.88,10741.21,52.05,199090.79,559081.1,359990.31
2014,2025,Satara,Rice,Kharif,Loamy,Rainfed,1.67,951.7,25.3,65.5,7.17,5879.98,13397.92,5670.64,14495.17,7872.54,4734.38,4505.98,35.52,52050.63,160036.87,107986.24
2015,2022,Aurangabad,Onion,Rabi,Loamy,Rainfed,8.46,596.5,26.6,63.7,6.77,53668.87,62245.6,32958.99,73033.32,48269.28,26654.27,47996.38,26.67,296830.34,1279855.04,983024.7
2016,2023,Satara,Onion,Rabi,Alluvial,Canal,7.68,720.2,24.3,68.4,6.85,45682.35,54393.59,35571.41,73927.38,42197.24,21483.62,56777.62,17.32,273255.58,983489.98,710234.4
2017,2025,Kolhapur,Cotton,Kharif,Loamy,Drip,3.93,1375.5,24.6,56.7,6.06,21607.87,26902.94,17205.18,52447.22,22765.69,13213.41,2774.58,80.03,154142.31,222038.68,67896.37
2018,2019,Sangli,Wheat,Rabi,Black,Rainfed,3.78,620.9,27.0,48.8,6.66,10614.38,18621.45,9831.58,25664.58,7969.27,6343.94,9000.5,30.68,79045.21,276176.0,197130.79
2019,2025,Solapur,Maize,Kharif,Alluvial,Canal,6.31,536.1,27.4,43.5,7.07,19580.57,40438.25,14914.9,51127.03,21304.48,16583.25,18494.74,29.12,163948.47,538496.4,374547.92
2020,2020,Sangli,Maize,Kharif,Loamy,Drip,8.63,600.7,26.9,55.3,6.24,21431.13,46125.7,15092.48,53709.17,25380.02,13958.84,28202.42,20.94,175697.33,590696.98,414999.64
2021,2025,Pune,Tomato,Rabi,Loamy,Drip,5.34,546.2,22.6,62.6,7.09,29490.32,48751.73,25058.28,60003.49,30606.26,18095.04,46306.24,25.35,212005.12,1173842.48,961837.35
2022,2022,Ahmednagar,Tomato,Rabi,Alluvial,Drip,2.96,705.1,25.8,54.5,6.9,15230.41,20769.32,11010.44,32210.58,16048.02,8684.12,27991.87,22.25,103952.88,622756.62,518803.74
2023,2019,Satara,Tomato,Rabi,Red,Rainfed,4.16,808.3,21.3,57.4,8.18,16286.77,30685.81,13410.51,44317.11,18173.15,10910.78,32481.78,30.57,133784.13,992991.24,859207.11
2024,2025,Kolhapur,Tomato,Rabi,Red,Canal,8.6,1338.6,24.8,56.9,6.27,45014.48,70358.96,38547.28,108315.92,55261.09,24755.72,77303.58,26.85,342253.44,2075471.16,1733217.72
2025,2019,Nashik,Soybean,Kharif,Black,Borewell,2.25,800.4,23.8,64.6,5.91,6440.26,9077.68,3678.6,9936.22,4195.33,3386.51,2973.1,48.56,36714.6,144368.47,107653.87
2026,2019,Ahmednagar,Wheat,Rabi,Black,Borewell,10.05,610.2,26.3,76.2,7.61,26939.94,54806.26,23853.37,72112.17,23663.49,19997.5,28394.18,27.05,221372.73,768200.73,546828.0
2027,2022,Ahmednagar,Wheat,Rabi,Alluvial,Drip,9.15,590.3,25.1,70.2,7.15,28260.47,54405.15,22820.36,69784.83,27822.82,19088.67,26834.63,32.75,222182.31,878855.12,656672.81
2028,2021,Satara,Soybean,Kharif,Red,Drip,6.56,801.4,22.4,86.2,6.96,19882.51,27918.92,14695.0,29110.53,12061.47,10424.66,7152.78,49.12,114093.09,351365.93,237272.84
2029,2024,Kolhapur,Tomato,Rabi,Black,Canal,7.89,1604.9,28.6,50.0,6.76,36215.64,64205.3,38703.35,85502.86,52072.28,25870.57,84036.74,24.49,302569.99,2058178.0,1755608.0
2030,2024,Ahmednagar,Rice,Kharif,Black,Rainfed,2.89,396.2,25.2,66.7,6.65,9747.37,20872.35,9650.98,28065.81,13688.12,9124.05,7497.63,30.08,91148.66,225531.31,134382.65
2031,2023,Aurangabad,Rice,Kharif,Black,Rainfed,7.5,878.0,23.3,55.6,5.86,26274.61,59720.01,21970.57,62715.44,31482.32,21398.97,23053.2,35.79,223561.92,825029.6,601467.68
2032,2021,Kolhapur,Maize,Kharif,Red,Rainfed,5.81,1521.6,24.5,65.7,6.29,16214.18,31932.49,12254.59,34961.27,14684.58,10441.57,16837.06,21.21,120488.68,357051.38,236562.7
2033,2025,Aurangabad,Rice,Kharif,Alluvial,Drip,11.01,702.8,25.1,68.5,6.99,42966.3,93124.3,36485.0,110840.25,51958.51,29546.28,38750.13,30.36,364920.64,1176606.01,811685.37
2034,2022,Nashik,Tomato,Rabi,Black,Borewell,6.24,770.3,25.6,57.9,6.48,26310.14,40188.3,28151.61,62847.15,38227.82,20433.03,66467.28,31.3,216158.04,2080234.45,1864076.41
2035,2024,Aurangabad,Rice,Kharif,Black,Drip,3.74,484.2,23.7,61.2,5.92,13405.51,24061.65,11390.52,38045.14,18742.46,11905.79,9678.22,36.2,117551.08,350330.47,232779.39
2036,2021,Sangli,Tomato,Rabi,Loamy,Drip,5.14,689.3,29.0,61.2,6.6,20940.61,35125.11,18882.11,51289.17,24479.07,14954.59,54009.52,25.62,165670.66,1383638.11,1217967.45
2037,2019,Kolhapur,Maize,Kharif,Red,Rainfed,6.92,1391.7,25.1,62.8,7.24,15360.11,33200.3,12781.14,38859.5,18264.64,11897.27,17413.31,20.59,130362.97,358500.33,228137.36
2038,2021,Solapur,Rice,Kharif,Loamy,Rainfed,11.22,575.6,25.1,63.4,6.17,39637.9,77209.99,35125.2,97720.06,41255.01,30605.44,29662.54,26.92,321553.6,798471.84,476918.24
2039,2019,Kolhapur,Maize,Kharif,Red,Rainfed,8.92,1532.1,26.7,71.0,6.02,22833.41,44034.97,17451.43,47896.32,22709.91,14748.96,27387.22,19.23,169675.01,526580.51,356905.51
2040,2020,Ahmednagar,Wheat,Rabi,Alluvial,Rainfed,6.87,583.7,26.2,68.1,5.58,18389.64,36848.11,12806.49,52240.21,17473.66,11339.25,16611.51,27.9,149097.36,463418.79,314321.42
2041,2021,Pune,Soybean,Kharif,Red,Drip,1.93,778.3,30.1,67.7,6.19,5717.75,6608.7,3530.7,9051.31,3589.47,2789.54,2080.8,46.86,31287.47,97513.22,66225.75
2042,2021,Ahmednagar,Rice,Kharif,Alluvial,Borewell,5.2,647.0,24.0,72.6,6.23,17120.3,33478.06,16175.17,45497.71,21688.05,12566.65,16581.04,27.66,146525.94,458631.53,312105.59
2043,2021,Nashik,Soybean,Kharif,Alluvial,Borewell,8.38,795.2,25.3,60.0,7.11,24942.12,30374.49,16338.99,37491.81,16308.83,13706.44,10887.16,43.19,139162.68,470249.75,331087.07
2044,2023,Sangli,Sugarcane,Annual,Loamy,Drip,8.85,758.6,25.5,50.8,6.56,62762.51,93477.31,32856.31,104449.01,70881.47,33969.93,374183.65,3.13,398396.53,1169628.82,771232.29
2045,2020,Ahmednagar,Cotton,Kharif,Alluvial,Borewell,7.33,756.2,25.7,56.2,6.15,31075.3,44382.35,26644.88,75382.35,33798.52,18534.3,5801.41,64.62,229817.7,374863.46,145045.76
2046,2020,Kolhapur,Rice,Kharif,Red,Borewell,3.45,1507.9,21.9,70.2,6.46,11651.68,23354.18,9438.97,24333.64,12128.21,8631.37,10273.56,29.87,89538.05,306843.15,217305.1
2047,2022,Aurangabad,Tomato,Rabi,Alluvial,Canal,2.11,665.7,24.8,63.3,6.49,10313.73,16656.3,8753.04,22749.94,9997.57,6420.52,22142.06,28.47,74891.1,630473.39,555582.3
2048,2022,Sangli,Rice,Kharif,Red,Canal,2.46,647.2,28.2,61.1,7.19,8740.11,16757.88,7575.68,21949.34,10328.37,7226.56,6588.84,34.36,72577.94,226368.83,153790.88
2049,2022,Nashik,Onion,Rabi,Red,Rainfed,11.11,827.3,24.1,63.8,6.47,65156.06,72967.1,38512.36,108705.88,52890.29,31569.49,70736.48,24.46,369801.18,1730200.79,1360399.6
2050,2021,Sangli,Cotton,Kharif,Alluvial,Borewell,6.77,657.9,27.0,58.9,7.19,34314.0,44615.89,28148.52,70835.84,30875.81,18055.66,5917.45,70.01,226845.71,414281.13,187435.42
2051,2020,Nashik,Wheat,Rabi,Alluvial,Borewell,3.14,599.5,24.3,45.7,6.21,9391.52,15465.33,7449.03,24049.06,8508.54,6625.24,7659.31,32.37,71488.72,247967.64,176478.92
2052,2020,Solapur,Maize,Kharif,Black,Drip,0.64,581.5,26.9,68.6,6.76,1568.27,3097.64,1286.38,4400.42,1800.63,1062.6,2157.29,23.11,13215.94,49862.9,36646.96
2053,2020,Solapur,Onion,Rabi,Alluvial,Rainfed,3.47,664.6,25.9,58.3,6.42,19330.9,24673.16,11523.77,34121.65,17452.64,9785.14,25937.38,25.65,116887.25,665169.91,548282.66
2054,2024,Solapur,Wheat,Rabi,Black,Canal,2.45,656.2,26.1,59.3,7.02,7293.61,14525.22,5653.9,21201.34,6057.36,5550.54,6101.11,32.5,60281.96,198299.97,138018.01
2055,2023,Aurangabad,Soybean,Kharif,Alluvial,Drip,3.04,685.0,21.9,61.8,6.78,10190.02,11314.55,6210.25,15640.18,6393.35,6515.91,4251.63,43.86,56264.26,186481.13,130216.87
2056,2021,Sangli,Rice,Kharif,Red,Drip,9.11,628.6,28.1,69.4,6.95,32979.3,62626.43,32283.3,75589.26,36992.07,24264.79,23962.78,32.42,264735.16,776912.04,512176.88
2057,2024,Kolhapur,Rice,Kharif,Black,Borewell,2.28,1621.3,25.4,58.4,7.04,8548.74,17090.64,7730.1,20272.41,10126.28,6633.21,7369.33,34.43,70401.37,253724.62,183323.25
2058,2025,Solapur,Tomato,Rabi,Alluvial,Drip,5.31,423.0,27.3,56.3,6.46,25518.68,48314.83,23349.09,61360.76,28876.88,18591.11,57015.38,27.25,206011.35,1553927.35,1347916.0
2059,2025,Pune,Soybean,Kharif,Loamy,Borewell,8.08,652.3,23.0,73.2,6.67,26151.57,35161.56,16894.41,46817.77,17421.42,15225.56,8743.41,43.57,157672.3,380911.82,223239.52
2060,2022,Kolhapur,Wheat,Rabi,Black,Rainfed,0.76,1521.4,27.5,59.6,7.83,2354.3,5091.99,1918.87,4990.8,2085.3,1476.71,1792.65,27.0,17917.96,48403.41,30485.46
2061,2023,Ahmednagar,Sugarcane,Annual,Alluvial,Borewell,5.48,508.3,25.5,69.4,6.86,38481.89,56199.75,21780.74,76305.48,39027.81,24034.56,187735.75,4.05,255830.24,760862.6,505032.36
2062,2021,Pune,Soybean,Kharif,Black,Rainfed,7.61,870.6,25.6,72.5,6.09,24292.91,30480.05,13933.94,28527.01,13610.07,11273.71,8451.11,47.73,122117.7,403350.73,281233.03
2063,2020,Kolhapur,Sugarcane,Annual,Loamy,Rainfed,1.31,1496.4,20.5,80.4,7.45,8642.83,11439.32,4434.97,17262.33,8328.28,4770.77,37463.77,2.32,54878.51,87098.88,32220.37
2064,2024,Solapur,Wheat,Rabi,Black,Rainfed,4.26,321.2,27.2,69.7,6.87,15167.64,26863.54,14059.4,34497.36,13475.42,8934.11,9401.53,35.59,112997.47,334591.24,221593.78
2065,2025,Nashik,Sugarcane,Annual,Loamy,Canal,8.33,572.3,24.8,45.9,6.77,67223.96,90121.38,31578.21,111692.21,73514.7,37109.76,331545.31,3.72,411240.23,1233112.93,821872.7
2066,2025,Solapur,Cotton,Kharif,Alluvial,Borewell,2.6,571.3,25.1,51.3,6.41,13487.67,17130.96,11824.45,30999.12,14002.98,8198.53,2005.17,83.39,95643.71,167201.58,71557.87
2067,2022,Solapur,Rice,Kharif,Black,Borewell,2.3,790.8,25.1,58.1,7.04,7690.04,14147.07,6060.03,23526.0,8404.66,5778.01,9035.01,25.71,65605.8,232268.7,166662.9
2068,2022,Aurangabad,Cotton,Kharif,Black,Canal,3.44,608.2,24.3,69.5,6.56,16897.15,23808.34,12344.49,37723.11,16420.08,9844.36,2579.03,61.24,117037.52,157947.79,40910.27
2069,2020,Pune,Rice,Kharif,Black,Rainfed,2.71,834.1,27.4,78.6,6.97,8813.88,17050.45,6968.99,20846.33,9775.41,6755.92,8041.96,34.79,70210.99,279796.51,209585.52
2070,2021,Nashik,Maize,Kharif,Loamy,Drip,8.66,808.2,21.5,66.7,6.61,20404.96,48412.09,18259.66,47619.36,22804.01,13697.51,30734.39,19.42,171197.59,597001.95,425804.36
2071,2020,Nashik,Maize,Kharif,Alluvial,Rainfed,8.02,791.4,24.3,61.9,6.13,20130.58,42486.98,14773.32,53276.87,23197.43,14799.06,22862.21,19.71,168664.24,450570.88,281906.65
2072,2025,Kolhapur,Wheat,Rabi,Black,Rainfed,8.79,1456.9,27.2,67.9,5.63,31083.41,57046.41,24881.82,79174.94,26778.18,20153.85,18459.88,26.7,239118.61,492891.06,253772.45
2073,2019,Kolhapur,Wheat,Rabi,Alluvial,Canal,2.33,1364.1,26.2,61.7,5.54,6216.23,11727.59,4988.05,13657.01,5564.08,4422.55,6479.85,31.78,46575.51,205898.0,159322.48
2074,2024,Kolhapur,Tomato,Rabi,Red,Drip,9.02,1419.5,25.2,70.1,6.81,49570.69,77701.2,36796.47,103736.74,53922.19,26837.52,99423.93,31.89,348564.82,3170666.23,2822101.41
2075,2020,Nashik,Sugarcane,Annual,Alluvial,Drip,4.01,748.6,23.0,54.1,6.11,25937.86,32081.33,11923.22,48165.86,29238.48,14166.86,162787.63,2.46,161513.61,399886.86,238373.25
2076,2024,Aurangabad,Tomato,Rabi,Black,Drip,8.56,666.4,25.1,50.9,6.25,46567.09,71808.32,45247.21,93967.44,45897.94,30608.87,82420.14,31.05,334096.86,2559537.71,2225440.85
2077,2021,Aurangabad,Sugarcane,Annual,Alluvial,Borewell,2.41,699.9,26.1,61.8,6.22,15949.91,21101.13,8397.69,30535.15,17099.45,9125.82,87629.83,3.84,102209.15,336147.45,233938.29
2078,2021,Nashik,Soybean,Kharif,Alluvial,Rainfed,5.78,631.9,21.7,67.2,6.23,16335.17,24124.24,9616.62,22016.13,11770.46,8803.22,6067.85,55.09,92665.85,334300.52,241634.68
2079,2024,Satara,Onion,Rabi,Red,Rainfed,9.95,963.5,27.4,55.2,6.73,64190.59,90887.92,42067.52,114943.79,59860.2,28749.36,55418.99,26.26,400699.37,1455418.19,1054718.81
2080,2019,Aurangabad,Rice,Kharif,Red,Rainfed,2.7,544.7,29.5,57.6,6.9,7448.56,14695.59,7563.38,19514.92,10186.59,6446.29,5954.04,30.47,65855.32,181393.33,115538.01
2081,2025,Aurangabad,Soybean,Kharif,Loamy,Drip,3.49,560.4,25.3,64.6,6.23,12628.18,15826.36,7629.5,19602.96,7129.09,5867.56,4116.64,42.79,68683.65,176162.67,107479.02
2082,2021,Nashik,Sugarcane,Annual,Red,Canal,8.22,778.4,20.3,70.9,6.28,49119.62,69767.91,29746.43,101488.8,54325.23,34861.16,293742.5,4.02,339309.15,1179894.63,840585.48
2083,2024,Aurangabad,Cotton,Kharif,Red,Rainfed,3.65,753.6,26.7,61.1,6.38,20714.66,25227.62,14793.38,36992.63,19427.04,10482.73,2509.65,63.75,127638.06,160000.17,32362.11
2084,2021,Satara,Maize,Kharif,Loamy,Borewell,9.93,953.8,21.3,67.1,6.99,27584.78,56220.04,21782.52,62974.82,28544.51,18493.59,28071.29,21.04,215600.26,590530.95,374930.69
2085,2020,Sangli,Soybean,Kharif,Black,Canal,11.37,685.9,28.0,45.2,6.96,35242.13,43903.19,20438.04,49468.95,20013.77,18859.53,15177.85,45.88,187925.62,696430.99,508505.37
2086,2024,Ahmednagar,Tomato,Rabi,Alluvial,Rainfed,4.07,555.5,27.0,73.7,7.39,20826.15,34323.64,18409.14,47135.77,24449.42,11188.37,39640.01,28.03,156332.48,1110998.76,954666.28
2087,2019,Aurangabad,Maize,Kharif,Black,Drip,11.83,662.5,25.0,54.3,5.78,29573.4,58541.85,23913.56,71385.98,33627.52,19302.06,38949.48,15.4,236344.38,599660.25,363315.87
2088,2020,Aurangabad,Wheat,Rabi,Alluvial,Rainfed,5.38,582.9,24.0,57.1,6.07,15969.72,27847.13,10161.3,35488.51,12278.96,9403.33,10830.44,29.06,111148.95,314693.26,203544.31
2089,2021,Aurangabad,Sugarcane,Annual,Alluvial,Rainfed,2.59,806.5,25.1,66.0,6.77,16979.53,27303.74,11051.78,31482.86,16777.3,9913.08,92473.28,2.2,113508.29,203262.53,89754.24
2090,2022,Solapur,Rice,Kharif,Red,Drip,8.35,630.6,27.0,62.4,6.66,25848.17,60347.54,26935.07,76414.77,38132.19,19501.35,22268.28,36.71,247179.1,817503.63,570324.53
2091,2023,Sangli,Tomato,Rabi,Alluvial,Rainfed,9.2,639.1,30.0,76.3,6.84,48427.3,76591.69,40690.62,109532.56,47142.52,30138.46,75344.85,27.19,352523.16,2048276.6,1695753.44
2092,2021,Kolhapur,Sugarcane,Annual,Black,Rainfed,0.91,1452.8,27.6,62.7,6.75,6319.21,8235.89,3263.02,10903.85,6035.2,3285.25,31018.28,3.31,38042.43,102687.14,64644.71
2093,2020,Sangli,Tomato,Rabi,Alluvial,Drip,2.6,660.4,28.4,48.0,6.26,11255.27,15899.06,10668.39,25936.22,12632.71,7490.86,25368.42,26.36,83882.51,668757.18,584874.67
2094,2023,Ahmednagar,Tomato,Rabi,Alluvial,Borewell,6.08,388.6,28.8,68.2,6.76,29340.48,50866.86,27133.86,71801.24,31754.51,17265.85,50691.91,27.33,228162.8,1385221.87,1157059.07
2095,2024,Nashik,Tomato,Rabi,Black,Drip,6.27,691.3,25.5,42.9,6.7,32713.56,50919.0,24990.28,72897.56,32563.79,21045.28,69611.11,27.52,235129.47,1915515.29,1680385.82
2096,2019,Satara,Rice,Kharif,Black,Rainfed,5.24,1037.5,24.3,72.5,5.98,16816.46,32512.89,13190.19,35141.94,18620.2,11529.96,13800.49,31.4,127811.63,433314.35,305502.71
2097,2019,Satara,Cotton,Kharif,Black,Canal,10.35,993.4,25.1,59.1,5.24,44596.74,52885.53,37299.8,94640.86,48029.44,27926.29,8807.03,70.72,305378.67,622818.09,317439.42
2098,2022,Sangli,Soybean,Kharif,Loamy,Rainfed,1.5,577.7,31.9,61.0,6.85,4729.85,6321.49,2698.6,7670.12,2487.12,2288.55,1452.79,56.92,26195.73,82689.6,56493.87
2099,2022,Kolhapur,Soybean,Kharif,Red,Drip,11.71,1418.0,23.0,79.5,6.08,36777.85,47468.86,23682.66,54071.7,18999.95,19567.18,12504.86,45.02,200568.21,562955.6,362387.39
2100,2024,Solapur,Soybean,Kharif,Alluvial,Canal,2.21,512.0,26.0,78.7,5.98,7734.3,9077.37,4781.48,11268.83,4740.14,4025.79,2609.73,35.42,41627.92,92448.95,50821.03
2101,2020,Nashik,Wheat,Rabi,Loamy,Canal,7.34,588.6,24.3,68.9,6.62,21141.59,37220.34,17114.67,47308.18,17268.36,15741.64,18535.02,26.29,155794.78,487302.08,331507.31
2102,2021,Ahmednagar,Soybean,Kharif,Black,Drip,5.8,591.4,22.9,66.5,6.3,16353.96,21107.71,11381.63,27436.58,10080.15,9573.68,7203.67,41.31,95933.72,297583.98,201650.25
2103,2022,Solapur,Maize,Kharif,Red,Rainfed,9.17,544.5,22.9,61.5,7.17,26943.7,49582.72,19137.48,61847.16,28596.91,17321.06,24783.89,23.5,203429.02,582446.56,379017.54
2104,2021,Sangli,Sugarcane,Annual,Black,Drip,1.95,704.6,23.8,58.8,7.34,13393.81,19441.16,7287.14,24608.07,13671.63,7977.71,79703.19,3.5,86379.52,279044.76,192665.24
2105,2020,Nashik,Cotton,Kharif,Black,Canal,3.27,895.2,25.2,58.0,7.53,13979.17,20844.85,11787.41,27204.85,13987.35,9262.78,2767.07,62.02,97066.41,171609.82,74543.41
2106,2022,Pune,Sugarcane,Annual,Red,Borewell,7.11,696.7,19.9,47.9,6.88,47434.66,68652.99,20763.42,93896.44,47566.11,24856.99,214255.25,2.87,303170.61,614117.95,310947.34
2107,2025,Pune,Rice,Kharif,Black,Canal,11.98,742.8,23.8,65.2,6.49,47780.22,90707.44,45019.59,110276.81,54019.35,30596.15,35618.8,26.99,378399.56,961399.56,583000.0
2108,2025,Ahmednagar,Soybean,Kharif,Red,Rainfed,4.79,789.5,23.6,35.5,6.35,17094.03,21825.75,10387.85,26072.96,10033.26,8062.15,4545.61,48.97,93476.01,222598.76,129122.76
2109,2025,Kolhapur,Rice,Kharif,Alluvial,Borewell,7.95,1276.8,26.1,72.3,6.87,27988.4,61024.0,26781.96,81948.83,39883.16,24044.65,23328.51,31.64,261671.0,738040.97,476369.97
2110,2023,Solapur,Sugarcane,Annual,Alluvial,Borewell,8.29,653.3,26.3,81.8,6.78,59622.19,80417.93,33294.54,113149.36,69174.48,35766.34,262656.27,2.85,391424.84,749505.81,358080.98
2111,2022,Solapur,Cotton,Kharif,Black,Canal,1.41,470.3,26.7,58.7,6.75,7163.25,8139.84,5578.0,14054.17,6373.78,4877.59,1105.17,67.07,46186.62,74123.11,27936.49
2112,2023,Solapur,Cotton,Kharif,Loamy,Rainfed,0.51,671.7,29.0,44.2,6.28,2607.06,3368.97,2109.3,5009.51,2042.3,1821.23,340.81,64.51,16958.37,21984.37,5026.0
2113,2020,Pune,Cotton,Kharif,Loamy,Drip,2.46,736.9,27.2,51.2,7.77,10819.9,13704.38,8540.74,23503.03,12423.04,6633.07,2060.9,54.33,75624.15,111973.8,36349.65
2114,2022,Solapur,Maize,Kharif,Black,Drip,5.78,753.6,29.9,66.4,6.88,15045.02,32123.76,11747.2,38258.9,18829.63,10669.1,17183.74,21.02,126673.61,361286.58,234612.98
2115,2020,Solapur,Tomato,Rabi,Black,Drip,10.29,520.1,28.2,49.4,7.12,45835.77,78824.95,34911.48,104129.63,49789.41,25771.74,95391.25,20.77,339262.98,1980956.17,1641693.2
2116,2021,Nashik,Tomato,Rabi,Loamy,Drip,3.01,665.7,23.7,68.8,6.44,14089.78,22143.25,10912.36,33055.81,14277.48,8515.82,31966.96,25.17,102994.49,804679.92,701685.43
2117,2021,Solapur,Cotton,Kharif,Loamy,Borewell,0.83,455.5,24.8,47.9,5.71,3889.32,5204.4,2899.79,7390.72,3872.47,2270.98,569.94,78.32,25527.67,44637.6,19109.94
2118,2020,Kolhapur,Cotton,Kharif,Black,Canal,4.72,1254.9,23.4,43.2,7.35,20403.3,29766.43,15784.06,41479.58,17511.23,13618.68,3286.07,61.19,138563.28,201088.96,62525.68
2119,2025,Sangli,Rice,Kharif,Loamy,Canal,8.98,300.0,32.4,59.1,6.87,38596.9,77090.25,37316.78,88772.72,46499.89,22993.35,20003.01,33.22,311269.9,664434.51,353164.61
2120,2019,Nashik,Cotton,Kharif,Loamy,Drip,7.75,581.2,24.3,70.2,7.68,32600.11,44887.55,27766.6,75382.05,34257.01,18561.37,4884.58,57.81,233454.69,282396.95,48942.25
2121,2023,Ahmednagar,Sugarcane,Annual,Alluvial,Drip,10.44,460.8,26.2,79.7,6.85,71038.61,104362.91,39069.92,137347.27,82892.06,44501.76,401395.14,3.15,479212.53,1266232.12,787019.59
2122,2021,Aurangabad,Cotton,Kharif,Black,Canal,8.25,517.2,26.0,69.8,5.59,35013.4,48096.44,25166.32,89949.9,36693.37,21870.7,5686.16,73.2,256790.12,416202.95,159412.83
2123,2019,Aurangabad,Wheat,Rabi,Red,Canal,3.91,773.8,22.7,68.8,6.79,10388.62,20526.17,8723.92,23156.95,8895.09,8038.69,10093.17,28.17,79729.44,284279.43,204549.99
2124,2022,Pune,Rice,Kharif,Alluvial,Rainfed,4.95,563.1,29.6,56.9,7.65,17663.68,38234.69,17480.34,40167.01,19884.98,12279.85,11241.0,26.59,145710.54,298898.2,153187.67
2125,2024,Solapur,Tomato,Rabi,Black,Rainfed,1.56,388.8,29.3,65.4,7.48,8008.3,13108.91,6494.6,16348.56,8274.3,4799.15,12502.12,24.16,57033.81,302113.6,245079.79
2126,2021,Ahmednagar,Cotton,Kharif,Alluvial,Drip,4.76,673.6,25.8,68.8,7.47,22920.23,24828.77,17713.43,50298.92,19754.74,13588.77,3982.51,74.94,149104.86,298452.01,149347.15
2127,2020,Kolhapur,Rice,Kharif,Red,Borewell,10.99,1490.6,27.0,63.3,7.11,33027.95,75595.55,32468.08,87300.69,41220.04,24439.93,29174.42,31.53,294052.24,919958.59,625906.36
2128,2020,Kolhapur,Rice,Kharif,Black,Borewell,1.84,1298.2,23.4,56.9,6.36,5430.48,12862.78,5834.28,15135.49,7332.5,4547.4,5286.28,29.31,51142.94,154937.91,103794.97
2129,2025,Satara,Onion,Rabi,Loamy,Borewell,9.27,847.7,23.4,54.7,6.94,52216.92,79274.78,39524.2,113712.97,56906.96,32052.51,70249.76,22.01,373688.34,1546468.97,1172780.63
2130,2021,Nashik,Tomato,Rabi,Alluvial,Canal,5.53,655.6,26.1,39.5,5.99,22231.62,42712.41,22243.01,52724.12,28294.02,16683.15,53527.95,18.42,184888.33,985952.71,801064.39
2131,2024,Sangli,Maize,Kharif,Alluvial,Drip,5.3,646.3,28.1,57.6,7.11,15734.08,32707.47,13450.25,40971.33,16034.39,11568.16,16509.27,22.0,130465.69,363163.15,232697.46
2132,2020,Kolhapur,Soybean,Kharif,Loamy,Drip,1.63,1512.0,23.4,58.9,6.5,4827.54,6444.03,2781.43,7520.58,3197.63,2481.22,2237.27,44.35,27252.42,99232.12,71979.7
2133,2019,Kolhapur,Cotton,Kharif,Alluvial,Borewell,4.72,1375.2,24.1,47.6,5.97,21649.53,26534.19,15591.42,30910.19,22526.19,10957.89,3603.84,53.85,128169.41,194082.95,65913.54
2134,2025,Sangli,Maize,Kharif,Loamy,Rainfed,5.46,488.6,27.0,55.5,7.24,16317.82,33893.69,13071.17,40212.33,16801.15,12720.99,13723.58,21.73,133017.14,298230.14,165213.0
2135,2024,Aurangabad,Maize,Kharif,Alluvial,Canal,10.2,650.4,25.6,72.5,7.01,28949.26,57380.36,25633.86,74846.65,30400.46,22072.13,35628.67,20.98,239282.71,747590.56,508307.85
2136,2022,Solapur,Sugarcane,Annual,Loamy,Borewell,9.02,518.1,29.1,79.2,6.51,54856.0,79356.54,32999.45,112958.03,77400.95,37545.81,339210.09,3.6,395116.78,1221762.15,826645.36
2137,2019,Aurangabad,Tomato,Rabi,Black,Borewell,1.78,888.7,25.8,62.2,5.78,7774.51,12029.74,6401.08,17214.57,7663.81,3784.7,20362.56,23.73,54868.4,483143.78,428275.38
2138,2023,Ahmednagar,Rice,Kharif,Alluvial,Drip,11.12,659.3,21.0,71.2,8.2,38685.97,80754.04,39312.99,114992.26,51389.38,33813.78,28716.58,33.53,358948.42,962772.84,603824.41
2139,2023,Ahmednagar,Onion,Rabi,Alluvial,Rainfed,9.38,579.5,26.9,56.6,7.16,56318.88,64612.92,39551.57,90735.31,44352.69,25537.77,60809.41,23.62,321109.13,1436315.04,1115205.91
2140,2022,Ahmednagar,Tomato,Rabi,Black,Borewell,11.93,719.4,23.1,65.6,6.52,56082.89,109892.8,56148.03,125391.45,61338.66,44027.42,135368.03,22.35,452881.25,3025947.09,2573065.84
2141,2019,Pune,Sugarcane,Annual,Black,Canal,8.42,729.9,24.0,70.0,6.7,51974.44,66029.16,30168.31,108473.37,54769.05,29226.93,323821.61,2.62,340641.27,848659.56,508018.29
2142,2023,Solapur,Rice,Kharif,Black,Canal,4.84,483.2,29.9,61.6,7.48,17756.67,33611.23,14976.26,36594.46,22285.5,12828.08,12920.03,36.11,138052.19,466599.95,328547.76
2143,2025,Solapur,Sugarcane,Annual,Black,Rainfed,10.75,580.6,27.9,71.3,6.73,85599.75,109219.54,36456.52,166306.24,92409.66,49109.71,333554.28,3.67,539101.42,1222805.56,683704.14
2144,2023,Satara,Wheat,Rabi,Red,Borewell,4.06,834.2,25.3,73.5,6.47,12753.24,26397.82,9834.22,31674.07,10202.72,9804.02,10544.24,21.19,100666.1,223387.76,122721.66
2145,2024,Satara,Maize,Kharif,Red,Canal,2.06,1084.5,21.7,77.8,7.96,6062.51,12454.28,5014.91,16044.85,5504.46,4192.2,6569.55,21.34,49273.2,140221.18,90947.98
2146,2025,Pune,Cotton,Kharif,Loamy,Drip,3.15,788.3,22.5,51.8,6.46,17820.32,20990.42,13194.94,37679.92,17879.31,11590.15,2353.09,82.12,119155.05,193236.7,74081.65
2147,2019,Nashik,Rice,Kharif,Red,Rainfed,11.39,569.0,24.6,64.6,5.99,33632.24,78424.87,34440.81,85421.55,42532.71,28531.22,27397.23,27.37,302983.41,749884.8,446901.4
2148,2020,Satara,Rice,Kharif,Black,Borewell,4.9,997.6,24.5,58.1,6.94,15269.58,30461.8,16937.05,42919.87,21112.67,9922.02,14481.0,33.82,136623.0,489677.2,353054.2
2149,2022,Aurangabad,Wheat,Rabi,Black,Rainfed,10.13,616.4,31.9,79.8,6.88,28333.16,57193.38,26731.97,88562.33,27331.87,22679.84,20966.64,31.27,250832.56,655637.23,404804.67
2150,2022,Sangli,Cotton,Kharif,Red,Drip,10.46,790.8,25.4,53.8,7.34,46292.16,64010.88,47167.21,110367.8,53002.83,28005.31,8626.87,78.15,348846.19,674157.15,325310.96
2151,2025,Aurangabad,Cotton,Kharif,Black,Borewell,5.19,859.9,25.1,55.3,6.83,24483.97,39215.55,24669.26,54427.1,27627.07,15742.79,4247.07,68.76,186165.75,292024.89,105859.15
2152,2020,Pune,Maize,Kharif,Red,Drip,9.48,704.1,22.4,63.7,6.74,24998.76,51445.28,19416.21,59091.26,27013.19,15342.58,29946.31,14.52,197307.29,434756.36,237449.06
2153,2022,Satara,Maize,Kharif,Loamy,Canal,8.09,979.8,24.7,42.8,6.29,20797.18,44695.64,15765.55,51388.36,22867.58,13287.98,27290.26,25.35,168802.29,691826.14,523023.85
2154,2023,Nashik,Cotton,Kharif,Loamy,Canal,5.82,756.6,22.6,52.1,5.92,26109.25,43687.64,19450.91,59580.24,29090.61,16748.16,4153.58,75.84,194666.8,314987.23,120320.43
2155,2022,Sangli,Cotton,Kharif,Black,Borewell,8.67,742.4,26.3,60.9,7.08,38795.09,50406.76,33766.51,83262.75,43644.24,25989.3,8087.18,61.52,275864.65,497539.0,221674.35
2156,2020,Sangli,Tomato,Rabi,Black,Canal,8.22,828.1,28.7,61.4,6.09,35945.82,58028.42,30406.35,68204.91,44444.79,22243.59,89432.26,20.16,259273.88,1802849.98,1543576.1
2157,2023,Nashik,Sugarcane,Annual,Loamy,Rainfed,2.31,791.5,25.1,57.3,7.76,15163.64,24133.3,8626.73,32515.83,18977.52,9341.08,80219.16,3.16,108758.11,253193.28,144435.16
2158,2024,Pune,Cotton,Kharif,Loamy,Rainfed,4.84,811.4,28.5,70.7,6.27,27203.37,30474.52,22050.7,47179.31,28256.65,14884.72,3119.23,97.51,170049.27,304146.59,134097.32
2159,2022,Ahmednagar,Onion,Rabi,Loamy,Canal,6.08,686.8,27.9,56.3,5.64,31817.08,46798.75,21088.4,56596.41,31846.7,17702.82,50710.0,24.33,205850.16,1233930.19,1028080.03
2160,2021,Ahmednagar,Wheat,Rabi,Red,Canal,2.72,632.6,26.6,56.7,6.77,8477.34,16335.94,6840.42,16624.58,7213.91,5270.46,6590.47,26.72,60762.65,176091.92,115329.27
2161,2020,Nashik,Tomato,Rabi,Red,Canal,10.47,658.5,22.1,69.7,6.47,45933.46,77917.31,40825.79,101818.15,49716.3,28194.96,94487.78,21.14,344405.98,1997134.76,1652728.78
2162,2024,Aurangabad,Onion,Rabi,Red,Canal,8.76,665.8,25.8,49.9,7.04,53558.19,71921.2,40915.53,81597.63,51631.06,28691.95,61003.51,23.11,328315.57,1409742.84,1081427.26
2163,2019,Sangli,Cotton,Kharif,Loamy,Borewell,8.76,824.4,29.3,66.3,7.55,36858.37,44891.82,34359.73,79675.02,36501.73,21329.26,6826.17,77.21,253615.93,527043.99,273428.06
2164,2023,Ahmednagar,Sugarcane,Annual,Alluvial,Drip,3.77,689.7,26.0,70.0,7.52,26894.86,38117.1,16125.88,65189.21,29987.17,16237.19,160331.03,3.59,192551.41,575498.94,382947.54
2165,2023,Solapur,Onion,Rabi,Loamy,Rainfed,10.35,818.7,27.3,58.3,7.03,57515.98,75650.83,37958.08,93868.96,50776.51,32829.46,89667.36,25.3,348599.82,2268849.63,1920249.82
2166,2025,Pune,Wheat,Rabi,Red,Drip,7.83,780.5,24.2,50.8,7.05,24966.19,53544.15,24644.93,66388.81,23108.09,19389.83,22177.73,27.21,212041.99,603542.98,391500.99
2167,2022,Nashik,Rice,Kharif,Loamy,Canal,7.95,597.5,22.6,58.7,6.38,25320.37,61901.32,28789.74,73680.84,35660.11,19655.56,22296.98,32.79,245007.94,731025.69,486017.75
2168,2019,Satara,Soybean,Kharif,Red,Borewell,7.26,909.4,28.3,58.1,7.61,17061.52,27307.78,13592.25,31095.64,13559.47,9436.99,8022.37,34.89,112053.64,279866.3,167812.65
2169,2019,Nashik,Tomato,Rabi,Alluvial,Rainfed,11.19,799.4,27.0,65.3,7.63,44461.15,74265.18,40416.92,119532.53,50990.26,29988.32,99503.65,27.49,359654.36,2735572.1,2375917.75
2170,2022,Nashik,Wheat,Rabi,Alluvial,Rainfed,2.53,751.5,26.2,51.9,5.8,7337.79,17966.04,6549.13,18751.92,6796.43,4665.12,6182.01,30.05,62066.43,185785.13,123718.7
2171,2019,Solapur,Maize,Kharif,Loamy,Borewell,2.22,642.4,30.4,55.7,5.59,5764.15,11200.61,5106.83,12427.93,5429.29,3545.82,7214.91,20.58,43474.62,148485.93,105011.31
2172,2020,Satara,Maize,Kharif,Alluvial,Borewell,1.36,1018.3,24.2,63.7,6.15,3582.42,7169.32,2589.26,8229.72,3760.27,2425.47,4722.35,23.36,27756.47,110306.45,82549.98
2173,2020,Kolhapur,Sugarcane,Annual,Red,Drip,10.9,1342.8,24.4,62.2,7.63,71475.99,88463.03,37442.58,136189.27,73272.84,42566.94,366366.09,2.77,449410.66,1014465.49,565054.83
2174,2019,Satara,Tomato,Rabi,Black,Rainfed,4.8,867.2,21.5,63.2,6.72,19964.98,34870.48,18207.18,47731.27,20423.7,15361.93,39059.05,27.34,156559.55,1067747.22,911187.67
2175,2025,Pune,Soybean,Kharif,Red,Rainfed,2.75,673.7,25.2,60.8,6.49,10198.15,12244.6,5926.93,15240.92,5593.12,5494.1,2597.49,43.29,54697.82,112438.49,57740.67
2176,2023,Sangli,Onion,Rabi,Black,Canal,9.53,691.6,26.9,58.3,6.87,56243.4,79287.54,36471.33,88089.83,50562.35,28351.84,82431.46,24.34,339006.3,2006189.56,1667183.27
2177,2020,Aurangabad,Maize,Kharif,Red,Borewell,7.98,758.8,28.8,50.3,6.39,20975.32,42186.91,15836.16,54158.98,21095.87,13740.69,23851.01,22.32,167993.93,532236.39,364242.46
2178,2023,Solapur,Onion,Rabi,Red,Rainfed,1.59,553.4,27.8,62.0,6.62,9699.35,11376.8,6558.33,16616.36,8074.6,4987.74,10945.43,24.1,57313.19,263741.94,206428.75
2179,2024,Sangli,Sugarcane,Annual,Loamy,Rainfed,0.99,579.7,27.6,61.2,5.91,6402.71,10434.73,4032.79,13568.52,7541.01,3789.42,30695.72,2.39,45769.18,73421.3,27652.12
2180,2025,Ahmednagar,Rice,Kharif,Alluvial,Rainfed,7.41,706.7,23.5,63.2,6.16,29116.67,60001.65,28762.88,70386.12,42112.76,21148.0,18360.98,36.93,251528.07,678155.77,426627.7
2181,2020,Aurangabad,Rice,Kharif,Black,Canal,4.89,775.8,25.6,59.5,5.97,15486.96,32564.44,15373.01,40538.88,18058.95,11262.24,16154.27,32.03,133284.47,517443.67,384159.19
2182,2025,Satara,Wheat,Rabi,Alluvial,Canal,3.5,1124.2,25.4,68.1,6.16,12511.64,21749.09,9407.58,31792.51,12200.9,7191.5,11411.87,26.17,94853.23,298676.84,203823.61
2183,2019,Solapur,Tomato,Rabi,Red,Canal,4.49,609.9,27.0,67.2,6.96,19676.63,31941.67,15023.13,47986.39,20249.89,10823.77,51916.88,23.39,145701.48,1214271.95,1068570.47
2184,2025,Satara,Rice,Kharif,Alluvial,Borewell,2.49,864.3,25.5,64.3,6.62,9670.81,19001.65,8365.84,26511.56,12543.1,7315.29,6929.97,32.65,83408.26,226255.0,142846.74
2185,2023,Nashik,Wheat,Rabi,Loamy,Canal,1.76,643.3,24.4,85.6,5.35,5629.03,10057.21,4519.66,12203.01,5214.71,3537.55,4450.33,27.09,41161.17,120572.91,79411.74
2186,2021,Pune,Wheat,Rabi,Loamy,Canal,8.54,734.7,24.2,77.8,7.27,24237.28,51191.15,20629.07,67619.42,22210.95,14882.23,24475.44,20.21,200770.1,494572.52,293802.42
2187,2025,Solapur,Soybean,Kharif,Black,Drip,10.26,577.2,25.1,70.4,7.2,41238.11,48214.16,21739.71,61402.93,21226.23,21588.9,12189.96,41.89,215410.03,510618.46,295208.43
2188,2025,Solapur,Soybean,Kharif,Black,Drip,4.17,478.3,25.9,67.7,6.28,13421.26,18989.43,9361.23,22403.92,9313.05,6918.88,4517.41,39.52,80407.77,178510.22,98102.45
2189,2025,Nashik,Sugarcane,Annual,Black,Canal,6.78,524.1,25.0,61.8,7.58,55850.3,72286.13,28764.57,104731.97,58225.69,30655.39,233028.85,3.57,350514.04,832204.97,481690.93
2190,2023,Sangli,Rice,Kharif,Black,Borewell,0.82,624.8,25.5,61.0,6.05,2918.29,4989.37,2659.36,6574.33,3823.55,2237.23,2513.54,30.98,23202.12,77874.57,54672.44
2191,2024,Kolhapur,Maize,Kharif,Black,Rainfed,9.83,1522.5,26.4,77.5,6.52,28493.02,55550.62,22247.4,63285.29,29215.33,17707.44,26930.64,26.73,216499.1,719833.83,503334.73
2192,2023,Aurangabad,Wheat,Rabi,Red,Canal,8.61,772.0,26.0,64.4,6.35,26629.4,47439.36,20630.49,63181.01,22910.76,20120.52,22424.13,28.73,200911.54,644159.26,443247.72
2193,2021,Aurangabad,Tomato,Rabi,Red,Rainfed,3.77,626.1,24.5,58.5,7.15,17025.77,27977.72,15807.75,43121.41,18580.14,10613.71,31107.53,29.45,133126.5,916190.27,783063.77
2194,2025,Pune,Wheat,Rabi,Red,Borewell,3.17,554.4,26.3,68.9,6.33,9141.27,22360.23,9359.83,28576.02,10811.22,6536.97,7210.16,33.57,86785.53,242080.39,155294.86
2195,2019,Aurangabad,Wheat,Rabi,Loamy,Borewell,4.9,610.9,26.3,55.3,5.72,15038.23,25088.86,12332.43,31251.9,12505.7,8718.97,11431.99,25.92,104936.1,296370.13,191434.03
2196,2024,Sangli,Maize,Kharif,Loamy,Drip,4.07,577.7,28.7,64.6,5.72,11377.99,23348.78,8320.49,31395.15,14117.19,9913.36,12519.41,18.67,98472.96,233780.39,135307.43
2197,2019,Aurangabad,Rice,Kharif,Alluvial,Canal,9.32,597.8,27.2,52.9,5.91,27157.65,49600.13,27320.97,78065.29,37284.92,19685.8,27008.74,21.36,239114.76,577011.35,337896.59
2198,2022,Solapur,Soybean,Kharif,Black,Drip,1.24,372.4,29.3,44.8,5.71,4394.71,4963.57,2383.61,6491.56,2447.98,2048.07,1488.62,43.1,22729.5,64155.12,41425.63
2199,2023,Nashik,Soybean,Kharif,Black,Drip,6.7,515.7,22.5,57.4,6.48,21765.48,27105.44,13864.6,35937.17,12570.58,10561.21,7849.56,48.25,121804.47,378776.63,256972.15
2200,2025,Pune,Tomato,Rabi,Black,Drip,10.38,591.8,23.0,72.2,6.26,51598.46,82010.96,44537.16,142150.47,65219.89,32830.32,98812.32,31.88,418347.25,3150594.45,2732247.2
2201,2019,Nashik,Wheat,Rabi,Red,Borewell,9.84,586.7,23.8,63.5,7.41,25812.85,50711.23,21674.42,61942.35,24898.7,15654.31,24325.98,25.93,200693.88,630755.0,430061.12
2202,2019,Kolhapur,Maize,Kharif,Alluvial,Canal,3.92,1375.6,28.6,72.1,6.96,8339.94,20599.07,8007.87,19305.69,10815.94,5904.8,12286.31,15.14,72973.31,185994.51,113021.2
2203,2020,Kolhapur,Soybean,Kharif,Loamy,Borewell,4.51,1371.2,25.8,71.1,7.25,12437.7,17423.63,7541.68,21239.89,8039.36,7569.91,5631.45,57.2,74252.17,322116.19,247864.02
2204,2019,Nashik,Rice,Kharif,Alluvial,Drip,2.01,414.1,23.5,71.7,6.26,5838.64,11712.31,6065.4,13814.42,7817.01,4531.08,5438.38,26.32,49778.87,143150.46,93371.6
2205,2025,Solapur,Sugarcane,Annual,Red,Borewell,10.29,401.5,27.7,50.3,7.01,76117.39,114295.81,44525.16,149624.75,90259.85,44719.89,337748.1,3.83,519542.86,1293909.11,774366.25
2206,2025,Solapur,Cotton,Kharif,Alluvial,Drip,10.3,369.7,26.6,66.1,5.74,50883.67,77287.69,51910.66,115753.99,57276.39,35386.04,6740.28,93.03,388498.44,627076.81,238578.37
2207,2024,Solapur,Cotton,Kharif,Black,Rainfed,4.62,580.0,25.5,62.0,6.42,24727.67,29146.69,17774.56,51956.41,24025.4,15324.44,3422.23,74.19,162955.18,253900.34,90945.16
2208,2024,Sangli,Onion,Rabi,Loamy,Canal,9.25,693.0,25.6,50.6,7.06,58102.43,76227.29,39027.25,94249.47,53789.74,26237.4,71402.46,17.16,347633.58,1225294.8,877661.21
2209,2020,Satara,Rice,Kharif,Red,Canal,7.71,916.1,24.4,63.0,5.2,26739.47,49212.36,25510.45,60579.0,29756.36,17930.08,20818.58,30.55,209727.71,635976.02,426248.32
2210,2021,Nashik,Soybean,Kharif,Red,Rainfed,0.97,587.3,24.1,65.0,6.07,2815.18,3403.7,1808.36,4516.51,1797.26,1488.93,966.84,41.21,15829.94,39838.8,24008.86
2211,2024,Aurangabad,Soybean,Kharif,Loamy,Rainfed,7.7,628.5,28.2,53.2,6.6,24582.48,33723.07,15866.89,39510.13,14071.82,14148.4,7829.55,44.42,141902.77,347757.24,205854.47
2212,2025,Aurangabad,Wheat,Rabi,Black,Canal,11.18,686.8,25.6,57.5,7.24,41446.62,76988.29,29991.41,85611.61,36674.49,23891.16,31677.89,33.27,294603.58,1053875.71,759272.13
2213,2021,Sangli,Cotton,Kharif,Black,Rainfed,8.27,659.3,25.6,65.8,5.8,36073.04,52186.26,32490.85,83630.14,38004.24,21248.78,5801.51,83.8,263633.31,486170.51,222537.21
2214,2022,Sangli,Cotton,Kharif,Black,Borewell,2.18,576.3,25.0,70.3,6.5,9564.31,15865.41,10341.53,20878.42,11411.39,6385.93,1622.6,87.01,74447.0,141184.27,66737.28
2215,2019,Aurangabad,Tomato,Rabi,Red,Drip,7.84,676.4,27.1,69.7,6.6,34223.78,49915.67,29972.1,78962.57,37415.69,21858.67,63949.52,22.52,252348.48,1439953.96,1187605.48
2216,2024,Ahmednagar,Tomato,Rabi,Loamy,Rainfed,6.67,652.4,25.7,43.8,6.21,33083.46,60479.0,27977.28,75896.92,39986.51,21415.08,67994.18,28.65,258838.26,1948304.35,1689466.09
2217,2023,Pune,Cotton,Kharif,Alluvial,Rainfed,10.6,689.7,24.1,51.4,6.06,52042.83,72437.87,43477.61,102990.0,53565.82,33003.68,6933.49,73.97,357517.82,512840.11,155322.29
2218,2025,Kolhapur,Onion,Rabi,Red,Rainfed,7.0,1533.6,22.9,43.6,6.81,43971.58,57898.34,31399.44,72791.43,39113.24,22365.53,47482.55,21.71,267539.56,1030786.4,763246.84
2219,2025,Sangli,Onion,Rabi,Loamy,Rainfed,4.04,613.8,25.9,66.2,6.88,26597.63,33202.81,13841.54,46855.25,24820.57,14185.26,30864.2,18.13,159503.06,559472.13,399969.06
2220,2024,Sangli,Rice,Kharif,Alluvial,Borewell,11.12,777.0,29.6,59.0,6.85,40936.44,76233.65,35278.66,91063.65,53804.84,27128.95,35697.95,34.44,324446.19,1229454.5,905008.31
2221,2020,Kolhapur,Tomato,Rabi,Loamy,Borewell,7.17,1291.3,28.6,49.6,6.32,27537.25,53751.15,25461.46,65370.91,37819.68,17398.97,64531.88,26.14,227339.42,1686692.97,1459353.55
2222,2019,Ahmednagar,Soybean,Kharif,Alluvial,Canal,0.64,649.1,24.8,69.3,6.96,1592.37,2545.76,1028.28,2830.72,921.18,959.13,779.17,43.1,9877.45,33585.73,23708.28
2223,2025,Satara,Rice,Kharif,Alluvial,Canal,6.84,1085.6,24.0,55.2,6.38,28405.96,54759.93,25658.78,61282.79,33303.42,20501.16,20941.82,39.44,223912.04,825865.84,601953.8
2224,2023,Pune,Tomato,Rabi,Alluvial,Canal,7.86,622.8,24.1,68.1,6.62,40217.9,66033.14,32496.09,88543.04,41580.86,22001.59,70538.77,24.93,290872.62,1758384.68,1467512.06
2225,2025,Kolhapur,Cotton,Kharif,Black,Rainfed,2.92,1727.9,25.8,61.3,6.43,16741.43,21971.54,12305.58,32494.37,13936.22,9844.85,2146.82,39.6,107293.98,85014.18,-22279.8
2226,2025,Solapur,Cotton,Kharif,Alluvial,Drip,6.44,569.8,23.9,48.8,6.64,35798.06,46562.53,25909.92,58861.06,34075.54,20356.49,5087.64,64.7,221563.59,329150.06,107586.47
2227,2019,Aurangabad,Sugarcane,Annual,Loamy,Rainfed,11.81,575.0,28.1,49.1,7.06,74267.7,112077.06,39018.2,157351.9,60387.4,44436.58,382606.48,3.19,487538.83,1218742.72,731203.89
2228,2021,Pune,Sugarcane,Annual,Loamy,Drip,8.08,779.9,25.9,57.3,5.69,62409.94,76550.98,27629.11,116367.72,53814.47,32263.15,291157.93,3.15,369035.38,917528.62,548493.25
2229,2023,Pune,Tomato,Rabi,Black,Canal,3.12,677.2,26.3,61.9,5.71,14846.05,23258.82,12797.48,34084.45,18696.89,9590.22,30520.39,21.78,113273.9,664823.28,551549.37
2230,2022,Nashik,Onion,Rabi,Red,Canal,7.42,648.3,24.2,71.2,6.67,43109.11,53628.21,28038.12,80741.09,38634.62,19393.46,56007.13,23.0,263544.61,1288339.08,1024794.47
2231,2025,Kolhapur,Cotton,Kharif,Loamy,Drip,6.37,1315.6,22.3,69.4,6.89,35152.14,47321.28,32821.99,67166.15,29899.66,21964.09,4986.57,74.94,234325.31,373714.95,139389.64
2232,2020,Ahmednagar,Soybean,Kharif,Black,Drip,10.01,700.3,25.3,68.5,6.14,30498.91,40001.84,16246.1,49195.1,17332.99,14923.43,14794.33,47.25,168198.36,699080.14,530881.78
2233,2020,Pune,Rice,Kharif,Loamy,Canal,2.61,764.6,28.5,76.2,6.92,8463.61,18395.12,7766.26,19822.1,10927.4,5885.34,7270.08,29.0,71259.83,210807.69,139547.86
2234,2019,Satara,Wheat,Rabi,Alluvial,Canal,11.37,668.1,21.8,70.3,7.74,29886.32,63669.85,23972.99,77903.25,27214.24,22415.02,24051.77,21.58,245061.67,519084.97,274023.3
2235,2023,Solapur,Wheat,Rabi,Black,Drip,7.27,510.7,25.8,59.7,6.13,21375.23,45629.51,17615.45,59439.77,22481.36,14050.71,18804.92,23.83,180592.02,448143.84,267551.83
2236,2019,Nashik,Onion,Rabi,Loamy,Rainfed,3.17,685.3,21.7,63.5,6.58,16954.62,17055.93,10139.86,21874.09,14537.25,8408.22,20522.43,18.3,88969.97,375574.94,286604.98
2237,2020,Satara,Rice,Kharif,Alluvial,Canal,4.69,894.8,23.9,53.2,6.84,13894.88,28485.49,13178.86,32640.73,19190.5,11437.01,14310.45,24.74,118827.47,354018.68,235191.21
2238,2024,Nashik,Tomato,Rabi,Loamy,Canal,9.01,676.1,27.4,75.1,6.56,45348.58,70047.83,45245.93,96411.77,55478.54,30282.16,84169.93,26.22,342814.82,2206769.87,1863955.06
2239,2021,Pune,Maize,Kharif,Alluvial,Canal,5.35,620.9,25.4,63.8,6.68,14756.48,29714.67,12007.7,31909.79,14625.52,9042.08,16700.68,22.98,112056.23,383745.11,271688.87
2240,2022,Solapur,Tomato,Rabi,Alluvial,Rainfed,5.3,541.2,27.3,59.0,6.43,25776.33,35394.96,21709.64,48921.91,28387.08,15632.64,40705.67,27.36,175822.56,1113841.6,938019.03
2241,2019,Solapur,Maize,Kharif,Alluvial,Drip,9.05,550.1,30.8,62.6,5.73,24254.95,42414.29,16588.98,61018.9,22078.65,15267.56,27048.91,23.92,181623.33,647080.99,465457.66
2242,2023,Nashik,Wheat,Rabi,Red,Canal,2.58,627.7,20.8,49.3,5.94,7697.95,14767.94,6487.7,20972.01,7515.06,5919.13,5847.51,27.85,63359.8,162842.45,99482.65
2243,2022,Satara,Onion,Rabi,Black,Drip,6.87,988.3,27.0,61.6,6.54,38343.28,52292.63,28921.9,57314.85,34875.12,22925.43,59163.54,22.78,234673.22,1347879.5,1113206.28
2244,2019,Nashik,Tomato,Rabi,Red,Borewell,9.5,715.5,23.1,65.5,7.67,36380.74,48983.93,35252.15,83131.7,44293.83,23101.26,91073.47,21.3,271143.62,1939485.79,1668342.16
2245,2023,Pune,Rice,Kharif,Loamy,Borewell,3.32,795.3,23.3,57.1,7.3,11416.03,21797.21,11740.89,27172.84,16425.41,8907.88,10675.3,31.98,97460.26,341352.23,243891.98
2246,2020,Kolhapur,Onion,Rabi,Alluvial,Drip,4.19,1221.3,29.2,73.9,7.09,21803.29,30035.28,13151.49,36680.33,21138.49,9637.54,27689.5,23.79,132446.43,658603.19,526156.76
2247,2025,Satara,Onion,Rabi,Alluvial,Drip,5.24,1065.5,21.4,65.0,5.92,31286.93,43235.37,25523.85,50115.22,27221.16,17431.56,42795.39,25.29,194814.08,1082184.18,887370.1
2248,2024,Solapur,Sugarcane,Annual,Black,Drip,4.99,527.0,26.5,61.2,6.99,34745.17,50932.44,21481.52,65629.69,39969.09,21102.21,203786.28,3.11,233860.13,634279.92,400419.79
2249,2021,Sangli,Sugarcane,Annual,Black,Canal,6.32,620.7,30.2,58.9,6.85,44692.62,61975.02,22811.59,77681.12,47085.64,26984.67,242075.44,3.32,281230.66,802890.01,521659.34
2250,2024,Solapur,Rice,Kharif,Loamy,Drip,3.44,344.6,27.6,61.0,7.21,12138.36,24829.49,11305.73,33071.63,13063.94,9387.52,9444.14,29.74,103796.66,280896.02,177099.36
2251,2020,Sangli,Sugarcane,Annual,Red,Drip,0.68,592.9,30.4,69.7,6.18,4310.56,5559.33,1959.48,8962.73,4615.07,2710.45,19995.48,3.01,28117.64,60202.12,32084.48
2252,2023,Ahmednagar,Tomato,Rabi,Alluvial,Canal,1.18,407.4,23.9,47.9,6.45,5981.74,9580.49,5530.55,13170.57,6721.49,3458.72,10077.97,22.83,44443.56,230064.27,185620.71
2253,2019,Solapur,Onion,Rabi,Black,Borewell,8.98,687.3,28.3,63.3,6.26,43525.25,62883.35,26581.97,78210.75,40502.97,23040.04,76723.63,24.27,274744.33,1862197.52,1587453.19
2254,2023,Ahmednagar,Tomato,Rabi,Loamy,Drip,3.51,670.4,24.3,74.3,6.94,17272.05,26293.57,14351.62,41562.58,21007.07,10959.25,34640.89,24.05,131446.14,833160.81,701714.68
2255,2019,Aurangabad,Maize,Kharif,Red,Rainfed,10.55,691.9,29.8,68.3,6.5,24956.12,54978.63,20911.16,63313.52,25840.9,17895.47,28130.61,19.1,207895.8,537176.41,329280.6
2256,2025,Kolhapur,Tomato,Rabi,Loamy,Rainfed,10.84,1469.2,21.9,61.4,5.49,58040.91,98640.59,45598.97,134694.37,72305.35,33958.91,89368.45,22.33,443239.1,1995488.73,1552249.63
2257,2025,Pune,Maize,Kharif,Loamy,Rainfed,1.6,559.5,25.9,58.9,7.51,5142.69,10459.66,3595.69,10684.49,5160.67,3519.8,3695.87,20.37,38563.0,75299.26,36736.26
2258,2020,Nashik,Maize,Kharif,Loamy,Borewell,8.84,798.4,22.2,57.2,6.08,23800.59,44249.79,17040.37,54005.7,21045.35,14857.71,30368.22,23.0,174999.51,698498.36,523498.84
2259,2022,Ahmednagar,Onion,Rabi,Red,Canal,6.75,601.6,23.2,57.4,6.36,36782.12,47933.99,28385.81,63261.66,32764.39,20838.68,53210.89,24.05,229966.66,1279709.03,1049742.37
2260,2025,Solapur,Rice,Kharif,Alluvial,Rainfed,11.63,406.3,29.6,52.4,7.45,46061.87,89579.1,40791.3,127223.17,50494.94,34040.42,24481.9,36.88,388190.8,902774.93,514584.13
2261,2024,Nashik,Wheat,Rabi,Alluvial,Borewell,11.91,688.4,22.2,74.6,6.76,37623.67,74688.31,34270.09,103408.99,32421.62,24891.15,30820.37,27.1,307303.82,835157.63,527853.81
2262,2024,Aurangabad,Tomato,Rabi,Loamy,Canal,10.41,640.4,24.2,68.5,6.48,49428.23,89095.7,44040.25,101640.11,54166.09,32536.24,95527.9,26.57,370906.63,2538228.53,2167321.9
2263,2024,Ahmednagar,Sugarcane,Annual,Red,Rainfed,10.81,581.0,26.7,71.2,5.99,85612.24,108375.05,44944.62,148836.86,88867.91,55340.22,351008.55,3.46,531976.89,1214736.61,682759.72
2264,2023,Pune,Maize,Kharif,Alluvial,Borewell,2.36,824.1,24.6,76.8,6.83,6247.73,14916.35,5345.5,17612.48,5700.89,4826.83,7619.94,21.05,54649.76,160397.77,105748.0
2265,2022,Solapur,Tomato,Rabi,Red,Canal,6.09,602.3,24.4,54.2,6.76,30182.6,50267.71,22634.72,68979.06,30569.62,17799.04,63003.99,28.87,220432.76,1819134.1,1598701.35
2266,2021,Satara,Rice,Kharif,Loamy,Canal,3.31,769.6,22.8,70.3,7.44,10453.31,24855.67,9630.48,24600.78,14473.92,8228.04,8912.98,29.0,92242.2,258470.36,166228.16
2267,2021,Sangli,Wheat,Rabi,Alluvial,Borewell,11.5,695.2,27.3,67.2,6.86,31794.72,56065.73,28003.51,85974.57,30771.91,21216.43,32358.52,25.25,253826.86,816917.99,563091.13
2268,2020,Ahmednagar,Onion,Rabi,Black,Drip,6.42,541.8,29.8,51.8,6.47,33309.28,41120.27,21708.55,53747.6,32738.4,16881.79,46417.83,19.83,199505.89,920335.09,720829.2
2269,2023,Kolhapur,Tomato,Rabi,Alluvial,Rainfed,11.04,1426.3,25.7,62.0,6.04,52664.58,86460.8,41219.21,131896.25,61838.47,34642.58,102005.68,29.47,408721.89,3006049.33,2597327.44
2270,2020,Kolhapur,Onion,Rabi,Black,Canal,3.46,1379.3,26.2,54.5,6.79,16782.72,25186.28,12580.62,27071.88,16998.14,9091.9,30014.31,23.07,107711.54,692430.16,584718.62
2271,2022,Aurangabad,Cotton,Kharif,Red,Drip,2.34,528.4,27.7,47.3,7.36,12460.38,15060.52,9783.45,25235.92,10364.51,6315.7,1565.7,63.26,79220.48,99045.71,19825.23
2272,2023,Kolhapur,Cotton,Kharif,Black,Drip,5.01,1618.7,25.4,69.8,6.19,27325.23,33091.19,21504.64,56001.0,24163.35,15648.86,3663.81,89.09,177734.27,326417.91,148683.65
2273,2019,Ahmednagar,Cotton,Kharif,Red,Drip,10.85,914.4,23.9,75.4,5.82,41314.95,56824.84,33004.78,98495.16,42314.89,31628.57,8150.37,70.95,303583.19,578286.49,274703.3
2274,2023,Pune,Wheat,Rabi,Red,Rainfed,11.72,624.2,25.5,62.9,6.61,36918.95,76173.02,28395.4,103955.46,37232.39,25984.93,22610.93,24.1,308660.16,545024.14,236363.98
2275,2021,Pune,Sugarcane,Annual,Red,Canal,9.36,756.5,26.1,78.2,7.18,62933.94,87251.93,35327.05,123244.41,66400.62,35830.33,297861.07,3.22,410988.29,958304.34,547316.05
2276,2023,Aurangabad,Tomato,Rabi,Red,Borewell,0.89,749.9,25.7,63.2,6.21,4439.0,7211.36,3940.15,9517.01,4406.59,2519.65,7688.34,30.31,32033.77,233012.43,200978.66
2277,2024,Nashik,Cotton,Kharif,Black,Borewell,10.62,633.2,22.5,61.2,6.62,49905.42,77188.06,48548.61,119979.35,64640.38,37162.32,8146.26,70.68,397424.13,575755.15,178331.02
2278,2021,Aurangabad,Tomato,Rabi,Black,Drip,4.45,598.4,23.9,49.1,6.52,20685.22,30206.68,20468.94,48474.2,24215.18,13907.77,47990.09,19.94,157957.99,957146.58,799188.59
2279,2021,Nashik,Cotton,Kharif,Black,Drip,8.89,613.9,21.4,72.0,6.66,39074.02,58475.98,37734.21,85522.29,41703.19,22853.83,7002.23,59.83,285363.52,418962.97,133599.45
2280,2020,Solapur,Rice,Kharif,Alluvial,Canal,1.76,487.9,27.8,63.8,6.89,5913.43,11396.2,5565.19,14364.06,7620.56,4568.89,5046.46,32.68,49428.33,164912.87,115484.54
2281,2024,Nashik,Sugarcane,Annual,Alluvial,Rainfed,10.16,666.1,24.5,58.4,6.33,85450.99,105163.38,44999.67,137736.86,81798.37,46072.55,335521.11,3.7,501221.82,1240515.56,739293.74
2282,2024,Nashik,Tomato,Rabi,Alluvial,Drip,4.04,568.4,22.6,67.3,7.15,21511.24,33956.85,16508.36,44048.33,19476.4,14635.32,35346.44,30.9,150136.5,1092336.65,942200.14
2283,2020,Pune,Wheat,Rabi,Red,Borewell,7.95,806.2,23.8,59.8,7.03,21275.48,44592.58,17749.06,53514.1,19615.04,16263.7,21254.98,21.66,173009.97,460387.38,287377.41
2284,2021,Satara,Soybean,Kharif,Loamy,Drip,8.67,942.1,26.0,47.4,5.96,27628.61,34686.48,13645.79,37182.74,16600.93,16927.16,11156.84,51.95,146671.72,579609.25,432937.53
2285,2024,Ahmednagar,Sugarcane,Annual,Loamy,Canal,6.88,544.3,25.9,56.4,8.09,55254.23,70808.8,28046.45,86525.11,59340.61,32572.01,250552.56,3.1,332547.21,777004.21,444457.0
2286,2024,Satara,Maize,Kharif,Black,Drip,7.18,1116.2,21.6,58.4,5.81,22531.35,43937.81,16211.61,55074.26,21413.78,16857.85,24148.78,23.12,176026.67,558365.04,382338.37
2287,2019,Sangli,Wheat,Rabi,Loamy,Drip,10.43,710.4,24.8,71.2,6.88,26961.4,56260.16,23104.23,73685.92,23527.06,17084.24,28263.62,23.33,220623.0,659510.42,438887.41
2288,2022,Pune,Maize,Kharif,Alluvial,Borewell,7.96,527.9,22.8,55.0,6.52,20970.47,50486.93,14858.39,52695.72,24966.16,16399.79,25037.77,21.04,180377.45,526791.11,346413.66
2289,2022,Solapur,Soybean,Kharif,Red,Canal,8.64,646.8,29.2,60.4,6.86,29588.01,33050.98,17338.8,38574.1,16817.57,12819.2,9412.44,47.36,148188.66,445726.21,297537.55
2290,2024,Kolhapur,Soybean,Kharif,Loamy,Borewell,5.7,1538.0,25.7,71.8,6.49,19597.08,25336.13,13877.8,28860.57,13035.87,10875.68,7810.45,44.71,111583.12,349197.5,237614.39
2291,2023,Solapur,Tomato,Rabi,Loamy,Canal,11.88,607.5,26.5,54.9,7.45,54030.86,100412.88,51153.32,135687.38,74085.64,36899.49,127175.39,29.12,452269.57,3703899.0,3251629.43
2292,2019,Satara,Rice,Kharif,Alluvial,Borewell,10.27,944.9,22.6,53.5,5.2,30538.98,61889.36,24266.14,73080.63,36616.73,21157.43,33315.78,30.88,247549.27,1028816.43,781267.16
2293,2020,Solapur,Sugarcane,Annual,Loamy,Rainfed,2.66,494.2,27.1,58.2,7.28,17043.52,23736.42,8618.18,36923.58,18721.71,9620.01,87104.41,3.21,114663.42,279894.4,165230.98
2294,2021,Aurangabad,Maize,Kharif,Black,Canal,5.54,694.1,26.1,64.9,7.14,13521.83,30814.46,12257.04,34133.06,16077.11,9811.65,18406.42,27.02,116615.15,497273.66,380658.51
2295,2025,Ahmednagar,Tomato,Rabi,Loamy,Borewell,7.99,701.4,21.5,76.1,5.48,39902.6,75742.12,34361.34,100477.42,48710.87,23333.02,79143.87,31.69,322527.36,2507971.79,2185444.44
2296,2019,Satara,Tomato,Rabi,Alluvial,Canal,9.51,776.1,24.0,56.8,6.93,38308.41,67855.33,36027.61,95572.85,43238.83,26268.75,92260.77,25.68,307271.78,2368867.94,2061596.16
2297,2019,Sangli,Soybean,Kharif,Alluvial,Canal,8.65,517.4,27.4,71.1,7.37,22932.58,35670.16,16781.45,34619.57,14353.23,13686.18,10625.26,38.56,138043.17,409703.15,271659.98
2298,2022,Sangli,Onion,Rabi,Loamy,Borewell,3.62,687.5,24.7,63.5,7.12,21909.04,26164.33,11113.42,35445.62,18756.32,10527.46,30235.1,27.45,123916.19,830067.51,706151.32
2299,2019,Kolhapur,Tomato,Rabi,Alluvial,Borewell,5.98,1363.9,26.9,70.3,6.43,24955.55,42648.84,22056.35,65062.69,26784.69,14847.24,54410.17,26.81,196355.36,1458550.31,1262194.96
2300,2024,Solapur,Soybean,Kharif,Black,Canal,5.4,512.8,23.5,80.6,6.19,20542.5,24174.4,11155.52,25435.38,10791.54,11195.73,6951.81,50.51,103295.07,351104.86,247809.79
2301,2020,Sangli,Sugarcane,Annual,Red,Drip,0.64,708.2,25.9,38.6,6.82,4431.37,5568.99,2153.67,8359.26,4383.69,2230.12,21676.68,3.49,27127.12,75573.79,48446.67
2302,2020,Solapur,Rice,Kharif,Black,Rainfed,2.09,304.6,25.5,52.1,6.53,6627.2,14403.13,6057.96,17034.01,7958.96,4207.32,4128.64,30.41,56288.58,125538.1,69249.52
2303,2025,Nashik,Tomato,Rabi,Alluvial,Canal,0.53,517.9,24.7,49.3,7.21,2677.78,4063.32,2845.97,7573.71,2890.47,1595.69,4958.57,28.24,21646.94,140016.97,118370.04
2304,2023,Pune,Rice,Kharif,Red,Canal,2.77,767.4,23.4,39.1,7.32,10423.63,19185.81,9241.24,26190.96,13484.24,7324.95,7348.4,33.58,85850.84,246769.19,160918.36
2305,2025,Ahmednagar,Soybean,Kharif,Loamy,Drip,9.22,562.3,26.9,66.1,6.6,34446.8,44923.71,19360.97,46750.5,19180.37,16996.25,11123.75,50.24,181658.59,558883.0,377224.42
2306,2021,Ahmednagar,Cotton,Kharif,Alluvial,Borewell,4.86,543.0,26.8,84.6,7.37,23930.45,33222.42,16475.64,52348.35,23619.06,15082.38,3512.76,77.62,164678.3,272667.89,107989.59
2307,2019,Satara,Soybean,Kharif,Black,Rainfed,8.26,807.1,23.9,63.3,6.73,23331.05,26196.93,14551.07,33603.47,11597.52,12406.37,8107.91,51.11,121686.41,414423.0,292736.59
2308,2025,Sangli,Rice,Kharif,Loamy,Rainfed,5.96,661.3,23.3,54.5,6.17,24359.95,46439.97,20469.38,61866.36,29902.77,14332.94,14636.81,31.64,197371.38,463144.51,265773.13
2309,2021,Kolhapur,Maize,Kharif,Black,Drip,1.99,1469.8,29.7,51.9,7.15,4891.13,10455.7,4274.55,12442.23,5699.63,3475.81,5844.0,21.68,41239.05,126681.68,85442.63
2310,2021,Pune,Soybean,Kharif,Black,Borewell,2.52,685.3,23.4,71.2,6.41,7647.14,11004.48,5002.15,12558.35,4080.12,3903.84,3051.11,51.78,44196.08,157987.17,113791.09
2311,2025,Ahmednagar,Tomato,Rabi,Alluvial,Rainfed,6.54,675.3,28.2,71.6,7.31,33410.19,55906.81,28198.58,71583.5,40346.15,23317.06,51403.92,22.88,252762.28,1175925.67,923163.39
2312,2023,Nashik,Rice,Kharif,Loamy,Rainfed,7.16,724.0,24.8,62.8,6.96,25993.71,54211.68,25124.14,54351.41,32110.6,19041.2,19864.25,34.57,210832.73,686795.53,475962.8
2313,2019,Ahmednagar,Wheat,Rabi,Loamy,Drip,10.14,563.5,23.4,72.6,6.54,27284.34,50816.91,22716.04,63905.06,19314.45,18816.13,25935.3,26.78,202852.93,694587.64,491734.71
2314,2022,Solapur,Cotton,Kharif,Black,Canal,4.38,797.2,27.8,58.6,7.12,20937.63,31725.0,17619.13,45127.47,20913.93,12516.45,3154.13,74.94,148839.61,236382.14,87542.53
2315,2020,Aurangabad,Cotton,Kharif,Black,Canal,4.36,685.4,28.0,69.4,6.58,18099.96,27569.56,18007.17,42447.0,16632.0,12484.29,3169.78,83.11,135239.98,263447.0,128207.03
2316,2021,Sangli,Sugarcane,Annual,Loamy,Rainfed,8.37,697.8,26.0,64.6,6.68,55702.88,78772.76,26166.86,116588.93,55137.32,31292.23,284804.35,3.25,363660.98,926774.74,563113.76
2317,2023,Sangli,Soybean,Kharif,Alluvial,Borewell,2.35,584.0,28.8,48.9,6.5,7573.75,9972.86,5506.24,11286.96,5101.44,3590.37,2480.95,47.39,43031.62,117582.15,74550.53
2318,2022,Satara,Cotton,Kharif,Black,Borewell,11.25,787.1,24.2,58.4,6.57,52111.74,72738.6,44381.17,119265.15,51360.58,30370.43,8049.03,65.36,370227.66,526124.81,155897.15
2319,2025,Solapur,Tomato,Rabi,Black,Borewell,11.65,616.3,29.4,54.1,6.82,60291.36,109274.46,56593.16,163392.06,73403.29,44219.73,119877.16,34.66,507174.05,4154695.32,3647521.28
2320,2022,Pune,Soybean,Kharif,Red,Borewell,11.35,733.6,25.5,76.8,5.66,37528.29,47251.91,22360.16,58351.68,22274.74,18458.8,12270.2,49.76,206225.57,610568.65,404343.08
2321,2023,Aurangabad,Onion,Rabi,Black,Canal,9.68,849.7,26.2,68.1,7.2,58532.25,73973.95,43464.75,105696.44,52659.44,29111.31,95673.63,18.33,363438.14,1753866.01,1390427.87
2322,2025,Ahmednagar,Onion,Rabi,Black,Rainfed,0.6,501.5,26.2,48.8,6.64,3710.32,4343.76,2159.61,6090.36,3576.87,1949.03,4021.46,25.74,21829.96,103532.11,81702.15
2323,2025,Satara,Maize,Kharif,Loamy,Drip,7.9,916.7,21.9,74.6,6.61,22560.74,50189.38,19151.39,59266.0,28159.71,15743.94,22733.24,26.74,195071.16,607786.08,412714.92
2324,2022,Ahmednagar,Rice,Kharif,Loamy,Drip,10.99,762.0,24.6,69.7,6.05,37232.25,84176.22,28787.07,91062.8,46010.18,22882.32,34683.38,30.07,310150.84,1042915.72,732764.87
2325,2021,Aurangabad,Wheat,Rabi,Loamy,Canal,5.57,555.7,25.8,65.2,6.51,14877.44,32551.45,13274.35,38813.07,14566.97,10404.43,14124.49,21.85,124487.71,308683.58,184195.87
2326,2019,Ahmednagar,Onion,Rabi,Alluvial,Borewell,4.11,685.5,24.5,52.3,5.6,21353.43,27170.02,13024.92,31824.14,18416.61,9193.81,36395.58,20.03,120982.92,729037.28,608054.36
2327,2024,Kolhapur,Wheat,Rabi,Red,Borewell,4.89,1625.2,26.1,76.5,7.27,14013.95,29167.02,12810.96,35934.18,12283.8,10013.96,13135.24,28.66,114223.87,376433.19,262209.32
2328,2024,Solapur,Sugarcane,Annual,Red,Canal,11.64,640.4,28.8,61.1,7.01,91939.87,119467.33,41898.25,170796.36,90518.01,59181.4,383470.72,3.55,573801.21,1361390.15,787588.94
2329,2023,Aurangabad,Sugarcane,Annual,Black,Rainfed,1.65,726.0,23.6,61.7,6.71,12222.38,16385.23,5879.64,24499.72,12397.5,6505.61,62829.88,2.86,77890.07,179824.12,101934.05
2330,2022,Nashik,Tomato,Rabi,Red,Rainfed,10.83,731.3,19.9,66.1,7.36,52777.57,91446.98,50199.07,112070.81,61377.33,35614.94,75114.56,27.36,403486.69,2054884.17,1651397.47
2331,2020,Nashik,Maize,Kharif,Red,Borewell,6.14,674.0,24.3,51.7,5.84,14772.61,30837.88,12252.6,40611.69,17384.0,10994.67,18556.6,23.31,126853.45,432560.37,305706.92
2332,2022,Pune,Rice,Kharif,Loamy,Drip,5.7,691.4,26.9,72.4,7.64,19146.17,39960.41,17596.62,53640.28,24433.0,12389.97,15922.74,29.37,167166.46,467597.79,300431.33
2333,2024,Ahmednagar,Sugarcane,Annual,Loamy,Borewell,5.81,578.1,24.6,59.0,6.27,46053.71,58040.97,23069.3,86485.49,43981.32,23410.98,209409.8,3.39,281041.78,710015.35,428973.57
2334,2019,Kolhapur,Wheat,Rabi,Loamy,Canal,3.08,1463.6,26.5,47.7,6.47,7519.2,15415.09,6717.73,19211.73,8930.62,5771.2,7838.6,32.64,63565.58,255832.01,192266.43
2335,2023,Solapur,Cotton,Kharif,Alluvial,Drip,5.08,450.0,27.2,74.6,6.51,26588.36,36918.46,20749.91,62679.11,21674.8,14459.98,3602.91,69.22,183070.63,249387.11,66316.48
2336,2023,Kolhapur,Maize,Kharif,Red,Canal,9.09,1410.9,25.9,70.2,5.65,25036.0,57855.53,17381.06,76947.01,25911.1,20320.51,27329.12,22.35,223451.21,610728.84,387277.63
2337,2022,Aurangabad,Cotton,Kharif,Red,Canal,7.72,653.2,27.2,60.6,8.15,38350.05,53077.62,29095.43,83313.77,39340.14,23565.16,5140.57,79.14,266742.18,406842.93,140100.75
2338,2023,Ahmednagar,Maize,Kharif,Loamy,Rainfed,7.81,403.6,20.3,77.5,5.9,21736.23,40744.07,16975.49,51100.78,23513.79,16017.6,17142.81,21.54,170087.96,369306.19,199218.23
2339,2020,Sangli,Onion,Rabi,Red,Borewell,9.23,653.4,25.6,75.7,7.17,47665.96,57617.85,35577.68,79044.45,38614.88,23831.39,61745.13,27.51,282352.19,1698744.88,1416392.69
2340,2021,Pune,Rice,Kharif,Red,Drip,3.95,502.1,22.9,56.7,6.79,13454.45,24490.43,11696.91,32488.55,16017.7,9268.04,10680.28,24.21,107416.08,258596.91,151180.83
2341,2021,Aurangabad,Rice,Kharif,Black,Rainfed,4.94,683.7,23.4,81.8,6.27,15481.57,34748.46,16171.33,38968.73,20979.81,12219.97,12246.06,25.35,138569.87,310488.4,171918.53
2342,2019,Ahmednagar,Sugarcane,Annual,Alluvial,Drip,10.36,724.9,20.2,62.9,5.75,66983.01,98780.41,30663.83,119091.55,66825.35,33433.08,409885.5,3.34,415777.22,1367603.37,951826.15
2343,2020,Pune,Onion,Rabi,Alluvial,Canal,1.06,682.7,21.8,61.6,7.08,5271.77,6968.88,3879.28,9491.64,5792.21,2790.97,8089.5,18.27,34194.76,147803.1,113608.35
2344,2021,Kolhapur,Tomato,Rabi,Loamy,Canal,1.29,1485.2,20.7,68.2,6.0,5671.98,9192.05,5747.94,13699.13,7086.97,3700.01,12360.94,27.39,45098.08,338606.34,293508.26
2345,2023,Nashik,Soybean,Kharif,Red,Rainfed,9.07,702.7,25.8,63.2,7.37,33799.99,38994.08,16533.31,48778.94,20077.36,14737.63,8322.06,44.26,172921.31,368318.57,195397.26
2346,2020,Kolhapur,Soybean,Kharif,Alluvial,Rainfed,3.08,1384.1,26.6,59.6,6.3,8041.65,10903.89,4929.02,13541.96,5762.36,5041.82,3091.45,50.84,48220.69,157167.99,108947.3
2347,2021,Sangli,Maize,Kharif,Alluvial,Borewell,4.38,660.4,29.5,59.0,7.65,11260.6,24552.2,8730.5,29166.64,13651.94,8360.72,12758.67,20.95,95722.61,267327.97,171605.36
2348,2019,Ahmednagar,Soybean,Kharif,Red,Drip,7.68,727.4,24.7,73.2,6.17,22057.22,26934.3,13329.27,38289.3,13467.0,11715.54,8891.66,37.74,125792.62,335588.31,209795.69
2349,2020,Ahmednagar,Rice,Kharif,Red,Borewell,0.58,607.5,26.8,56.2,5.82,1777.35,4227.14,1918.7,4295.2,2431.18,1122.79,1628.94,31.74,15772.35,51704.17,35931.82
2350,2019,Solapur,Wheat,Rabi,Black,Drip,1.59,466.2,27.5,79.2,7.61,4327.33,7846.31,3907.71,9043.57,4094.67,2975.47,4212.86,23.36,32195.06,98391.36,66196.3
2351,2024,Sangli,Sugarcane,Annual,Loamy,Canal,10.9,666.8,25.7,44.9,6.24,79703.95,114904.02,42936.31,162584.28,77519.88,49792.09,458463.61,3.32,527440.52,1520540.96,993100.43
2352,2020,Nashik,Cotton,Kharif,Loamy,Borewell,0.62,688.7,24.6,48.7,7.49,2907.12,3938.31,2509.81,5528.68,2675.91,1602.11,468.57,76.36,19161.94,35779.77,16617.83
2353,2021,Aurangabad,Tomato,Rabi,Alluvial,Canal,10.26,502.6,28.4,77.5,7.37,48541.78,81684.84,39416.5,90818.92,55753.91,29990.06,97508.97,20.72,346206.0,2020819.25,1674613.25
2354,2020,Satara,Rice,Kharif,Alluvial,Drip,6.31,854.6,23.5,56.0,6.36,20631.54,40865.71,19978.95,52593.78,24731.6,12726.59,19694.97,33.68,171528.16,663312.74,491784.58
2355,2022,Aurangabad,Tomato,Rabi,Alluvial,Rainfed,6.99,690.5,25.5,71.7,5.98,35063.36,56820.45,28208.37,82483.15,35107.29,21835.7,62755.27,29.04,259518.32,1822159.58,1562641.27
2356,2020,Solapur,Tomato,Rabi,Black,Canal,0.95,608.1,29.1,52.8,6.43,4013.94,7094.32,3424.6,10410.73,4318.35,3021.39,9515.14,31.22,32283.33,297025.39,264742.06
2357,2024,Solapur,Sugarcane,Annual,Loamy,Drip,10.37,692.6,26.8,52.2,6.43,64073.81,118435.96,40334.93,164195.59,83631.47,38979.12,418911.88,3.39,509650.88,1422076.85,912425.97
2358,2021,Sangli,Soybean,Kharif,Red,Rainfed,1.99,735.9,22.1,62.1,6.46,5880.98,8091.13,3959.32,8213.4,3646.36,3141.3,2220.64,50.37,32932.48,111847.83,78915.34
2359,2021,Aurangabad,Soybean,Kharif,Red,Rainfed,4.6,724.0,27.4,63.1,6.67,14454.17,17069.92,8510.46,21719.9,8917.11,7028.65,4461.28,38.99,77700.21,173964.28,96264.07
2360,2019,Solapur,Cotton,Kharif,Alluvial,Canal,11.78,419.7,30.7,53.6,6.7,47310.8,55625.02,41859.65,99631.32,49937.27,30328.26,7763.96,68.88,324692.31,534778.43,210086.12
2361,2019,Kolhapur,Wheat,Rabi,Alluvial,Borewell,1.33,1414.7,22.5,54.0,7.26,3434.83,7374.99,2772.25,8407.9,3098.87,2096.87,3643.05,25.04,27185.72,91216.97,64031.24
2362,2024,Pune,Tomato,Rabi,Alluvial,Canal,10.88,733.5,23.9,56.1,6.79,61768.86,95697.65,50072.78,124818.25,52488.53,32413.97,108047.16,25.0,417260.03,2701476.83,2284216.8
2363,2025,Pune,Wheat,Rabi,Loamy,Borewell,0.51,712.8,26.0,56.7,6.6,1658.31,3324.31,1519.87,4405.73,1618.9,1012.57,1352.31,31.78,13539.69,42978.66,29438.97
2364,2022,Ahmednagar,Sugarcane,Annual,Black,Rainfed,7.9,597.4,25.0,81.4,6.5,57054.35,78866.7,28523.46,105702.03,62706.59,29239.69,251520.8,3.06,362092.82,769191.7,407098.88
2365,2023,Pune,Onion,Rabi,Red,Drip,0.9,755.3,24.7,53.6,6.46,5666.71,7749.92,3311.2,9609.75,5047.87,2966.88,7862.47,24.64,34352.33,193707.64,159355.31
2366,2022,Nashik,Maize,Kharif,Black,Rainfed,0.79,568.6,25.5,58.0,6.55,2133.42,4346.83,1636.15,4524.99,2473.63,1401.55,2234.08,27.32,16516.58,61024.13,44507.55
2367,2021,Pune,Sugarcane,Annual,Black,Canal,9.83,923.0,21.5,72.6,6.08,73032.22,95874.96,30233.37,130653.26,77472.54,39176.77,368940.88,3.13,446443.13,1155721.76,709278.64
2368,2021,Pune,Soybean,Kharif,Alluvial,Drip,7.47,726.2,27.6,69.5,6.06,21417.82,34841.68,14545.42,33343.4,13093.84,13000.22,8880.7,50.13,130242.38,445155.28,314912.91
2369,2024,Pune,Onion,Rabi,Loamy,Borewell,10.15,699.2,25.9,65.6,7.23,58282.25,76673.07,45878.31,113151.66,58810.12,33060.02,85066.12,28.93,385855.42,2460826.41,2074970.99
2370,2020,Nashik,Wheat,Rabi,Red,Canal,1.04,658.5,28.2,62.9,6.97,2744.36,5136.29,2601.34,7498.47,2545.49,1815.33,2387.2,27.22,22341.29,64984.53,42643.24
2371,2022,Ahmednagar,Rice,Kharif,Black,Canal,4.07,621.4,23.4,64.4,6.55,13954.21,30419.94,11362.56,35111.87,14606.29,9955.73,11587.3,34.89,115410.62,404304.75,288894.14
2372,2020,Sangli,Soybean,Kharif,Black,Canal,4.36,559.8,28.9,64.6,5.8,12115.04,15802.74,8347.67,20791.46,8422.87,6821.65,5157.08,48.72,72301.43,251234.53,178933.1
2373,2019,Solapur,Cotton,Kharif,Alluvial,Borewell,1.97,540.8,26.2,62.7,6.18,8125.2,10678.78,6279.18,16108.87,9162.5,5169.04,1467.56,82.29,55523.57,120766.77,65243.2
2374,2019,Aurangabad,Rice,Kharif,Black,Rainfed,7.16,650.3,26.1,64.0,6.32,21276.78,42139.87,19411.38,55216.88,25037.56,19040.95,17954.07,32.5,182123.42,583473.94,401350.52
2375,2020,Nashik,Maize,Kharif,Alluvial,Rainfed,5.51,856.0,23.6,57.5,5.89,13315.63,28581.83,10914.23,36651.35,15750.77,9975.42,15487.98,20.78,115189.23,321863.09,206673.85
2376,2020,Pune,Maize,Kharif,Alluvial,Borewell,8.31,635.2,26.2,68.9,6.05,22178.18,40606.0,16423.63,60606.96,24348.1,14863.37,24252.44,23.18,179026.24,562275.04,383248.8
2377,2021,Satara,Rice,Kharif,Red,Drip,3.5,1118.7,23.7,61.9,6.49,12502.61,25400.65,10189.93,28445.93,14487.98,8669.41,10805.7,32.94,99696.5,355987.53,256291.02
2378,2022,Pune,Cotton,Kharif,Alluvial,Drip,2.37,657.0,24.9,73.9,6.2,11089.39,18393.78,9872.94,26402.1,11992.04,7461.28,1735.68,76.43,85211.54,132662.74,47451.2
2379,2023,Ahmednagar,Cotton,Kharif,Alluvial,Borewell,3.06,397.7,26.9,61.4,7.02,16819.33,21953.21,9998.11,33934.27,14823.23,9832.9,2052.38,79.35,107361.05,162854.68,55493.63
2380,2021,Satara,Soybean,Kharif,Red,Drip,5.48,952.8,23.0,70.4,6.51,17119.96,23931.44,10847.83,26849.68,12389.19,8434.82,6156.96,40.45,99572.92,249046.85,149473.93
2381,2024,Kolhapur,Cotton,Kharif,Loamy,Canal,9.33,1530.6,25.1,55.6,5.2,47791.68,69891.86,41086.71,98502.22,41968.54,31795.1,7055.3,76.75,331036.1,541523.33,210487.23
2382,2021,Aurangabad,Rice,Kharif,Alluvial,Canal,2.09,699.8,25.8,63.0,6.51,7466.73,15270.44,6325.61,16418.29,8234.72,3975.11,5698.15,32.64,57690.91,185959.79,128268.88
2383,2019,Ahmednagar,Sugarcane,Annual,Loamy,Drip,7.11,527.6,23.0,52.3,5.39,47823.32,59738.25,20917.95,94941.32,49318.12,23203.71,263136.22,3.08,295942.68,811521.86,515579.18
2384,2021,Sangli,Soybean,Kharif,Alluvial,Drip,4.0,683.2,27.7,68.3,7.94,11334.72,15769.22,7555.23,20648.55,7295.33,6325.98,5147.38,36.86,68929.02,189707.94,120778.91
2385,2019,Kolhapur,Onion,Rabi,Red,Canal,6.57,1541.2,25.0,59.6,6.63,28351.06,42800.49,22428.62,65499.77,26371.47,17007.62,52802.2,20.8,202459.04,1098453.03,895993.99
2386,2021,Aurangabad,Soybean,Kharif,Black,Rainfed,10.17,797.5,28.6,80.1,6.2,31711.48,37730.69,17913.29,49479.0,20203.12,18325.24,10792.15,43.73,175362.82,471907.85,296545.03
2387,2020,Aurangabad,Maize,Kharif,Loamy,Canal,8.74,886.4,26.2,56.3,6.06,21429.53,36222.59,13658.12,48331.27,23032.81,15245.23,32507.36,22.33,157919.55,725861.83,567942.27
2388,2024,Sangli,Onion,Rabi,Black,Canal,7.03,596.5,24.7,52.9,6.46,39942.24,55744.28,33482.18,77637.21,41885.76,22902.54,51797.36,22.91,271594.22,1186933.59,915339.38
2389,2025,Solapur,Rice,Kharif,Black,Drip,10.25,637.4,27.3,66.1,7.52,40973.09,68281.7,37394.56,117335.96,42395.72,33221.57,32869.33,37.62,339602.6,1236693.1,897090.5
2390,2021,Aurangabad,Tomato,Rabi,Alluvial,Rainfed,6.32,749.6,25.1,70.2,6.94,26556.25,44186.76,27752.77,74308.0,36042.77,21089.91,61949.25,27.25,229936.46,1688285.52,1458349.06
2391,2021,Solapur,Maize,Kharif,Red,Borewell,2.42,437.3,29.5,44.2,6.36,6142.85,13132.66,5511.58,15651.28,5743.21,4100.32,7573.56,25.13,50281.9,190290.05,140008.15
2392,2022,Pune,Maize,Kharif,Loamy,Borewell,5.26,526.9,26.1,58.1,6.49,14207.68,27286.3,11630.04,31743.62,14583.67,10969.89,14752.84,23.08,110421.21,340435.71,230014.5
2393,2025,Aurangabad,Tomato,Rabi,Red,Canal,7.78,899.0,27.0,64.0,5.69,41854.46,68643.01,36695.38,94723.63,46468.18,24940.31,86424.31,30.59,313324.97,2643851.55,2330526.59
2394,2022,Solapur,Onion,Rabi,Loamy,Canal,4.94,720.6,25.6,53.7,6.45,30790.59,35607.7,22400.76,47901.51,29383.13,15019.68,40645.0,25.13,181103.38,1021264.11,840160.74
2395,2025,Satara,Wheat,Rabi,Black,Borewell,7.56,1053.6,27.2,50.4,6.77,23363.44,43383.82,18611.25,61800.3,26769.61,15196.57,23298.1,25.54,189124.99,594992.56,405867.57
2396,2023,Kolhapur,Tomato,Rabi,Loamy,Rainfed,2.49,1334.0,21.8,78.9,6.29,12176.53,18398.24,11008.29,27039.66,13580.74,7727.88,21936.08,23.84,89931.34,522870.27,432938.93
2397,2021,Ahmednagar,Maize,Kharif,Red,Drip,11.54,603.9,28.4,54.8,6.13,31487.4,58296.49,24050.45,64642.88,33484.07,20582.54,36001.18,20.76,232543.83,747540.14,514996.31
2398,2025,Solapur,Maize,Kharif,Black,Rainfed,11.46,600.5,28.5,69.2,6.47,35574.25,73131.36,20265.53,81614.76,33236.14,25983.35,34432.43,23.94,269805.4,824387.48,554582.09
2399,2025,Ahmednagar,Cotton,Kharif,Alluvial,Borewell,7.4,567.7,27.0,71.0,6.33,36720.93,53799.05,33425.85,84597.79,39789.49,22759.17,5263.41,63.02,271092.28,331714.55,60622.27
2400,2022,Ahmednagar,Tomato,Rabi,Black,Drip,11.72,588.3,25.9,68.7,6.17,61464.91,91576.89,48986.25,138171.6,60013.3,34491.76,120872.93,28.76,434704.71,3476418.66,3041713.95
2401,2021,Ahmednagar,Soybean,Kharif,Alluvial,Rainfed,5.39,442.4,25.4,56.6,6.52,15442.15,21330.86,10162.96,23343.32,10869.37,9973.33,6193.72,51.84,91121.99,321104.25,229982.26
2402,2025,Satara,Maize,Kharif,Red,Borewell,3.89,920.8,21.0,66.8,6.57,10879.44,23490.07,9544.65,31510.47,13619.34,8803.56,9523.03,23.54,97847.53,224213.55,126366.02
2403,2020,Satara,Rice,Kharif,Alluvial,Rainfed,7.16,982.1,24.4,55.1,7.82,23161.92,47213.83,17411.09,51437.91,28691.6,15342.09,19240.28,31.99,183258.44,615550.01,432291.57
2404,2021,Ahmednagar,Sugarcane,Annual,Black,Borewell,6.34,630.2,23.3,70.4,6.39,42555.66,60242.52,19978.01,79469.03,45296.8,26776.8,234273.19,2.09,274318.82,490650.74,216331.92
2405,2022,Satara,Tomato,Rabi,Loamy,Borewell,3.58,856.5,23.0,70.7,6.12,16024.45,23671.37,13857.78,39703.15,19306.23,10719.25,38958.17,25.06,123282.23,976429.24,853147.01
2406,2022,Nashik,Soybean,Kharif,Red,Canal,2.84,793.0,23.4,55.3,6.75,9047.74,10577.54,5527.82,14728.57,5435.34,5321.77,3655.49,51.18,50638.78,187079.76,136440.97
2407,2025,Sangli,Maize,Kharif,Alluvial,Canal,9.54,638.3,25.3,53.2,6.5,27942.92,58498.48,21389.48,81771.73,30941.37,21703.55,32109.67,28.51,242247.53,915402.24,673154.71
2408,2023,Sangli,Tomato,Rabi,Black,Canal,8.73,694.9,25.8,83.7,6.44,45100.55,71006.81,34657.05,115054.73,52195.4,26792.22,87243.27,34.97,344806.77,3050779.12,2705972.36
2409,2020,Pune,Sugarcane,Annual,Red,Drip,6.18,727.0,26.6,49.0,7.14,42508.56,48559.87,22690.98,84780.67,40856.83,23396.03,191876.72,3.04,262792.95,583062.76,320269.81
2410,2021,Solapur,Onion,Rabi,Black,Borewell,1.24,576.9,25.6,57.2,5.8,6958.39,8808.23,5107.94,13890.01,5856.32,3153.74,9930.48,26.84,43774.63,266503.38,222728.75
2411,2020,Satara,Rice,Kharif,Loamy,Drip,3.11,922.1,25.0,51.5,6.91,9457.22,22929.69,8559.24,24767.54,10286.35,6968.7,10058.16,29.81,82968.73,299851.57,216882.83
2412,2021,Satara,Wheat,Rabi,Loamy,Rainfed,2.1,893.6,21.0,43.5,6.04,5736.37,11035.49,5580.59,13411.86,5792.06,3827.17,4565.36,23.32,45383.53,106442.21,61058.68
2413,2024,Sangli,Onion,Rabi,Red,Borewell,9.67,653.8,24.2,56.2,6.16,54798.37,86616.26,39765.07,94822.95,54761.35,27686.64,76971.63,21.72,358450.63,1671806.62,1313355.99
2414,2021,Kolhapur,Maize,Kharif,Loamy,Borewell,9.09,1323.0,25.9,76.4,7.15,22901.5,52937.59,21206.59,60536.33,24567.45,19061.78,24524.82,21.24,201211.24,520956.2,319744.96
2415,2022,Kolhapur,Wheat,Rabi,Red,Drip,2.69,1482.7,21.7,40.5,6.47,8695.41,15006.61,6971.96,19384.72,8340.16,5478.08,6916.53,26.4,63876.94,182588.96,118712.02
2416,2022,Nashik,Tomato,Rabi,Black,Canal,4.25,690.5,26.6,56.5,7.19,21678.37,30734.21,17546.48,47315.3,23052.83,12434.61,36619.46,21.8,152761.81,798438.71,645676.89
2417,2025,Sangli,Rice,Kharif,Black,Drip,9.0,667.4,26.6,61.2,7.03,33216.66,72527.94,31598.23,89720.64,47421.67,27141.65,28630.74,29.65,301626.78,848902.31,547275.53
2418,2023,Ahmednagar,Onion,Rabi,Loamy,Borewell,3.83,611.1,23.9,76.4,6.66,23829.6,26331.8,11898.8,41973.59,18976.65,12080.01,29581.51,24.75,135090.46,732072.26,596981.8
2419,2024,Aurangabad,Wheat,Rabi,Loamy,Borewell,7.98,621.4,25.1,48.7,5.96,24862.12,44912.1,20110.31,63341.68,18951.0,19682.36,18974.91,36.21,191859.57,687061.02,495201.45
2420,2022,Kolhapur,Wheat,Rabi,Alluvial,Rainfed,7.75,1414.7,25.4,63.4,7.81,21762.5,46866.33,20596.94,51799.66,21945.56,17537.53,19003.71,24.88,180508.51,472789.61,292281.1
2421,2025,Solapur,Sugarcane,Annual,Loamy,Canal,0.69,698.1,28.3,56.8,6.57,5521.34,8197.62,2603.25,10761.78,5812.59,2579.52,26015.34,4.56,35476.12,118634.17,83158.05
2422,2025,Nashik,Onion,Rabi,Red,Borewell,10.26,907.2,27.2,44.1,6.08,63881.67,77515.3,40198.43,120419.72,50404.22,32913.6,69824.63,26.21,385332.93,1830439.54,1445106.61
2423,2020,Nashik,Tomato,Rabi,Black,Canal,11.09,663.0,20.9,48.4,5.82,53619.54,70553.94,46654.18,100811.12,48563.44,31147.73,98591.11,28.77,351349.95,2836374.95,2485025.0
2424,2023,Satara,Cotton,Kharif,Loamy,Borewell,11.7,924.0,26.5,68.9,6.01,64050.82,79043.05,42492.15,109969.37,62114.42,37912.75,8412.84,64.96,395582.57,546501.42,150918.85
2425,2021,Aurangabad,Wheat,Rabi,Black,Rainfed,8.64,863.9,28.8,47.2,7.43,25554.54,47812.52,19202.14,59820.12,22719.0,17345.11,21239.02,30.76,192453.44,653214.9,460761.45
2426,2021,Aurangabad,Sugarcane,Annual,Black,Canal,3.9,641.5,22.1,61.4,6.58,27440.56,32761.39,13617.33,50151.03,27715.11,12816.71,139525.64,2.91,164502.13,405742.47,241240.34
2427,2021,Sangli,Cotton,Kharif,Alluvial,Rainfed,4.17,915.6,28.3,71.7,7.06,19746.92,21703.27,14841.69,41680.9,19409.43,11942.02,3299.26,60.02,129324.23,198014.19,68689.97
2428,2021,Ahmednagar,Cotton,Kharif,Alluvial,Borewell,8.36,851.2,25.6,56.9,6.24,36960.2,55570.92,31819.47,71422.11,38924.25,23930.13,6862.09,65.92,258627.09,452372.8,193745.71
2429,2021,Aurangabad,Wheat,Rabi,Alluvial,Rainfed,5.33,608.8,27.2,50.1,8.0,15292.92,29076.94,12730.32,38101.7,13579.43,9888.75,10989.32,27.13,118670.05,298167.14,179497.08
2430,2024,Solapur,Rice,Kharif,Black,Borewell,1.02,681.9,26.3,69.2,7.64,3717.86,6884.51,3589.47,9872.51,4455.76,2753.86,3519.25,33.24,31273.96,116972.57,85698.61
2431,2019,Ahmednagar,Soybean,Kharif,Black,Drip,7.45,518.2,30.1,65.8,7.25,21183.11,27619.45,11753.59,36272.58,12625.3,10727.91,8422.56,36.14,120181.94,304391.37,184209.43
2432,2022,Aurangabad,Maize,Kharif,Alluvial,Canal,10.72,741.5,27.9,64.2,6.98,30598.6,59860.89,22541.04,73123.28,34630.32,17792.81,34385.08,19.4,238546.93,667043.16,428496.23
2433,2025,Satara,Sugarcane,Annual,Loamy,Rainfed,6.44,1088.2,26.4,52.8,5.84,50203.13,69811.0,26222.17,87828.19,56502.74,29653.76,245258.97,3.45,320220.98,845749.86,525528.88
2434,2021,Solapur,Rice,Kharif,Black,Drip,6.57,406.0,24.0,52.4,7.15,22553.51,45618.57,19638.57,47347.81,25479.0,16740.36,16317.82,36.3,177377.83,592292.62,414914.79
2435,2023,Sangli,Rice,Kharif,Black,Canal,11.09,677.6,28.7,61.6,5.51,41099.79,77926.36,34693.67,98635.23,54077.27,29844.52,31354.1,40.22,336276.83,1261146.18,924869.34
2436,2022,Sangli,Cotton,Kharif,Black,Drip,9.83,570.2,28.2,81.4,6.31,47395.24,56139.92,34451.58,96782.63,48162.26,31046.74,7720.8,57.3,313978.38,442372.93,128394.55
2437,2025,Nashik,Cotton,Kharif,Loamy,Rainfed,5.33,1040.4,24.4,59.0,7.74,27143.74,35576.61,25243.9,62789.19,30982.85,18590.54,4153.25,65.12,200326.84,270452.0,70125.16
2438,2021,Kolhapur,Soybean,Kharif,Red,Rainfed,3.19,1526.3,24.1,61.0,6.82,8928.77,12483.19,5941.82,16579.51,5541.28,5661.48,3136.09,38.16,55136.05,119679.36,64543.3
2439,2020,Aurangabad,Onion,Rabi,Loamy,Canal,5.47,749.3,24.4,56.5,5.43,31922.17,41402.71,21290.48,50955.45,25356.56,14402.19,42748.1,24.41,185329.56,1043675.15,858345.59
2440,2023,Kolhapur,Maize,Kharif,Black,Borewell,1.32,1300.9,24.9,49.7,6.66,3789.89,8129.1,3016.52,9682.82,4014.44,2555.7,3931.2,23.93,31188.47,94066.36,62877.89
2441,2021,Kolhapur,Maize,Kharif,Black,Borewell,3.1,1361.5,29.2,56.3,7.36,7936.68,17124.62,6550.88,17422.95,8730.79,5747.24,9431.56,20.53,63513.15,193652.33,130139.18
2442,2025,Pune,Soybean,Kharif,Loamy,Drip,5.97,821.2,21.3,70.4,7.34,19243.42,28599.14,13927.79,31109.76,13344.1,11051.49,7772.11,55.14,117275.7,428566.98,311291.28
2443,2022,Kolhapur,Cotton,Kharif,Alluvial,Rainfed,1.71,1355.8,23.9,67.9,6.69,7378.46,11078.74,7244.67,17609.35,7262.77,4622.33,1145.78,80.5,55196.32,92240.15,37043.83
2444,2019,Satara,Soybean,Kharif,Alluvial,Drip,2.45,907.6,24.6,59.3,6.18,6965.9,8170.27,4262.06,10671.42,3925.74,4026.34,3307.24,43.3,38021.74,143190.9,105169.16
2445,2024,Kolhapur,Rice,Kharif,Loamy,Borewell,4.21,1440.5,24.0,42.0,6.42,13879.09,36669.99,14913.72,35258.7,19956.01,11969.32,13332.65,31.46,132646.82,419506.06,286859.23
2446,2022,Sangli,Onion,Rabi,Black,Canal,8.13,475.7,26.6,61.8,6.29,48471.59,61951.06,32396.0,80547.97,38623.09,23849.72,58030.56,21.03,285839.43,1220351.99,934512.56
2447,2021,Solapur,Onion,Rabi,Loamy,Drip,2.14,695.9,23.0,58.3,5.52,11898.3,14801.04,6379.18,21252.78,9270.91,6221.33,17764.36,21.13,69823.54,375330.06,305506.52
2448,2020,Aurangabad,Sugarcane,Annual,Red,Borewell,6.31,704.5,24.5,45.1,7.18,39881.33,62616.69,22132.01,81595.32,46098.62,24753.52,209286.26,3.66,277077.5,766990.21,489912.72
2449,2019,Sangli,Cotton,Kharif,Black,Borewell,11.83,522.4,25.2,61.6,6.05,48283.27,68995.9,41330.71,114944.97,48486.49,27880.72,8541.36,71.35,349922.06,609458.02,259535.96
2450,2020,Nashik,Onion,Rabi,Alluvial,Canal,1.55,676.7,20.2,60.8,7.33,8461.75,9274.15,5353.81,14367.62,7106.88,4850.33,10672.97,21.34,49414.55,227741.78,178327.23
2451,2022,Solapur,Cotton,Kharif,Loamy,Rainfed,7.99,548.7,27.4,75.7,6.1,36058.92,54848.11,31400.39,75874.27,36084.17,22637.3,5285.51,80.92,256903.16,427701.15,170797.99
2452,2023,Ahmednagar,Maize,Kharif,Alluvial,Borewell,5.24,670.8,27.4,47.7,6.48,15330.61,30204.76,12991.48,35958.35,14486.2,10117.21,16313.64,21.5,119088.6,350722.44,231633.84
2453,2025,Pune,Tomato,Rabi,Alluvial,Borewell,3.25,820.2,25.8,56.2,6.89,16472.26,25485.24,13569.78,40392.35,21711.37,11459.37,38084.82,32.62,129090.37,1242279.99,1113189.62
2454,2023,Sangli,Soybean,Kharif,Red,Borewell,5.74,684.0,26.7,62.5,6.81,17399.38,27160.08,11494.33,29552.3,13428.73,9604.44,6591.65,51.17,108639.26,337279.98,228640.72
2455,2022,Nashik,Rice,Kharif,Red,Drip,8.05,509.4,26.5,66.9,7.45,31308.1,57889.34,24040.55,66782.6,30264.79,18585.5,20484.18,30.39,228870.89,622507.04,393636.14
2456,2020,Kolhapur,Rice,Kharif,Red,Borewell,11.52,1444.9,27.6,57.1,6.96,38163.19,76600.39,35946.26,86310.74,42034.92,27262.34,31206.98,28.47,306317.84,888540.75,582222.91
2457,2025,Solapur,Tomato,Rabi,Red,Borewell,11.83,783.5,28.2,54.6,7.14,56460.19,109976.83,55362.49,140476.72,61205.16,38077.26,111922.43,28.65,461558.64,3206404.81,2744846.17
2458,2025,Solapur,Cotton,Kharif,Alluvial,Rainfed,6.4,573.9,24.7,55.2,7.16,36016.36,45027.7,25332.74,79989.46,30545.43,20115.4,4121.69,75.39,237027.1,310736.57,73709.47
2459,2020,Sangli,Onion,Rabi,Loamy,Borewell,4.32,628.8,25.9,64.8,6.29,22500.8,33154.83,17174.41,40789.78,20171.3,12011.07,34726.85,25.09,145802.21,871153.04,725350.84
2460,2025,Kolhapur,Sugarcane,Annual,Loamy,Drip,3.6,1391.3,19.4,56.9,6.53,28007.92,37107.61,13762.5,53556.14,25805.98,13495.96,126558.15,3.48,171736.12,440909.67,269173.55
2461,2021,Sangli,Maize,Kharif,Black,Canal,10.93,778.5,27.5,46.4,5.58,29046.89,52426.17,22835.9,75499.0,29667.36,18814.45,33869.51,15.45,228289.77,523353.09,295063.32
2462,2024,Ahmednagar,Sugarcane,Annual,Black,Borewell,10.19,630.1,23.4,46.6,7.77,68868.17,119445.71,39997.9,136300.67,85569.32,46391.58,334974.72,2.78,496573.34,930520.56,433947.22
2463,2022,Sangli,Tomato,Rabi,Red,Rainfed,10.03,725.4,24.2,61.2,6.3,48340.77,76549.79,37645.28,98983.59,48674.18,31362.96,95098.91,28.02,341556.58,2664775.7,2323219.12
2464,2023,Ahmednagar,Soybean,Kharif,Black,Borewell,10.87,446.7,27.3,66.0,6.66,38130.29,47127.76,22931.44,52098.53,18460.55,20197.14,12312.87,53.9,198945.73,663640.68,464694.95
2465,2023,Solapur,Wheat,Rabi,Red,Drip,10.77,375.8,24.4,61.6,6.4,35165.15,59167.07,27514.62,76830.07,34118.7,27482.63,23470.43,27.54,260278.25,646348.0,386069.76
2466,2021,Nashik,Sugarcane,Annual,Black,Borewell,8.92,829.9,25.7,66.5,7.57,57805.74,77894.83,30362.79,123075.72,57560.4,35398.61,339026.27,2.88,382098.09,977035.77,594937.67
2467,2022,Ahmednagar,Soybean,Kharif,Alluvial,Drip,11.11,592.2,23.4,62.9,6.73,35244.28,47355.53,20968.41,53349.85,21912.75,19500.6,14312.72,53.25,198331.4,762087.5,563756.09
2468,2024,Aurangabad,Maize,Kharif,Red,Canal,11.5,673.6,23.5,63.4,6.81,34621.54,73862.29,24415.05,83059.7,38138.8,23434.53,33622.34,25.98,277531.92,873546.89,596014.97
2469,2019,Kolhapur,Maize,Kharif,Black,Drip,4.05,1131.3,25.9,61.4,7.22,9434.34,19081.25,7210.06,28022.93,10402.51,6734.38,12152.7,21.12,80885.48,256677.42,175791.94
2470,2020,Aurangabad,Sugarcane,Annual,Loamy,Drip,5.53,587.3,24.3,68.7,5.69,35290.83,52680.84,18836.63,72315.38,35983.82,18234.12,205581.57,2.91,233341.62,598524.4,365182.78
2471,2023,Aurangabad,Maize,Kharif,Black,Canal,9.25,625.5,26.8,57.3,5.54,25593.53,57172.25,20806.26,68873.97,34098.02,20458.67,29207.81,21.52,227002.69,628608.3,401605.61
2472,2022,Satara,Maize,Kharif,Black,Rainfed,7.72,680.8,26.2,46.6,6.89,20975.6,44363.08,16234.96,55379.61,23441.86,14090.12,22507.55,21.67,174485.23,487805.02,313319.78
2473,2025,Sangli,Wheat,Rabi,Loamy,Borewell,5.81,661.1,25.2,60.8,6.41,19563.98,38755.99,17727.25,40792.39,16698.35,14480.2,14098.09,32.17,148018.16,453566.77,305548.62
2474,2021,Sangli,Rice,Kharif,Black,Rainfed,8.91,472.0,28.2,70.1,6.13,29461.41,62618.24,25043.0,79581.29,30913.74,23628.85,21002.48,33.43,251246.54,702152.58,450906.04
2475,2025,Aurangabad,Sugarcane,Annual,Black,Canal,9.77,716.4,22.5,57.7,7.19,77646.39,114008.61,43431.19,160058.01,82481.74,46199.33,352273.16,3.33,523825.26,1173791.08,649965.82
2476,2021,Pune,Tomato,Rabi,Loamy,Borewell,0.92,696.6,23.1,58.2,6.75,4369.87,6860.1,3899.04,9990.08,4758.39,2533.06,7913.03,30.37,32410.54,240307.62,207897.08
2477,2019,Nashik,Tomato,Rabi,Red,Canal,5.98,564.8,25.1,59.6,6.36,26366.52,39721.48,20778.6,61329.8,31618.15,14162.52,50217.65,27.73,193977.07,1392709.19,1198732.12
2478,2021,Ahmednagar,Rice,Kharif,Loamy,Canal,10.86,701.2,19.2,66.0,6.8,36377.82,76427.55,28229.4,80351.53,52410.97,25654.03,26772.36,35.16,299451.3,941239.54,641788.24
2479,2025,Satara,Maize,Kharif,Loamy,Drip,3.64,975.1,26.3,65.9,6.97,11527.24,21643.12,8870.62,27227.79,13409.1,6063.39,11820.99,23.18,88741.26,274053.48,185312.23
2480,2021,Nashik,Cotton,Kharif,Black,Borewell,3.87,616.8,24.1,61.8,6.78,18070.76,22036.63,13907.98,37852.69,17686.61,10018.29,2889.11,80.07,119572.96,231332.1,111759.13
2481,2025,Satara,Sugarcane,Annual,Alluvial,Canal,3.05,1026.8,26.3,68.3,6.68,24471.58,31537.44,11486.9,45315.89,23899.46,13698.07,126645.4,4.16,150409.34,526628.71,376219.38
2482,2021,Aurangabad,Cotton,Kharif,Loamy,Canal,9.48,672.2,26.0,84.9,6.72,41692.93,61028.46,32033.18,96351.09,40886.38,22871.26,6460.35,61.26,294863.3,395734.49,100871.19
2483,2025,Pune,Cotton,Kharif,Red,Drip,9.78,458.8,25.2,59.2,7.23,55768.98,71957.06,39032.1,105105.62,50269.95,31858.36,6184.92,74.69,353992.07,461932.0,107939.93
2484,2020,Pune,Cotton,Kharif,Alluvial,Canal,8.97,736.0,25.3,69.8,5.95,36258.91,55348.2,35596.95,79843.76,43209.03,21302.57,7035.33,78.18,271559.42,550004.29,278444.86
2485,2024,Kolhapur,Cotton,Kharif,Red,Canal,11.66,1466.7,26.8,63.2,6.75,54567.77,88700.0,49573.3,143741.3,55889.19,34426.52,8208.73,73.36,426898.09,602221.31,175323.22
2486,2024,Aurangabad,Sugarcane,Annual,Alluvial,Drip,1.73,901.4,26.8,64.6,6.13,13374.21,19852.34,6484.18,29922.99,13102.74,7553.49,68972.58,3.46,90289.96,238737.87,148447.91
2487,2023,Ahmednagar,Maize,Kharif,Alluvial,Borewell,4.23,858.9,24.7,44.3,6.08,11867.46,27333.89,9034.83,29530.47,12305.44,9014.18,15437.42,20.03,99086.27,309172.68,210086.41
2488,2019,Satara,Cotton,Kharif,Red,Canal,3.11,1074.9,23.7,64.1,6.96,11672.02,18323.3,11212.88,27159.62,13402.89,8565.23,2540.58,71.65,90335.93,182030.16,91694.23
2489,2021,Pune,Maize,Kharif,Alluvial,Borewell,10.6,721.9,26.6,53.5,8.2,26378.65,58204.98,20900.95,72852.2,29826.0,16685.0,37928.2,18.88,224847.77,716158.36,491310.59
2490,2021,Ahmednagar,Sugarcane,Annual,Red,Canal,5.65,547.6,20.7,59.9,7.58,33357.83,57844.65,18957.77,73808.95,42554.65,22456.9,173255.59,3.42,248980.76,593297.79,344317.03
2491,2025,Sangli,Onion,Rabi,Loamy,Drip,4.3,812.6,28.8,61.4,6.52,26010.55,34382.46,16112.08,45174.75,24020.87,15044.39,33405.42,20.37,160745.1,680460.0,519714.9
2492,2022,Ahmednagar,Sugarcane,Annual,Loamy,Rainfed,2.18,521.2,23.8,42.3,7.86,14885.22,19707.92,7924.66,29652.33,14441.25,6893.03,73382.53,2.98,93504.39,218764.5,125260.11
2493,2020,Solapur,Rice,Kharif,Alluvial,Drip,6.59,514.3,26.4,68.4,6.77,19734.99,37441.47,18464.74,51059.6,28593.06,13420.0,20332.71,38.65,168713.85,785959.38,617245.53
2494,2021,Ahmednagar,Soybean,Kharif,Black,Drip,1.43,441.6,28.6,63.6,6.23,4402.61,5491.66,2393.61,5932.32,3113.36,2085.03,1680.88,54.75,23418.57,92028.37,68609.8
2495,2022,Aurangabad,Onion,Rabi,Black,Drip,2.21,703.8,25.3,67.4,6.43,11846.01,17742.85,8532.09,19347.62,10879.12,5606.74,17913.66,32.5,73954.42,582272.01,508317.59
2496,2024,Solapur,Soybean,Kharif,Black,Borewell,4.14,317.0,27.5,50.7,6.2,15606.11,16387.77,8370.49,18681.59,8045.17,8673.37,3800.41,50.17,75764.5,190658.22,114893.72
2497,2023,Solapur,Rice,Kharif,Black,Canal,6.01,519.7,24.2,61.0,6.52,21490.24,46930.73,19059.53,49632.2,25201.51,14782.32,17916.55,34.02,177096.53,609554.38,432457.86
2498,2022,Pune,Rice,Kharif,Red,Drip,4.64,808.0,24.1,81.8,6.83,14837.4,32678.47,15472.8,36232.94,20044.89,12561.03,14850.5,30.64,131827.53,454986.75,323159.21
2499,2024,Ahmednagar,Cotton,Kharif,Red,Drip,2.05,636.6,26.2,73.9,5.35,10225.76,13268.58,7736.86,22195.25,11141.73,5879.17,1427.11,76.46,70447.34,109120.38,38673.04
2500,2019,Ahmednagar,Sugarcane,Annual,Alluvial,Canal,8.96,403.3,28.8,67.4,6.84,56377.18,71902.43,28270.67,101684.97,55908.76,28204.67,324405.87,2.59,342348.67,839152.38,496803.71
2501,2024,Satara,Rice,Kharif,Black,Drip,7.41,882.3,24.6,62.1,6.67,27500.46,52328.98,24441.5,66676.92,35751.41,21476.45,22478.46,33.02,228175.72,742308.58,514132.85
2502,2020,Pune,Cotton,Kharif,Red,Drip,6.86,980.4,22.8,70.1,6.28,28069.17,40540.21,23222.13,61386.09,29047.75,17535.26,4940.5,61.17,199800.61,302232.7,102432.09
2503,2019,Aurangabad,Sugarcane,Annual,Black,Canal,6.3,603.7,25.6,75.2,6.81,39205.2,66331.39,21609.64,63303.96,41678.25,23973.28,241438.37,2.4,256101.72,579865.74,323764.03
2504,2022,Satara,Rice,Kharif,Black,Borewell,1.01,1104.5,25.3,51.2,6.33,3131.77,7114.17,2904.61,7462.24,4026.11,2604.9,3344.65,33.68,27243.81,112651.61,85407.81
2505,2020,Aurangabad,Rice,Kharif,Black,Drip,11.86,719.0,25.5,83.2,7.28,40062.34,89810.46,34101.23,96572.77,50912.35,24824.33,35446.19,23.15,336283.48,820625.37,484341.89
2506,2023,Kolhapur,Sugarcane,Annual,Black,Borewell,1.08,1562.6,25.4,74.0,6.49,7532.54,11831.51,3339.1,13946.8,8481.06,4317.51,50115.83,3.25,49448.51,162782.59,113334.07
2507,2025,Aurangabad,Rice,Kharif,Red,Borewell,2.22,979.3,26.9,65.9,6.34,8352.75,16188.79,7680.49,21827.22,12027.92,5421.25,7283.32,28.86,71498.42,210197.08,138698.66
2508,2025,Kolhapur,Wheat,Rabi,Loamy,Canal,2.23,1433.4,24.9,70.7,6.7,7813.42,15346.12,5863.98,16719.24,6349.14,5077.71,5753.75,25.22,57169.61,145133.74,87964.13
2509,2021,Ahmednagar,Sugarcane,Annual,Loamy,Canal,1.57,593.3,28.0,61.7,7.51,10384.88,14367.85,5224.79,18518.66,13222.26,5717.14,62855.45,2.75,67435.57,173120.69,105685.13
2510,2025,Kolhapur,Cotton,Kharif,Red,Canal,3.95,1509.6,24.0,48.6,5.45,22495.66,27204.28,17681.16,43383.98,21929.7,12151.59,3202.05,71.93,144846.36,230338.21,85491.85
2511,2024,Kolhapur,Cotton,Kharif,Loamy,Rainfed,9.32,1614.8,26.0,55.2,6.88,42426.46,59517.72,37856.76,105872.49,50124.09,32549.43,6460.87,68.67,328346.94,443696.63,115349.68
2512,2019,Aurangabad,Maize,Kharif,Alluvial,Borewell,7.72,575.1,24.6,72.8,6.67,17972.7,38570.06,15844.9,45725.2,21341.41,13614.71,23005.02,18.03,153068.98,414696.65,261627.67
2513,2020,Ahmednagar,Sugarcane,Annual,Black,Borewell,9.66,492.6,27.4,59.0,6.06,56860.61,89710.4,35261.08,111433.09,64731.89,37795.08,351474.13,2.51,395792.15,883621.93,487829.77
2514,2025,Nashik,Cotton,Kharif,Loamy,Canal,9.36,675.7,25.7,64.7,5.99,48226.72,71623.83,40179.07,110922.67,50663.09,26719.48,5643.79,73.31,348334.86,413750.93,65416.07
2515,2025,Satara,Maize,Kharif,Black,Drip,1.91,1031.7,24.9,63.6,6.61,5851.55,12391.64,5422.98,14462.29,6120.31,4216.68,6183.7,28.1,48465.43,173779.82,125314.39
2516,2023,Kolhapur,Soybean,Kharif,Alluvial,Canal,3.74,1366.9,22.4,62.2,7.28,12725.13,16645.89,7977.67,17865.07,6829.57,6098.29,4118.36,52.0,68141.63,214147.43,146005.81
2517,2024,Nashik,Sugarcane,Annual,Alluvial,Drip,2.89,764.4,24.7,61.1,6.23,23237.02,25888.96,12105.25,41501.91,21904.3,13150.41,132704.23,3.51,137787.85,466231.82,328443.97
2518,2020,Solapur,Maize,Kharif,Red,Borewell,1.58,357.7,27.7,67.2,7.88,3930.59,8926.91,3167.42,9751.71,4564.14,2672.28,3785.39,23.21,33013.04,87871.26,54858.22
2519,2023,Ahmednagar,Maize,Kharif,Red,Canal,0.57,534.1,24.6,58.6,7.45,1607.05,3735.59,1284.92,4096.44,1744.82,1084.05,1427.39,24.13,13552.87,34448.01,20895.14
2520,2025,Sangli,Sugarcane,Annual,Alluvial,Drip,1.1,642.5,26.4,78.5,6.94,9219.06,12429.88,5208.14,16986.64,9075.44,4635.41,46092.85,3.33,57554.56,153276.9,95722.33
2521,2025,Aurangabad,Cotton,Kharif,Alluvial,Canal,9.3,698.5,23.0,64.1,6.22,50037.26,63397.78,35373.61,108626.61,49602.03,31181.14,6895.65,73.16,338218.44,504477.24,166258.8
2522,2021,Kolhapur,Maize,Kharif,Alluvial,Canal,4.66,1613.3,26.1,69.1,6.23,13094.15,26154.19,9701.0,30020.94,14447.29,9410.08,15586.11,23.26,102827.65,362558.12,259730.47
2523,2022,Kolhapur,Sugarcane,Annual,Loamy,Borewell,0.78,1476.6,25.1,50.0,7.02,5627.91,6747.11,2551.89,10030.99,6340.37,3122.38,32241.66,2.37,34420.65,76339.27,41918.62
2524,2019,Sangli,Wheat,Rabi,Loamy,Canal,6.91,415.2,29.4,58.5,6.58,18176.86,36391.06,14417.0,43089.14,16718.38,10106.89,14831.45,21.05,138899.33,312149.89,173250.56
2525,2025,Aurangabad,Maize,Kharif,Alluvial,Rainfed,6.79,581.6,28.0,74.5,6.51,17660.35,46420.57,16497.54,49725.46,23995.0,14201.99,20565.86,20.31,168500.91,417649.67,249148.76
2526,2024,Satara,Soybean,Kharif,Alluvial,Canal,3.82,906.6,23.3,80.5,5.91,11480.4,17236.4,7101.27,21896.8,7769.94,6231.98,4540.4,35.1,71716.79,159354.89,87638.11
2527,2021,Pune,Onion,Rabi,Loamy,Borewell,7.31,645.1,26.7,56.3,6.87,34239.12,55212.52,26005.58,61257.71,40292.58,18799.65,55880.84,21.09,235807.16,1178789.23,942982.07
2528,2025,Satara,Onion,Rabi,Red,Borewell,9.71,941.6,22.6,52.2,6.16,61709.49,87292.48,42388.88,118290.55,59124.39,32702.04,76337.01,25.4,401507.83,1938645.74,1537137.91
2529,2019,Nashik,Cotton,Kharif,Red,Drip,6.27,830.5,29.3,52.3,6.26,25748.03,33141.34,19267.98,56998.24,28009.86,16761.4,4598.94,52.49,179926.85,241391.58,61464.73
2530,2024,Aurangabad,Onion,Rabi,Loamy,Rainfed,6.36,631.0,25.4,60.6,6.63,38309.1,57633.41,26907.94,63650.13,32980.48,21099.39,46174.07,25.29,240580.44,1167900.66,927320.22
2531,2020,Aurangabad,Tomato,Rabi,Alluvial,Borewell,0.99,607.9,26.0,81.5,6.26,4452.82,6979.16,3348.46,8464.05,4138.33,2872.74,9387.97,21.39,30255.57,200819.97,170564.4
2532,2019,Nashik,Wheat,Rabi,Alluvial,Canal,5.96,628.2,24.3,59.4,6.96,16061.56,26586.31,13636.33,35607.09,13949.52,11319.61,16520.34,22.13,117160.42,365591.34,248430.92
2533,2021,Aurangabad,Onion,Rabi,Black,Borewell,5.08,682.1,28.6,71.7,7.72,28756.7,34722.44,18065.08,42996.27,29552.17,13028.84,36632.71,25.39,167121.5,929950.9,762829.39
2534,2021,Nashik,Maize,Kharif,Loamy,Drip,5.52,736.1,21.7,66.0,7.05,15269.12,29505.15,10086.39,40563.69,14487.96,10643.49,16752.28,22.64,120555.79,379226.92,258671.13
2535,2023,Kolhapur,Maize,Kharif,Red,Rainfed,9.94,1502.5,26.9,77.2,6.12,29856.87,54561.1,19975.73,66762.63,30675.3,19176.52,25217.32,23.63,221008.14,595968.52,374960.38
2536,2021,Satara,Sugarcane,Annual,Alluvial,Canal,2.03,967.3,21.3,54.2,5.85,14637.64,19266.13,7339.98,26909.18,15168.06,8033.84,77273.26,2.02,91354.83,155995.87,64641.04
2537,2025,Ahmednagar,Wheat,Rabi,Black,Canal,10.04,627.0,25.6,55.1,7.37,32980.06,69424.91,30393.18,84385.37,28078.28,24210.62,29079.1,30.32,269472.42,881694.69,612222.27
2538,2024,Aurangabad,Onion,Rabi,Red,Drip,8.49,589.4,25.0,60.8,7.41,58020.98,60549.71,30686.29,96196.24,52225.79,26069.53,66305.72,13.2,323748.54,875235.51,551486.97
2539,2020,Aurangabad,Onion,Rabi,Loamy,Canal,8.25,777.7,26.1,62.7,6.97,40749.15,61260.02,29473.12,73006.79,36851.28,22056.59,67764.96,22.08,263396.95,1496202.01,1232805.06
2540,2024,Satara,Onion,Rabi,Alluvial,Canal,2.18,875.6,25.5,62.2,6.74,12780.05,18271.82,8036.38,23181.76,12413.82,6927.75,15128.09,27.04,81611.59,408994.27,327382.68
2541,2019,Ahmednagar,Wheat,Rabi,Loamy,Borewell,11.76,527.2,26.3,56.2,7.33,29121.22,57878.06,26514.13,76121.81,28483.07,20968.28,27712.82,25.72,239086.56,712802.0,473715.44
2542,2025,Aurangabad,Tomato,Rabi,Black,Rainfed,3.33,476.9,23.7,71.0,6.27,17216.94,29785.64,12994.91,43240.5,17585.41,10647.77,23688.81,26.47,131471.17,626961.44,495490.27
2543,2023,Pune,Onion,Rabi,Loamy,Rainfed,5.64,716.9,23.8,73.7,6.3,33619.86,42063.04,21510.68,57896.24,29305.88,15405.94,43227.46,26.62,199801.65,1150615.31,950813.66
2544,2021,Aurangabad,Onion,Rabi,Alluvial,Rainfed,8.74,790.1,25.4,70.4,6.62,48613.94,65447.8,27326.86,70764.06,45173.38,24495.48,66233.5,21.04,281821.52,1393585.43,1111763.91
2545,2023,Nashik,Rice,Kharif,Black,Drip,10.78,639.5,22.9,64.8,8.2,40568.09,74590.91,37765.75,89723.61,47452.46,31042.26,38446.13,31.76,321143.08,1221019.89,899876.82
2546,2023,Aurangabad,Rice,Kharif,Red,Rainfed,1.64,591.8,23.2,64.2,6.47,5964.82,12190.96,6571.39,15470.42,6612.17,4413.68,3903.49,32.57,51223.45,127135.34,75911.89
2547,2022,Kolhapur,Tomato,Rabi,Loamy,Drip,11.63,1421.8,26.5,71.0,6.48,58907.43,94722.77,45535.13,111048.09,72653.66,33521.82,124435.13,29.39,416388.9,3657732.04,3241343.14
2548,2020,Nashik,Onion,Rabi,Alluvial,Borewell,8.02,952.9,22.2,61.6,6.36,49255.1,52711.35,29540.1,69896.09,40539.74,20040.14,69126.66,23.56,261982.52,1628567.09,1366584.57
2549,2022,Pune,Tomato,Rabi,Alluvial,Rainfed,2.8,724.1,26.9,54.6,6.78,13025.73,25580.63,12668.65,31799.99,15377.81,7227.79,22863.68,25.37,105680.6,580015.58,474334.98
2550,2019,Pune,Tomato,Rabi,Red,Canal,4.34,705.7,25.3,66.8,5.81,14855.68,27069.46,16518.02,44399.85,18534.43,10990.97,39084.18,24.13,132368.4,943103.62,810735.22
2551,2021,Ahmednagar,Tomato,Rabi,Red,Canal,8.21,533.1,25.4,63.3,7.7,34437.01,64058.23,32656.75,79116.97,45626.74,22684.81,75511.19,26.45,278580.5,1997186.66,1718606.16
2552,2025,Satara,Sugarcane,Annual,Alluvial,Drip,1.21,1041.2,25.9,66.7,6.1,9019.97,13277.29,4120.3,18431.14,11114.17,5665.37,46947.53,3.28,61628.25,154136.0,92507.75
2553,2020,Ahmednagar,Soybean,Kharif,Alluvial,Drip,1.13,677.2,26.3,55.0,6.32,3512.4,3859.7,1805.4,5634.49,2202.99,1637.74,1483.24,41.5,18652.73,61552.44,42899.71
2554,2023,Pune,Rice,Kharif,Black,Drip,6.85,828.2,25.7,81.8,6.56,22141.03,55011.9,24341.89,68403.26,33444.35,17641.69,24154.61,27.81,220984.13,671650.77,450666.65
2555,2021,Nashik,Onion,Rabi,Alluvial,Drip,3.96,897.4,22.4,47.3,6.13,21411.75,26080.2,15620.45,37943.49,17626.54,10599.65,36744.15,29.89,129282.08,1098190.93,968908.85
2556,2021,Satara,Soybean,Kharif,Red,Borewell,2.95,1090.0,23.6,59.6,7.36,9508.65,11363.51,5756.24,15480.04,5444.54,4667.59,3851.64,52.02,52220.57,200369.6,148149.03
2557,2020,Satara,Cotton,Kharif,Alluvial,Rainfed,6.72,765.5,24.4,63.0,6.09,28031.48,40943.23,22825.27,64287.14,31912.8,16986.08,3993.6,56.48,204986.0,225558.12,20572.12
2558,2019,Aurangabad,Maize,Kharif,Loamy,Rainfed,3.15,581.4,24.3,39.8,6.78,8578.06,16286.19,5747.23,17084.52,8126.92,5547.23,8435.0,19.02,61370.16,160420.1,99049.94
2559,2022,Satara,Sugarcane,Annual,Black,Borewell,8.58,716.1,24.1,81.4,6.33,64071.53,85593.05,28542.83,116229.42,57020.21,31169.62,307284.15,3.66,382626.66,1125054.67,742428.01
2560,2020,Sangli,Sugarcane,Annual,Red,Borewell,8.19,452.9,31.0,64.8,7.08,51382.56,76949.45,28863.09,92064.21,62364.03,33086.68,274379.73,2.53,344710.02,694914.66,350204.63
2561,2020,Nashik,Rice,Kharif,Black,Drip,2.01,639.7,26.3,61.9,8.09,6353.96,11784.65,6205.45,14350.33,7359.46,4475.34,6810.97,28.77,50529.18,195938.13,145408.95
2562,2022,Nashik,Soybean,Kharif,Alluvial,Canal,8.89,662.8,25.8,64.2,6.07,28993.24,38839.98,16116.68,41448.98,16199.31,14353.62,10690.49,48.42,155951.81,517654.02,361702.22
2563,2020,Satara,Tomato,Rabi,Black,Canal,1.57,973.6,24.9,52.6,7.05,6695.78,10197.05,5932.54,13863.28,7551.44,4093.34,19254.98,26.92,48333.43,518399.49,470066.06
2564,2023,Kolhapur,Sugarcane,Annual,Black,Borewell,5.3,1563.0,24.5,62.8,6.26,37537.98,51776.45,20481.52,72916.44,38314.87,19256.47,194342.55,3.3,240283.73,641458.79,401175.06
2565,2022,Pune,Wheat,Rabi,Loamy,Borewell,8.97,680.8,24.8,72.9,6.98,25534.58,53776.4,22244.86,64895.86,24446.01,17929.23,22932.85,22.3,208826.95,511456.45,302629.5
2566,2021,Solapur,Rice,Kharif,Alluvial,Rainfed,4.22,762.6,28.0,75.8,6.32,14599.82,29763.5,12782.19,31014.11,19096.91,12151.75,11384.04,24.82,119408.28,282603.24,163194.96
2567,2020,Kolhapur,Tomato,Rabi,Black,Borewell,5.2,1448.4,26.2,64.1,6.01,20498.98,39397.58,20062.08,54681.72,28176.88,13725.63,52638.78,22.32,176542.88,1174862.19,998319.31
2568,2021,Pune,Sugarcane,Annual,Alluvial,Rainfed,10.07,767.7,18.3,68.0,5.97,71096.06,83266.5,38185.39,130405.77,79639.86,35642.28,313652.58,2.38,438235.87,747977.74,309741.88
2569,2020,Satara,Maize,Kharif,Black,Drip,1.55,762.8,23.8,56.8,7.89,3940.64,7969.43,3384.67,10095.81,4721.13,2985.82,4809.86,19.85,33097.49,95492.08,62394.58
2570,2024,Ahmednagar,Maize,Kharif,Loamy,Rainfed,11.99,631.5,25.6,68.9,7.46,37739.05,76277.12,26443.11,86482.14,40072.34,23553.27,33421.43,25.76,290567.03,861004.06,570437.02
2571,2025,Satara,Wheat,Rabi,Alluvial,Canal,11.34,1005.2,27.6,67.6,7.03,33976.71,76229.84,31211.21,97059.12,32869.51,28832.7,28209.11,25.42,300179.07,717057.56,416878.49
2572,2022,Ahmednagar,Tomato,Rabi,Red,Drip,1.35,544.9,21.6,63.8,7.37,5863.34,10498.85,5182.51,11505.94,7154.98,4148.84,12194.06,29.98,44354.45,365585.87,321231.42
2573,2021,Ahmednagar,Maize,Kharif,Black,Drip,7.08,521.9,25.9,60.5,6.9,20330.07,40948.43,15032.55,50105.02,18714.13,12357.5,24417.13,21.92,157487.69,535216.38,377728.69
2574,2020,Aurangabad,Wheat,Rabi,Alluvial,Borewell,5.26,626.1,27.8,44.7,5.2,14527.06,28619.78,10829.73,30841.2,12522.42,10180.35,14365.07,24.57,107520.54,353013.85,245493.31
2575,2023,Kolhapur,Onion,Rabi,Alluvial,Rainfed,3.53,1536.1,26.1,55.1,6.33,20309.07,28260.34,13311.63,32715.18,19378.9,12393.41,25064.32,22.08,126368.54,553513.09,427144.55
2576,2019,Solapur,Wheat,Rabi,Loamy,Rainfed,5.39,571.0,26.6,70.6,5.46,15576.05,30162.56,9863.69,37176.81,14639.41,10899.42,13501.85,21.16,118317.94,285685.16,167367.22
2577,2019,Sangli,Maize,Kharif,Loamy,Drip,7.98,472.3,27.8,71.2,6.71,19795.46,37591.88,15732.1,44104.63,20577.54,12940.32,24156.4,22.67,150741.93,547525.43,396783.49
2578,2019,Nashik,Maize,Kharif,Alluvial,Drip,9.32,733.7,27.1,47.1,7.24,22125.55,48277.7,16615.23,50663.43,20773.23,17405.28,30445.86,19.37,175860.43,589637.17,413776.74
2579,2019,Sangli,Rice,Kharif,Black,Borewell,3.01,672.6,29.0,55.7,7.11,9532.03,16973.73,9174.95,23164.29,11853.56,7944.06,10004.42,30.55,78642.62,305623.78,226981.16
2580,2025,Sangli,Sugarcane,Annual,Loamy,Drip,7.01,534.1,25.3,63.2,6.94,53906.18,82386.48,28281.85,96446.48,52776.64,31775.32,261190.47,4.78,345572.96,1249218.16,903645.2
2581,2022,Kolhapur,Wheat,Rabi,Loamy,Canal,1.16,1426.3,23.5,61.4,6.03,3607.11,5805.59,3090.84,8302.63,3021.65,2512.64,3282.95,27.48,26340.45,90212.92,63872.47
2582,2024,Solapur,Maize,Kharif,Alluvial,Rainfed,2.83,732.6,25.8,54.1,6.43,8376.56,16373.17,6802.42,22152.69,8996.41,5782.79,9133.18,26.15,68484.05,238838.78,170354.73
2583,2024,Aurangabad,Sugarcane,Annual,Red,Drip,9.22,507.5,25.7,56.9,5.85,70029.4,83764.54,40613.01,127641.56,69797.09,42508.45,325181.63,3.55,434354.04,1153431.23,719077.2
2584,2025,Ahmednagar,Soybean,Kharif,Red,Drip,5.09,807.5,25.9,60.5,6.4,19330.92,21387.64,11789.71,26446.59,10233.64,9577.27,6893.49,55.82,98765.76,384826.17,286060.4
2585,2024,Nashik,Rice,Kharif,Loamy,Canal,9.96,656.7,26.1,74.6,6.46,34727.73,79343.17,36677.47,89492.83,50484.02,26278.07,29824.76,33.7,317003.29,1005243.0,688239.71
2586,2020,Satara,Rice,Kharif,Alluvial,Drip,2.18,1023.9,28.0,56.4,6.26,6454.28,13465.03,6465.4,15993.7,9262.77,4694.75,7435.44,31.83,56335.94,236634.49,180298.55
2587,2024,Solapur,Cotton,Kharif,Loamy,Canal,11.98,579.6,26.4,54.3,6.75,60776.59,87867.2,56705.59,128663.76,60752.53,37400.7,8694.12,80.66,432166.38,701273.75,269107.36
2588,2022,Solapur,Maize,Kharif,Alluvial,Drip,1.78,443.4,28.4,56.2,6.68,4902.12,10569.35,3764.0,11402.81,4471.36,3462.71,5383.88,21.55,38572.34,116027.99,77455.65
2589,2024,Sangli,Wheat,Rabi,Black,Drip,6.69,626.1,27.2,56.6,7.8,19887.13,47084.07,19063.42,54266.15,20707.59,16091.86,19305.35,26.52,177100.24,512015.87,334915.63
2590,2020,Pune,Maize,Kharif,Black,Drip,5.71,669.0,24.4,60.8,5.78,14759.03,31899.09,11888.26,32210.14,16110.04,9340.26,16352.06,22.01,116206.82,359869.49,243662.67
2591,2021,Sangli,Maize,Kharif,Black,Borewell,11.9,651.6,29.0,61.0,7.46,33327.6,62149.96,27735.67,74367.51,32352.32,21356.27,39536.04,20.05,251289.31,792890.77,541601.46
2592,2020,Solapur,Sugarcane,Annual,Loamy,Borewell,6.83,434.0,29.3,43.9,7.07,44676.71,67284.29,22599.83,89933.27,46610.14,24762.14,228875.39,2.95,295866.38,674690.1,378823.72
2593,2023,Aurangabad,Soybean,Kharif,Alluvial,Borewell,3.04,695.4,29.1,58.2,6.27,10048.67,11987.36,5900.5,12996.51,6083.4,4844.47,3687.16,62.28,51860.9,229648.93,177788.03
2594,2024,Kolhapur,Rice,Kharif,Alluvial,Canal,8.43,1354.9,24.4,67.0,7.23,28305.99,58592.57,29577.37,83568.15,42749.78,23024.36,23558.73,37.83,265818.21,891112.92,625294.71
2595,2021,Kolhapur,Maize,Kharif,Loamy,Borewell,7.1,1290.7,26.5,68.7,7.41,19238.37,35898.05,15200.46,45629.47,21221.85,13056.82,21442.68,22.7,150245.03,486684.87,336439.84
2596,2025,Solapur,Rice,Kharif,Alluvial,Rainfed,2.18,583.4,27.6,64.2,7.28,8274.86,16147.27,7989.83,24496.03,10791.06,5946.72,5994.19,36.8,73645.76,220563.78,146918.02
2597,2024,Sangli,Onion,Rabi,Black,Drip,9.63,583.4,27.5,62.4,6.53,64043.86,79136.35,42582.45,98925.92,53316.96,30065.48,78721.41,23.74,368071.02,1869152.45,1501081.43
2598,2022,Satara,Rice,Kharif,Black,Rainfed,9.27,1183.2,26.2,54.4,6.85,35474.18,70947.44,34248.97,74113.13,43505.24,20620.39,26751.23,25.38,278909.35,678858.68,399949.33
2599,2025,Ahmednagar,Cotton,Kharif,Alluvial,Canal,9.27,471.4,24.5,62.0,6.92,47273.06,65935.63,46866.79,97034.22,51309.1,28028.64,6613.9,73.26,336447.42,484521.48,148074.06
2600,2023,Sangli,Sugarcane,Annual,Black,Drip,4.95,422.4,30.9,62.4,8.2,35282.46,46953.79,17733.08,74990.61,39686.61,21875.21,158811.92,3.85,236521.76,611798.24,375276.48
2601,2020,Satara,Tomato,Rabi,Red,Rainfed,4.04,1015.1,27.1,62.0,6.2,17783.3,32371.39,16060.95,40024.04,18443.21,10885.03,36885.35,27.71,135567.93,1022080.46,886512.54
2602,2023,Solapur,Soybean,Kharif,Red,Rainfed,1.3,524.8,24.3,56.9,5.86,4001.16,5890.97,2918.48,5785.62,2937.46,2093.62,1163.42,51.73,23627.31,60181.32,36554.0
2603,2024,Satara,Onion,Rabi,Red,Canal,10.98,804.3,26.9,77.4,6.25,64367.94,86943.31,42498.8,108593.0,61448.07,28742.75,77681.87,23.49,392593.87,1824508.95,1431915.09
2604,2024,Nashik,Maize,Kharif,Red,Drip,6.23,854.8,24.0,70.3,6.56,19556.8,38510.58,14694.87,42882.1,18994.2,11922.76,20662.91,20.88,146561.31,431518.65,284957.34
2605,2025,Sangli,Maize,Kharif,Red,Canal,7.66,813.4,30.0,66.9,6.35,19743.59,54143.17,17050.09,60022.68,25695.95,14325.15,21433.35,21.79,190980.64,467068.37,276087.74
2606,2021,Sangli,Wheat,Rabi,Loamy,Borewell,8.29,550.3,24.2,63.8,7.23,22559.48,45884.87,23547.27,64335.25,22954.87,16681.45,20868.82,27.25,195963.19,568775.02,372811.83
2607,2021,Aurangabad,Sugarcane,Annual,Red,Canal,11.02,673.9,25.8,53.8,6.35,66583.39,87232.67,37725.59,128216.17,82153.3,41298.84,368175.49,2.47,443209.96,910420.19,467210.23
2608,2021,Nashik,Wheat,Rabi,Alluvial,Drip,9.19,679.6,25.2,69.3,7.25,27078.77,51844.67,21103.85,64414.05,26895.22,16030.13,28541.26,24.39,207366.7,696216.76,488850.06
2609,2025,Pune,Rice,Kharif,Loamy,Drip,0.96,670.9,24.5,65.7,6.64,3884.17,8270.85,3358.5,8770.19,4126.12,2963.0,3064.02,29.24,31372.83,89583.59,58210.76
2610,2025,Aurangabad,Maize,Kharif,Red,Drip,7.38,704.4,25.4,66.5,5.2,21082.35,49467.95,14684.71,53408.63,24288.88,14962.38,23249.47,22.5,177894.91,523010.04,345115.13
2611,2024,Ahmednagar,Tomato,Rabi,Loamy,Borewell,6.12,682.4,24.2,59.2,7.47,31117.56,50589.2,27287.29,68052.42,34336.59,22375.83,55995.78,29.07,233758.89,1627940.23,1394181.34
2612,2025,Satara,Soybean,Kharif,Alluvial,Rainfed,9.1,831.3,24.1,76.1,5.75,30425.59,42460.75,20295.7,50450.12,23149.51,16918.29,10238.17,38.91,183699.96,398372.69,214672.73
2613,2020,Kolhapur,Soybean,Kharif,Loamy,Rainfed,3.87,1486.3,24.3,77.9,6.53,11345.35,13503.21,6393.0,18692.66,7419.71,6142.46,3937.74,47.17,63496.39,185732.03,122235.64
2614,2022,Satara,Maize,Kharif,Red,Canal,6.2,1065.7,26.0,66.8,6.29,17479.9,35675.09,13471.65,40879.51,18696.46,11459.91,19624.66,24.01,137662.52,471223.18,333560.65
2615,2024,Pune,Onion,Rabi,Black,Canal,6.98,531.0,22.9,69.4,6.44,46762.58,59794.3,23311.56,76924.81,38650.08,20254.73,50869.48,24.13,265698.06,1227333.24,961635.19
2616,2020,Aurangabad,Rice,Kharif,Loamy,Canal,2.7,886.7,24.1,41.0,6.89,8576.18,18108.26,8375.72,21349.01,11198.87,6475.26,9318.97,22.66,74083.31,211164.16,137080.86
2617,2020,Aurangabad,Rice,Kharif,Black,Canal,10.91,627.5,27.2,81.1,6.85,34158.6,68745.17,34014.53,84189.71,45056.28,28093.18,31999.94,33.34,294257.48,1066982.86,772725.39
2618,2022,Pune,Cotton,Kharif,Alluvial,Rainfed,4.47,672.1,20.7,75.1,7.35,21429.19,31714.2,19545.03,51315.19,22494.1,13320.55,2877.81,68.26,159818.25,196450.58,36632.32
2619,2023,Sangli,Sugarcane,Annual,Red,Borewell,7.58,573.4,25.7,60.6,6.51,56826.0,73149.19,32192.18,103858.22,55342.5,28375.6,261807.64,3.82,349743.69,999082.09,649338.4
2620,2023,Satara,Cotton,Kharif,Black,Rainfed,7.45,902.9,21.2,38.5,6.92,33827.16,47449.31,31856.04,76788.79,36335.34,22128.01,4627.75,68.21,248384.66,315674.67,67290.01
2621,2025,Satara,Onion,Rabi,Loamy,Borewell,2.79,856.1,22.6,55.6,6.47,16524.74,21988.4,11206.76,30117.93,14971.79,10329.0,22397.44,27.76,105138.61,621665.78,516527.17
2622,2024,Pune,Tomato,Rabi,Black,Canal,7.31,702.0,24.0,65.1,6.78,38673.25,64891.16,30210.5,102370.22,36925.93,21696.0,70944.67,28.13,294767.06,1995698.61,1700931.55
2623,2024,Kolhapur,Cotton,Kharif,Alluvial,Borewell,10.34,1439.2,27.2,75.3,7.41,52857.67,67663.97,43463.07,106709.06,52925.16,32871.93,7573.43,67.11,356490.85,508274.11,151783.26
2624,2019,Solapur,Cotton,Kharif,Black,Rainfed,6.35,760.2,28.9,55.3,7.82,28283.18,30375.88,20187.63,51899.69,25068.4,16525.3,3986.45,59.45,172340.07,236989.29,64649.21
2625,2023,Satara,Sugarcane,Annual,Loamy,Drip,6.68,1036.7,24.3,50.2,6.88,48341.7,70039.49,24038.69,96048.47,48768.0,25148.54,241913.33,3.49,312384.89,843798.62,531413.73
2626,2019,Kolhapur,Tomato,Rabi,Loamy,Borewell,8.61,1343.3,27.7,73.5,6.66,37157.68,54010.3,30312.52,81830.8,40746.7,24624.61,93798.72,21.06,268682.61,1975416.34,1706733.73
2627,2023,Pune,Tomato,Rabi,Black,Rainfed,7.64,770.5,24.3,63.5,6.29,37314.07,63410.96,35117.91,82315.96,47378.62,23124.55,60564.68,28.31,288662.06,1714464.29,1425802.24
2628,2025,Nashik,Rice,Kharif,Red,Canal,6.61,834.9,17.1,58.0,5.74,25072.11,47686.86,18288.0,64003.2,37224.43,17949.34,16969.91,38.69,210223.93,656567.95,446344.01
2629,2024,Sangli,Tomato,Rabi,Black,Canal,5.21,470.0,27.7,76.4,6.15,26513.18,40164.34,23627.91,68350.65,29815.48,17695.08,51051.21,28.4,206166.63,1449619.26,1243452.63
2630,2023,Aurangabad,Sugarcane,Annual,Black,Borewell,9.12,544.2,27.4,74.1,6.94,73269.86,85423.75,35505.46,138984.53,75991.98,32241.58,287950.15,3.33,441417.16,958868.67,517451.51
2631,2020,Pune,Tomato,Rabi,Red,Rainfed,9.67,642.0,25.0,62.8,6.78,47532.34,78805.96,37773.53,89316.31,45111.99,24293.58,69310.15,21.39,322833.72,1482248.8,1159415.07
2632,2021,Nashik,Onion,Rabi,Loamy,Rainfed,9.01,731.5,23.0,40.8,6.99,43476.89,60714.2,27723.95,88364.03,49101.33,26220.8,62876.82,26.41,295601.2,1660509.79,1364908.59
2633,2021,Kolhapur,Sugarcane,Annual,Alluvial,Canal,9.87,1648.4,24.6,68.2,7.81,65840.39,95124.81,32061.57,119797.07,81285.24,35207.91,383285.26,2.97,429317.0,1138885.51,709568.51
2634,2022,Kolhapur,Soybean,Kharif,Black,Canal,11.1,1344.0,27.5,60.1,6.39,34020.67,45306.36,24525.67,61915.13,20719.44,18622.05,13208.73,42.3,205109.32,558705.81,353596.49
2635,2025,Kolhapur,Sugarcane,Annual,Red,Drip,7.07,1412.9,20.5,47.6,7.49,56030.16,81802.95,27656.61,97195.3,58919.18,35347.71,220384.49,3.88,356951.92,855964.79,499012.87
2636,2025,Sangli,Onion,Rabi,Alluvial,Drip,1.46,496.5,24.5,51.3,7.01,9928.74,11296.03,4915.94,15595.9,9443.66,4648.32,11135.67,21.2,55828.59,236053.91,180225.32
2637,2021,Nashik,Sugarcane,Annual,Alluvial,Drip,0.84,773.3,20.9,74.2,6.13,5656.91,7343.01,3196.03,10289.15,6626.91,3375.86,33748.49,2.82,36487.87,95035.52,58547.65
2638,2019,Kolhapur,Onion,Rabi,Black,Borewell,8.26,1406.4,21.3,48.0,6.06,41957.74,60974.02,28993.3,63872.95,35105.2,19825.17,58039.63,23.32,250728.39,1353674.15,1102945.76
2639,2024,Aurangabad,Onion,Rabi,Red,Borewell,5.41,732.0,29.1,51.2,6.81,30650.96,40036.39,18706.08,58859.12,28964.48,15606.34,40601.09,31.96,192823.37,1297720.79,1104897.42
2640,2025,Kolhapur,Soybean,Kharif,Loamy,Canal,7.23,1378.3,20.5,52.0,5.64,25357.6,34141.83,15236.69,40967.39,15752.02,12634.58,7680.73,38.61,144090.11,296551.5,152461.39
2641,2021,Aurangabad,Onion,Rabi,Red,Drip,8.78,779.4,31.1,78.3,7.68,51156.05,60099.42,31376.08,80060.75,40780.5,24206.06,68681.27,21.8,287678.87,1497521.84,1209842.97
2642,2019,Pune,Onion,Rabi,Red,Canal,2.69,614.5,25.1,66.5,7.05,13277.87,18079.92,8531.42,19259.88,12618.55,6885.59,20001.19,25.12,78653.23,502519.02,423865.8
2643,2022,Ahmednagar,Cotton,Kharif,Black,Drip,3.23,501.6,25.0,42.8,6.31,15915.98,18754.45,11916.38,37651.4,17818.16,9924.21,2393.09,83.98,111980.58,200965.35,88984.78
2644,2024,Nashik,Rice,Kharif,Loamy,Canal,10.5,597.0,22.8,53.6,7.05,37675.29,79873.05,40743.95,101540.18,45855.49,28641.25,27361.47,40.81,334329.22,1116701.7,782372.48
2645,2023,Solapur,Maize,Kharif,Alluvial,Borewell,3.67,635.7,27.3,69.8,5.85,10760.96,21125.12,9000.25,26621.34,10453.02,6804.99,11114.84,17.05,84765.69,189488.88,104723.2
2646,2019,Sangli,Maize,Kharif,Alluvial,Rainfed,5.4,667.9,24.5,57.5,6.74,12788.09,30362.63,10259.64,35486.54,14352.87,10745.16,16308.53,23.15,113994.94,377540.87,263545.93
2647,2022,Satara,Onion,Rabi,Black,Drip,9.98,998.9,24.1,56.7,6.97,53148.21,71450.76,32469.6,86742.27,59247.2,30869.07,83042.18,23.25,333927.12,1930792.16,1596865.03
2648,2019,Kolhapur,Maize,Kharif,Loamy,Drip,1.35,1398.4,25.9,72.3,7.46,3358.85,6208.45,2416.9,7339.42,3497.15,2137.25,4188.5,16.33,24958.02,68385.64,43427.62
2649,2020,Satara,Soybean,Kharif,Loamy,Drip,3.69,692.6,22.1,63.8,6.97,11417.13,15035.81,6018.0,14754.9,6577.62,6037.0,4124.13,38.95,59840.46,160653.15,100812.69
2650,2021,Pune,Maize,Kharif,Red,Rainfed,8.69,736.9,31.7,59.5,5.94,22358.3,52395.6,17728.7,63952.82,25483.36,17498.17,19559.63,22.53,199416.96,440670.97,241254.01
2651,2022,Aurangabad,Sugarcane,Annual,Red,Borewell,10.55,570.4,27.3,64.2,6.58,71103.28,84357.71,41514.13,151150.6,77291.11,38896.88,361887.33,3.11,464313.71,1125894.96,661581.25
2652,2024,Sangli,Maize,Kharif,Loamy,Canal,11.98,625.7,24.7,62.7,5.66,34567.97,72956.15,28836.36,89501.92,36504.1,27011.3,39354.81,25.49,289377.81,1003279.64,713901.83
2653,2022,Kolhapur,Onion,Rabi,Alluvial,Canal,5.92,1345.5,22.8,51.6,6.29,32467.44,42399.85,22531.06,56970.83,32581.48,17901.68,48652.18,25.02,204852.35,1217332.09,1012479.75
2654,2023,Solapur,Soybean,Kharif,Alluvial,Rainfed,10.63,400.7,26.0,69.6,6.24,33537.22,43470.3,19476.85,54875.02,21188.98,20003.77,9498.75,44.42,192552.14,421906.9,229354.76
2655,2025,Solapur,Maize,Kharif,Red,Drip,2.94,508.0,29.1,64.1,7.31,8881.42,16189.44,7853.08,26513.96,9484.11,6536.73,7926.53,24.0,75458.74,190222.0,114763.26
2656,2023,Aurangabad,Rice,Kharif,Alluvial,Rainfed,8.03,540.6,23.6,46.7,6.6,27772.6,60177.32,28608.68,61832.1,41322.71,22775.91,21038.39,34.99,242489.32,736159.4,493670.08
2657,2024,Solapur,Soybean,Kharif,Red,Borewell,8.99,502.4,27.6,65.6,6.41,31270.71,39169.49,16889.1,51716.5,18833.96,16622.59,10703.26,42.99,174502.35,460102.78,285600.43
2658,2022,Pune,Cotton,Kharif,Loamy,Borewell,3.57,632.7,25.8,61.1,6.13,16591.0,23119.72,15672.67,33793.18,17029.15,10117.61,2742.38,69.45,116323.33,190464.99,74141.66
2659,2020,Nashik,Tomato,Rabi,Black,Borewell,6.6,777.9,24.6,54.9,7.31,32708.67,53088.67,28255.91,62918.83,33040.02,17040.15,61997.15,26.08,227052.25,1617065.9,1390013.66
2660,2022,Solapur,Wheat,Rabi,Red,Rainfed,0.8,846.6,28.2,62.2,6.38,2367.97,4414.02,2106.21,5597.15,2354.4,1762.88,1808.64,27.8,18602.64,50277.02,31674.38
2661,2024,Nashik,Onion,Rabi,Alluvial,Canal,9.77,630.2,24.9,63.1,6.38,59196.1,72089.45,33930.23,113412.07,54399.64,30120.53,80659.09,25.06,363148.02,2021035.91,1657887.88
2662,2022,Aurangabad,Wheat,Rabi,Red,Borewell,6.71,690.2,28.5,63.0,7.55,19649.56,37957.42,17275.79,48399.43,17942.43,12935.63,15137.88,26.32,154160.27,398473.14,244312.88
2663,2021,Aurangabad,Soybean,Kharif,Alluvial,Canal,4.18,1152.9,23.7,61.2,5.32,12541.16,17340.28,7161.05,17059.36,7283.29,7569.93,6501.71,48.22,68955.08,313481.74,244526.66
2664,2020,Sangli,Soybean,Kharif,Alluvial,Rainfed,5.67,543.3,26.9,74.6,6.38,15684.58,17018.93,11062.73,26372.4,10479.34,8110.61,6271.82,37.94,88728.6,237972.42,149243.83
2665,2023,Solapur,Wheat,Rabi,Black,Rainfed,7.09,636.1,24.0,53.8,7.15,21267.37,45816.8,19017.01,55932.2,21350.75,16633.77,15788.29,24.07,180017.91,380049.27,200031.36
2666,2024,Sangli,Rice,Kharif,Red,Drip,10.44,483.8,30.6,71.3,6.52,38547.68,76636.37,42145.58,92959.19,44446.43,31711.11,25258.49,31.11,326446.36,785901.23,459454.88
2667,2025,Ahmednagar,Soybean,Kharif,Red,Rainfed,2.98,583.4,25.4,68.1,6.68,10313.24,14361.24,6420.33,12961.45,6252.05,5918.36,2802.64,50.63,56226.67,141885.53,85658.86
2668,2021,Nashik,Sugarcane,Annual,Black,Rainfed,1.06,662.4,23.0,64.5,5.79,6436.24,8832.12,3501.93,15718.12,7718.94,4064.93,32802.2,3.67,46272.27,120262.6,73990.33
2669,2025,Sangli,Tomato,Rabi,Loamy,Borewell,10.33,562.8,27.9,69.0,6.01,55977.52,92215.45,45897.67,130923.01,56923.35,39616.44,98226.3,25.68,421553.44,2522580.85,2101027.41
2670,2025,Ahmednagar,Sugarcane,Annual,Alluvial,Drip,2.14,555.2,25.7,44.8,6.9,17476.72,22783.19,9333.8,29292.34,17539.63,9365.13,87189.09,3.9,105790.8,340340.67,234549.87
2671,2021,Kolhapur,Rice,Kharif,Red,Borewell,5.52,1414.6,24.8,60.1,7.57,18280.32,38990.09,17688.67,48352.88,23077.67,13497.6,13509.39,29.86,159887.23,403419.66,243532.43
2672,2019,Aurangabad,Cotton,Kharif,Red,Canal,6.92,625.8,25.3,69.1,6.44,31128.37,41107.49,21160.7,60579.1,29719.29,17640.95,4850.17,67.29,201335.9,326354.21,125018.31
2673,2020,Satara,Tomato,Rabi,Alluvial,Rainfed,1.67,848.1,25.0,47.7,6.49,7267.09,11687.88,6348.17,17195.85,8836.47,4915.55,13677.18,23.94,56251.02,327412.62,271161.6
2674,2025,Aurangabad,Onion,Rabi,Black,Canal,2.64,609.8,25.2,64.9,6.5,17575.54,21002.94,9885.09,25019.06,16823.81,9006.39,20690.32,28.0,99312.83,579319.67,480006.84
2675,2023,Pune,Wheat,Rabi,Black,Canal,2.91,775.8,24.8,55.1,5.95,8814.16,16865.5,7399.93,22767.69,8946.47,6277.29,8003.16,28.04,71071.03,224446.95,153375.92
2676,2019,Ahmednagar,Rice,Kharif,Black,Rainfed,3.42,646.9,24.5,63.2,6.63,10863.34,20576.04,9509.47,22746.16,13280.92,7156.48,8851.14,27.77,84132.41,245752.71,161620.3
2677,2021,Sangli,Onion,Rabi,Black,Canal,9.26,631.8,25.3,60.5,6.67,46509.07,69320.89,31260.26,95057.86,42883.93,27325.33,87677.61,24.07,312357.34,2110798.17,1798440.83
2678,2020,Ahmednagar,Rice,Kharif,Loamy,Drip,6.79,660.9,24.1,63.7,6.2,21157.83,44073.12,20487.38,48589.14,29813.35,14329.76,24030.18,25.45,178450.58,611668.79,433218.21
2679,2019,Solapur,Soybean,Kharif,Red,Canal,0.94,469.1,25.9,44.1,5.4,2883.47,3016.58,1570.72,4036.02,1645.65,1352.43,1014.03,36.46,14504.87,36975.91,22471.03
2680,2024,Aurangabad,Maize,Kharif,Red,Drip,0.68,627.0,24.0,52.4,6.79,2054.56,3661.2,1660.63,5306.87,2407.28,1308.49,2148.44,22.93,16399.03,49263.67,32864.65
2681,2023,Pune,Sugarcane,Annual,Black,Rainfed,2.88,710.5,27.7,56.3,7.18,20022.84,29636.22,11931.25,39530.2,21399.75,12498.86,90238.29,3.28,135019.11,295571.81,160552.69
2682,2019,Kolhapur,Cotton,Kharif,Alluvial,Drip,10.9,1392.9,23.4,56.2,8.2,43359.38,69678.69,40860.95,103788.43,42728.88,31041.33,7929.69,73.67,331457.66,584158.92,252701.25
2683,2022,Nashik,Maize,Kharif,Red,Drip,3.52,879.1,24.3,54.1,6.7,10000.46,19905.23,7027.36,24353.64,9842.9,6077.31,10994.66,24.17,77206.89,265757.91,188551.02
2684,2024,Aurangabad,Onion,Rabi,Loamy,Borewell,11.59,597.0,28.6,68.9,7.08,67025.97,89665.35,49974.52,109029.18,58570.28,36363.84,88196.26,22.61,410629.14,1994425.43,1583796.29
2685,2021,Nashik,Rice,Kharif,Red,Canal,11.91,661.8,24.8,55.8,7.27,36950.34,82677.23,35999.98,93780.62,54921.49,27845.83,32426.49,29.36,332175.49,951985.19,619809.7
2686,2025,Satara,Maize,Kharif,Loamy,Drip,8.24,876.4,25.0,43.3,7.81,22797.35,44617.0,19930.23,57161.7,29301.34,18350.91,28235.42,24.03,192158.54,678478.31,486319.77
2687,2021,Pune,Tomato,Rabi,Black,Borewell,8.88,888.6,24.0,56.8,7.31,44916.94,63191.81,37319.07,92805.47,47962.64,23137.11,95001.39,19.31,309333.05,1834274.97,1524941.92
2688,2024,Nashik,Rice,Kharif,Alluvial,Borewell,4.5,640.2,20.1,52.1,6.85,16275.39,31988.42,15492.02,40267.99,18197.57,11932.57,12316.49,28.18,134153.97,347021.15,212867.19
2689,2021,Kolhapur,Soybean,Kharif,Red,Borewell,4.44,1487.1,25.8,62.1,6.83,13635.96,18857.44,6830.95,22183.42,6796.01,6895.46,5404.39,49.11,75199.24,265403.85,190204.62
2690,2024,Kolhapur,Soybean,Kharif,Loamy,Borewell,2.77,1430.1,25.2,61.8,6.7,10830.52,12414.07,5970.45,14194.11,5365.12,5151.38,2990.29,50.12,53925.65,149862.63,95936.99
2691,2019,Sangli,Tomato,Rabi,Loamy,Rainfed,7.33,391.1,29.4,74.9,6.97,27906.89,49992.16,25538.2,61885.62,32641.12,18997.2,53520.68,24.89,216961.19,1332255.48,1115294.29
2692,2021,Nashik,Sugarcane,Annual,Loamy,Borewell,5.26,578.4,23.8,47.4,6.06,35307.44,50212.89,16532.38,68504.48,36862.03,18790.21,204891.69,3.1,226209.44,635017.37,408807.93
2693,2025,Aurangabad,Cotton,Kharif,Alluvial,Rainfed,6.76,534.3,27.4,64.4,6.33,36404.92,42360.35,27306.62,70512.1,37493.44,25117.02,4014.48,83.35,239194.45,334601.82,95407.37
2694,2019,Satara,Wheat,Rabi,Alluvial,Drip,8.68,719.6,24.9,65.3,7.12,21264.95,44449.65,21639.05,51419.77,21370.06,17062.98,22368.47,22.56,177206.45,504725.16,327518.71
2695,2023,Pune,Onion,Rabi,Black,Rainfed,4.7,598.1,23.9,73.3,6.93,27595.67,31762.4,18007.48,47430.44,25238.46,15947.48,29148.71,26.98,165981.92,786340.07,620358.14
2696,2020,Sangli,Cotton,Kharif,Alluvial,Rainfed,6.63,670.1,25.5,82.6,6.63,33156.17,36807.68,22750.84,59604.19,29482.31,19355.17,4136.31,44.85,201156.35,185501.06,-15655.3
2697,2023,Ahmednagar,Tomato,Rabi,Alluvial,Rainfed,4.04,655.0,26.3,69.0,6.64,20247.95,26577.96,15102.76,42605.75,22499.73,12660.21,37466.37,28.91,139694.35,1083126.34,943431.99
2698,2022,Nashik,Soybean,Kharif,Red,Drip,7.6,745.1,22.6,51.6,8.12,26352.12,31902.47,17064.24,36147.41,12778.29,12941.25,8365.96,37.11,137185.78,310469.48,173283.7
2699,2024,Nashik,Onion,Rabi,Red,Borewell,8.78,691.6,23.2,75.5,6.95,58552.79,70816.98,34314.83,76149.63,48931.82,25917.78,62802.09,24.17,314683.82,1517860.21,1203176.38
2700,2019,Pune,Soybean,Kharif,Loamy,Drip,3.89,559.5,19.6,45.6,7.36,11438.04,13432.97,6560.98,18885.66,7434.45,6274.71,4217.75,43.67,64026.82,184187.58,120160.76
2701,2019,Kolhapur,Rice,Kharif,Red,Canal,9.27,1323.2,22.7,56.1,7.9,30007.66,54567.03,23957.94,66741.96,33743.94,19210.31,22585.22,35.61,228228.85,804232.62,576003.77
2702,2025,Sangli,Maize,Kharif,Red,Canal,0.76,704.0,26.5,64.9,6.7,2322.97,4607.49,1699.17,5888.6,2765.17,1610.76,2383.28,21.5,18894.16,51229.16,32335.01
2703,2020,Pune,Tomato,Rabi,Red,Drip,1.49,598.7,23.3,72.0,6.48,6215.09,9931.73,5140.13,13264.13,6906.1,4010.87,13010.26,26.76,45468.07,348116.63,302648.56
2704,2024,Sangli,Cotton,Kharif,Alluvial,Drip,1.81,472.4,26.7,55.7,6.14,8954.78,12008.08,8566.22,18486.45,10479.02,5604.45,1320.93,64.43,64099.01,85112.86,21013.85
2705,2024,Sangli,Cotton,Kharif,Black,Borewell,6.91,632.5,26.3,67.6,6.95,36597.48,56700.84,33855.64,81213.23,34171.89,21346.79,5503.07,86.89,263885.86,478181.81,214295.94
2706,2021,Sangli,Tomato,Rabi,Red,Borewell,4.29,601.7,29.2,79.2,6.3,20600.89,37616.61,18324.7,41762.43,27008.16,12825.86,35047.37,22.74,158138.65,797090.0,638951.35
2707,2024,Pune,Cotton,Kharif,Loamy,Rainfed,2.84,705.5,23.4,72.2,7.03,14470.93,20105.84,11837.17,38247.3,17280.03,8453.99,1827.97,73.05,110395.26,133528.66,23133.39
2708,2024,Ahmednagar,Sugarcane,Annual,Red,Rainfed,4.49,526.9,19.7,54.8,7.47,33709.97,42133.58,18758.05,72919.31,38709.56,17758.97,134311.29,2.98,223989.43,400545.96,176556.53
2709,2020,Nashik,Rice,Kharif,Loamy,Rainfed,5.06,538.9,25.9,70.3,6.78,15803.18,32417.28,14283.88,41827.52,19321.66,12135.68,11314.3,31.72,135789.2,358881.99,223092.79
2710,2020,Solapur,Maize,Kharif,Alluvial,Borewell,7.28,377.7,26.1,78.4,7.47,18088.04,40793.36,14950.68,40104.44,21355.44,12036.88,22538.45,22.96,147328.84,517574.59,370245.76
2711,2021,Kolhapur,Cotton,Kharif,Alluvial,Rainfed,7.36,1330.3,24.4,46.7,6.23,33653.56,50091.06,28150.35,72403.06,32725.41,22488.22,3879.85,69.73,239511.66,270530.67,31019.01
2712,2025,Sangli,Rice,Kharif,Red,Rainfed,6.89,586.1,25.0,57.7,6.78,29272.59,51911.56,22433.29,69873.61,35730.35,19296.83,16057.21,31.71,228518.23,509129.52,280611.29
2713,2020,Satara,Sugarcane,Annual,Black,Borewell,7.12,760.5,22.0,49.7,7.67,47756.2,65399.88,21017.47,86292.87,47339.56,22747.72,232162.6,3.75,290553.7,869549.13,578995.43
2714,2019,Nashik,Sugarcane,Annual,Red,Rainfed,9.26,820.6,30.3,54.1,6.91,64407.82,77163.68,30221.54,113136.77,59706.56,34368.79,285506.16,3.0,379005.16,855359.01,476353.85
2715,2019,Ahmednagar,Tomato,Rabi,Black,Drip,8.42,586.3,26.0,66.3,7.43,35692.09,58918.3,27520.07,88167.35,38783.94,21673.59,92731.76,22.55,270755.33,2091496.36,1820741.03
2716,2022,Solapur,Tomato,Rabi,Red,Borewell,2.33,508.1,24.0,61.7,6.01,11286.46,18477.68,9856.5,28200.2,11625.31,6458.61,21747.89,28.21,85904.76,613604.82,527700.05
2717,2025,Satara,Wheat,Rabi,Red,Canal,10.39,892.4,23.9,74.4,7.37,34842.28,56669.41,28004.7,81123.18,33077.51,21684.06,22394.9,24.12,255401.14,540155.95,284754.81
2718,2020,Pune,Wheat,Rabi,Alluvial,Canal,6.17,728.9,24.2,69.8,5.51,18349.31,35112.91,15297.68,43048.78,13417.47,11760.39,16428.21,28.01,136986.53,460196.27,323209.74
2719,2022,Solapur,Maize,Kharif,Red,Rainfed,5.75,557.8,24.8,75.2,6.51,14888.41,28158.64,11627.86,44664.95,17591.26,11090.41,13206.16,20.35,128021.53,268726.19,140704.67
2720,2020,Sangli,Tomato,Rabi,Alluvial,Rainfed,10.41,763.2,21.5,40.1,6.52,44168.21,76996.7,42236.86,108851.51,51551.11,28500.29,98707.28,22.73,352304.68,2243211.14,1890906.46
2721,2024,Ahmednagar,Soybean,Kharif,Red,Canal,1.84,807.9,24.7,66.5,6.31,6062.12,7879.69,3990.41,8924.01,3964.38,3665.31,2411.68,49.32,34485.93,118951.23,84465.31
2722,2025,Pune,Sugarcane,Annual,Loamy,Rainfed,1.3,695.6,24.2,52.5,7.0,10682.22,13060.08,5349.75,19802.05,10995.41,5838.47,44232.61,3.43,65727.98,151912.01,86184.02
2723,2023,Kolhapur,Soybean,Kharif,Red,Drip,10.43,1198.0,22.5,57.7,7.22,36071.19,46044.02,18677.9,56317.5,19788.11,19122.61,11171.65,41.52,196021.32,463879.46,267858.13
2724,2019,Pune,Onion,Rabi,Black,Borewell,4.25,586.1,26.4,51.4,7.78,23737.34,26041.48,13528.35,39623.98,16942.92,10030.62,32243.3,23.63,129904.69,761869.46,631964.78
2725,2024,Ahmednagar,Wheat,Rabi,Alluvial,Canal,8.14,551.7,23.8,45.6,6.86,26115.9,52677.51,19949.26,60176.83,23325.8,19936.56,21401.01,33.84,202181.87,724280.43,522098.57
2726,2019,Ahmednagar,Wheat,Rabi,Red,Rainfed,8.14,790.6,25.6,58.4,6.52,21478.93,43621.65,19672.39,52995.18,17342.92,14174.44,18607.39,31.14,169285.51,579407.07,410121.57
2727,2023,Pune,Tomato,Rabi,Black,Borewell,1.13,746.1,23.2,55.6,6.45,5402.67,9533.57,5105.16,11245.94,6421.92,3447.62,10805.18,30.29,41156.87,327304.55,286147.67
2728,2025,Satara,Rice,Kharif,Black,Rainfed,2.49,783.5,23.4,61.4,5.28,8781.92,19351.04,9232.58,26200.07,11255.21,5560.54,6684.17,39.22,80381.36,262178.38,181797.02
2729,2023,Aurangabad,Wheat,Rabi,Loamy,Canal,9.86,703.3,27.8,60.7,5.89,30580.44,59659.24,22103.31,66992.58,27336.96,20027.13,20263.27,34.04,226699.67,689833.61,463133.94
2730,2024,Aurangabad,Tomato,Rabi,Red,Borewell,4.76,763.8,29.0,53.3,6.86,24839.27,38960.34,19915.74,64192.34,27616.63,15632.33,47460.27,28.45,191156.64,1350292.85,1159136.21
2731,2024,Solapur,Cotton,Kharif,Loamy,Borewell,11.8,567.7,25.0,74.7,7.57,59735.87,76281.26,54015.82,132016.02,55844.83,40765.37,9314.56,71.2,418659.16,663214.29,244555.13
2732,2023,Aurangabad,Maize,Kharif,Alluvial,Drip,9.07,722.6,23.0,64.1,6.33,26456.9,59725.63,22764.3,67411.71,27759.47,17880.69,28054.22,19.9,221998.69,558235.46,336236.77
2733,2024,Kolhapur,Maize,Kharif,Red,Borewell,10.65,1311.5,21.2,72.9,7.44,30538.88,70410.43,21855.32,90790.95,35922.39,19955.51,28667.3,25.46,269473.48,729877.54,460404.06
2734,2021,Ahmednagar,Cotton,Kharif,Black,Borewell,3.33,464.4,23.7,70.2,7.67,15011.38,18808.54,12589.6,33198.15,13460.41,10132.91,2416.97,66.33,103200.99,160321.17,57120.18
2735,2019,Ahmednagar,Cotton,Kharif,Loamy,Borewell,6.19,693.6,25.7,55.4,6.45,25917.48,38105.2,23943.48,54594.06,26192.06,15071.19,4960.64,65.72,183823.47,325989.05,142165.58
2736,2020,Sangli,Soybean,Kharif,Alluvial,Drip,4.13,675.7,29.1,73.2,6.45,11779.57,13435.79,6630.95,18506.86,7559.56,6728.15,4958.09,39.27,64640.87,194684.6,130043.73
2737,2022,Sangli,Tomato,Rabi,Loamy,Borewell,3.69,513.4,24.4,52.6,6.33,15767.91,30036.04,14870.9,39261.82,19595.57,11380.64,30763.15,23.23,130912.89,714680.4,583767.51
2738,2022,Sangli,Sugarcane,Annual,Alluvial,Canal,7.29,631.2,27.5,59.7,6.58,52104.17,72044.87,24051.72,102549.86,56614.49,31531.85,313701.4,3.46,338896.95,1086070.37,747173.42
2739,2020,Sangli,Onion,Rabi,Red,Drip,1.7,693.6,24.7,71.3,7.52,10411.92,12189.49,5790.87,12590.9,7935.56,4591.17,12788.46,23.71,53509.92,303237.14,249727.22
2740,2023,Satara,Soybean,Kharif,Red,Canal,4.74,1015.1,22.5,64.0,7.51,15511.71,20539.33,9516.06,25687.43,8369.08,7714.71,4846.21,51.33,87338.32,248758.7,161420.37
2741,2021,Sangli,Sugarcane,Annual,Alluvial,Drip,7.27,712.1,26.1,69.5,7.03,52231.68,61736.92,25471.79,107709.77,53513.3,29761.86,292064.78,3.15,330425.32,920639.39,590214.07
2742,2022,Ahmednagar,Tomato,Rabi,Black,Borewell,2.29,471.8,25.0,47.4,6.2,10634.37,18592.73,9623.34,24564.48,11209.98,7128.38,23569.02,27.03,81753.28,637022.78,555269.5
2743,2019,Sangli,Cotton,Kharif,Red,Drip,4.89,682.8,26.5,61.7,6.32,20371.48,30302.73,16131.13,38957.61,18888.87,13254.72,3262.13,70.31,137906.53,229368.13,91461.6
2744,2024,Ahmednagar,Onion,Rabi,Loamy,Borewell,11.3,697.3,27.4,67.6,6.88,72408.12,82335.77,44989.81,112464.68,68034.37,32999.35,98537.41,22.74,413232.1,2240331.07,1827098.97
2745,2019,Aurangabad,Maize,Kharif,Red,Borewell,0.9,700.3,24.4,60.6,7.35,2221.97,4929.43,1536.9,5960.53,2085.44,1531.23,2949.14,18.2,18265.5,53672.92,35407.42
2746,2024,Kolhapur,Maize,Kharif,Red,Borewell,3.79,1299.4,28.9,52.4,6.2,10740.83,24351.15,8319.55,26100.54,12044.54,7124.29,10542.89,24.29,88680.89,256089.93,167409.04
2747,2022,Ahmednagar,Soybean,Kharif,Alluvial,Borewell,8.59,552.7,27.0,46.0,6.99,26078.94,34444.5,18722.91,36142.16,14958.49,12357.07,10117.46,43.38,142704.08,438901.52,296197.44
2748,2025,Ahmednagar,Soybean,Kharif,Loamy,Canal,7.54,659.1,22.8,75.6,6.53,27662.06,32042.16,17028.4,39589.29,15504.5,14263.08,8754.77,42.45,146089.49,371596.69,225507.2
2749,2025,Nashik,Wheat,Rabi,Black,Rainfed,11.08,723.0,20.6,46.3,6.13,40995.32,78207.36,29980.88,94586.24,37181.94,29086.49,28307.98,25.6,310038.23,724685.01,414646.78
2750,2025,Pune,Wheat,Rabi,Black,Canal,1.56,747.7,28.2,63.1,6.95,4781.29,8630.12,4370.0,11422.75,4888.08,3608.6,4078.73,30.59,37700.84,124755.6,87054.76
2751,2021,Solapur,Rice,Kharif,Red,Drip,8.59,460.4,25.8,59.1,8.1,28637.26,56616.52,24250.36,74144.01,31564.09,22977.62,22131.83,26.98,238189.85,597214.71,359024.86
2752,2025,Kolhapur,Soybean,Kharif,Black,Canal,9.34,1510.6,27.5,59.8,6.95,32907.25,44047.84,15194.55,48477.04,20431.22,17682.36,10906.78,46.54,178740.25,507620.63,328880.38
2753,2022,Aurangabad,Onion,Rabi,Alluvial,Drip,2.68,763.4,28.3,59.2,6.63,14355.16,20252.3,10267.34,26959.0,13645.56,6652.68,23129.75,24.71,92132.05,571550.11,479418.06
2754,2019,Kolhapur,Cotton,Kharif,Red,Drip,11.71,1502.3,24.4,66.6,6.12,48963.34,63920.18,36897.2,106500.05,49333.6,28400.91,8787.4,52.77,334015.28,463748.74,129733.46
2755,2019,Sangli,Maize,Kharif,Loamy,Drip,5.81,700.9,25.9,64.4,6.38,14120.22,31670.73,11014.27,31996.08,14926.92,10282.58,17323.87,19.82,114010.81,343290.77,229279.96
2756,2024,Kolhapur,Sugarcane,Annual,Red,Rainfed,7.6,1654.5,21.3,70.1,6.64,57373.47,88502.05,32973.66,93838.41,56788.05,35042.94,232673.37,3.35,364518.58,779572.62,415054.04
2757,2019,Aurangabad,Maize,Kharif,Black,Drip,11.77,491.8,26.0,59.1,6.65,26346.95,53154.32,20849.85,74881.47,28601.56,21677.19,34990.76,17.61,225511.34,616103.05,390591.71
2758,2022,Aurangabad,Tomato,Rabi,Loamy,Drip,4.74,626.8,26.9,66.2,6.16,21913.72,37537.08,19168.01,48049.06,25526.37,14367.78,45754.93,32.25,166562.01,1475740.79,1309178.78
2759,2022,Solapur,Wheat,Rabi,Red,Borewell,7.08,500.6,31.1,70.3,6.04,21414.79,42270.47,19113.91,53656.95,16184.97,12898.32,17024.98,24.89,165539.41,423679.12,258139.71
2760,2024,Aurangabad,Wheat,Rabi,Alluvial,Canal,6.84,790.0,29.5,61.4,6.78,20313.14,40212.56,17195.96,54625.07,20164.97,14414.61,20034.21,28.25,166926.31,565997.67,399071.35
2761,2019,Solapur,Rice,Kharif,Red,Drip,2.86,500.8,25.7,60.9,5.75,7618.78,19054.36,7669.94,21245.9,11353.18,6147.08,8281.05,26.76,73089.23,221588.85,148499.62
2762,2020,Sangli,Cotton,Kharif,Black,Drip,7.92,441.4,27.2,57.5,6.92,32453.43,48305.44,26599.16,74931.99,31321.18,21746.12,5842.01,68.21,235357.33,398509.01,163151.68
2763,2024,Kolhapur,Onion,Rabi,Black,Canal,11.59,1384.9,23.0,50.0,6.15,74774.03,89419.01,50536.04,123501.45,73188.79,34071.98,86270.42,26.56,445491.3,2290943.25,1845451.95
2764,2023,Pune,Sugarcane,Annual,Loamy,Drip,7.84,800.2,26.5,59.1,5.42,53525.46,81108.65,28502.5,107056.87,57408.48,36185.16,288764.22,3.3,363787.12,952730.8,588943.69
2765,2020,Kolhapur,Onion,Rabi,Alluvial,Rainfed,1.32,1340.8,25.8,50.6,6.67,7114.8,9378.51,5001.73,12892.88,6343.44,2962.49,7952.83,22.81,43693.85,181373.68,137679.82
2766,2020,Solapur,Sugarcane,Annual,Black,Drip,7.64,572.2,28.0,67.4,6.81,49514.67,68494.93,23047.14,93995.17,45862.54,26830.87,302520.62,2.81,307745.33,849028.24,541282.91
2767,2022,Kolhapur,Cotton,Kharif,Loamy,Canal,2.92,1360.6,24.2,56.9,7.08,13881.57,18937.67,11866.83,27277.24,13625.3,8780.47,2001.84,63.75,94369.07,127626.83,33257.76
2768,2024,Kolhapur,Wheat,Rabi,Loamy,Rainfed,10.02,1417.5,26.1,56.0,6.52,33653.06,67312.4,26928.98,90834.38,30430.97,22723.74,21414.09,30.35,271883.54,649963.27,378079.73
2769,2020,Pune,Onion,Rabi,Black,Rainfed,4.42,639.8,24.1,60.3,6.56,23455.18,30587.84,16854.1,38607.57,22541.35,10563.86,30950.12,22.42,142609.9,693894.55,551284.65
2770,2020,Sangli,Cotton,Kharif,Loamy,Borewell,0.88,516.4,25.9,51.4,6.67,4030.57,5317.87,3472.31,7664.2,3721.18,2508.57,668.71,64.18,26714.68,42918.19,16203.51
2771,2024,Pune,Tomato,Rabi,Alluvial,Borewell,8.51,668.1,24.9,70.2,6.14,45196.61,75428.74,32742.39,98875.05,47044.15,27383.26,69235.41,19.96,326670.21,1381873.2,1055202.99
2772,2025,Solapur,Onion,Rabi,Loamy,Borewell,7.47,626.5,25.7,64.2,6.69,50528.18,63423.91,31484.51,69806.57,36837.41,23872.67,66064.08,28.73,275953.24,1898253.71,1622300.46
2773,2021,Ahmednagar,Onion,Rabi,Alluvial,Drip,4.57,698.0,27.9,52.1,6.07,24655.57,33598.73,14963.97,45556.45,24027.64,13377.15,36372.11,22.46,156179.51,816772.13,660592.62
2774,2021,Kolhapur,Sugarcane,Annual,Black,Borewell,6.76,1596.0,24.5,67.1,6.46,45931.53,66841.64,26455.04,92291.73,47536.5,25630.89,302735.98,1.92,304687.34,581443.18,276755.83
2775,2025,Solapur,Rice,Kharif,Black,Rainfed,9.49,450.4,24.9,58.0,6.9,38608.04,66686.64,34344.97,94844.42,47917.03,21388.41,24847.34,32.74,303789.51,813414.99,509625.48
2776,2020,Nashik,Maize,Kharif,Black,Drip,3.33,768.1,26.6,67.5,6.34,8559.24,17826.53,6560.37,20967.62,8390.75,7089.53,11819.22,21.33,69394.04,252063.47,182669.43
2777,2020,Nashik,Onion,Rabi,Red,Rainfed,4.3,671.2,24.6,61.5,8.02,21656.72,29363.5,15501.71,42273.69,21016.08,11436.4,26243.68,21.49,141248.1,563993.38,422745.28
2778,2024,Pune,Rice,Kharif,Black,Canal,2.4,650.0,25.9,66.5,7.26,8150.25,18131.57,7552.09,20092.45,11414.98,5994.01,6198.6,43.46,71335.35,269399.97,198064.62
2779,2023,Ahmednagar,Rice,Kharif,Loamy,Canal,3.87,592.8,24.5,76.3,6.9,13971.01,28954.23,12333.14,31686.06,20783.97,9929.01,11430.25,32.89,117657.43,375966.05,258308.62
2780,2019,Nashik,Rice,Kharif,Red,Drip,1.28,547.3,24.2,43.3,7.09,3924.62,7767.36,3657.12,9962.68,4941.83,2512.98,3435.47,30.26,32766.59,103963.68,71197.09
2781,2019,Ahmednagar,Rice,Kharif,Black,Rainfed,6.56,718.4,26.5,48.5,6.78,18972.03,36899.58,16788.74,48771.42,26783.88,13176.65,19098.49,25.45,161392.3,485962.96,324570.66
2782,2020,Satara,Tomato,Rabi,Black,Rainfed,10.82,944.8,19.9,54.3,7.11,43777.83,82600.59,42384.11,98061.52,53731.26,26914.52,87728.68,24.21,347469.83,2123951.11,1776481.28
2783,2024,Solapur,Tomato,Rabi,Red,Borewell,1.52,618.2,27.2,66.2,7.05,7959.31,13261.62,7426.64,16580.35,8565.41,5148.62,15054.89,27.04,58941.95,407108.01,348166.06
2784,2023,Aurangabad,Soybean,Kharif,Red,Borewell,7.21,736.4,23.8,68.8,6.66,22676.17,32870.48,14674.67,40062.85,12687.32,11330.94,8742.98,45.68,134302.44,399368.61,265066.17
2785,2022,Pune,Cotton,Kharif,Red,Rainfed,7.28,825.8,30.2,48.2,7.06,37109.79,39342.0,29102.25,77005.13,30859.65,22246.48,4017.27,67.65,235665.3,271764.98,36099.68
2786,2020,Ahmednagar,Rice,Kharif,Alluvial,Drip,5.2,511.8,29.4,69.7,7.47,18051.33,30831.18,14959.81,45008.7,21486.35,10769.69,13566.19,34.89,141107.06,473285.46,332178.4
2787,2024,Nashik,Soybean,Kharif,Black,Drip,2.11,620.6,26.1,62.5,6.48,7028.54,9172.37,4002.14,11860.11,4010.22,4321.58,2721.67,49.8,40394.97,135540.82,95145.85
2788,2025,Solapur,Maize,Kharif,Red,Drip,5.77,646.6,27.5,52.9,6.12,17031.39,35061.24,13721.84,43391.14,20425.49,11953.65,18685.03,26.11,141584.76,487929.86,346345.1
2789,2023,Kolhapur,Tomato,Rabi,Loamy,Canal,3.62,1226.0,28.0,56.0,6.71,16895.21,27323.48,14244.82,31175.94,19971.9,13182.71,32420.1,24.82,122794.05,804529.17,681735.12
2790,2021,Sangli,Soybean,Kharif,Alluvial,Drip,3.16,558.7,27.3,62.1,6.72,9526.9,13190.29,4695.0,16127.82,5251.16,4723.12,4089.54,40.74,53514.29,166614.81,113100.52
2791,2021,Kolhapur,Wheat,Rabi,Red,Rainfed,1.43,1433.6,24.3,54.6,7.1,3984.16,8482.79,3489.66,10201.22,3975.17,3212.22,3195.64,28.3,33345.23,90437.99,57092.76
2792,2022,Nashik,Wheat,Rabi,Alluvial,Rainfed,10.61,556.1,27.8,63.9,6.53,30114.66,52373.23,27705.08,86681.88,30189.32,21663.95,23361.68,28.05,248728.12,655255.67,406527.55
2793,2024,Nashik,Tomato,Rabi,Loamy,Rainfed,11.39,729.3,25.4,62.8,6.39,59762.42,87948.82,54151.94,137511.1,62201.12,34061.44,111512.8,24.47,435636.85,2729223.59,2293586.73
2794,2023,Solapur,Rice,Kharif,Alluvial,Rainfed,7.91,603.0,29.7,59.9,6.89,25782.75,58485.24,28794.34,66681.36,37830.54,20578.98,21131.04,29.92,238153.23,632323.35,394170.13
2795,2022,Solapur,Cotton,Kharif,Alluvial,Borewell,0.98,528.3,26.9,57.1,5.9,4832.31,6113.13,3792.82,8898.51,5070.01,3182.09,768.92,71.18,31888.88,54729.13,22840.26
2796,2021,Aurangabad,Onion,Rabi,Loamy,Canal,2.09,742.7,26.3,66.9,6.74,10627.84,14535.04,7056.88,19178.39,9848.05,5886.19,15872.54,23.55,67132.39,373781.21,306648.82
2797,2023,Satara,Soybean,Kharif,Red,Rainfed,9.91,871.3,25.3,63.8,6.23,38039.77,42051.99,18302.72,49273.18,18086.62,18102.91,11081.93,50.68,183857.18,561609.0,377751.82
2798,2022,Sangli,Onion,Rabi,Loamy,Canal,11.8,637.1,26.0,45.9,7.56,66440.43,81602.16,44497.53,117128.11,63981.1,35792.05,97938.57,27.28,409441.37,2671579.22,2262137.85
2799,2025,Aurangabad,Tomato,Rabi,Loamy,Borewell,5.8,575.6,24.0,68.9,7.54,32788.06,52664.47,28241.94,68420.04,32400.96,19572.49,62482.73,21.79,234087.95,1361424.52,1127336.57
2800,2024,Ahmednagar,Maize,Kharif,Loamy,Borewell,1.21,566.9,25.5,69.9,6.27,3468.61,7509.9,2970.87,9548.94,4060.51,2603.28,3825.96,18.84,30162.12,72062.28,41900.16
2801,2025,Ahmednagar,Wheat,Rabi,Alluvial,Borewell,4.05,527.9,23.8,74.1,6.93,14188.64,29504.5,10410.7,31523.75,13145.5,9485.38,10340.58,22.82,108258.46,235945.28,127686.82
2802,2021,Sangli,Maize,Kharif,Black,Borewell,5.61,624.5,30.8,60.3,6.87,16118.84,31646.79,11620.55,36771.46,14568.54,10077.75,18329.14,21.59,120803.93,395777.87,274973.94
2803,2023,Ahmednagar,Maize,Kharif,Red,Drip,5.24,593.2,28.0,65.0,7.22,15379.59,33272.87,12525.86,38513.94,18449.04,9402.02,16174.51,23.38,127543.33,378156.01,250612.68
2804,2022,Pune,Rice,Kharif,Loamy,Drip,10.02,760.3,21.1,69.5,6.06,38171.92,63349.29,31715.41,78032.1,37240.97,24807.13,32011.83,34.64,273316.82,1108963.14,835646.32
2805,2020,Solapur,Cotton,Kharif,Black,Borewell,7.24,563.9,28.6,56.0,5.86,30175.93,45464.29,24522.6,66355.06,33701.28,20228.03,5884.65,60.12,220447.19,353769.85,133322.66
2806,2021,Ahmednagar,Tomato,Rabi,Alluvial,Drip,4.65,851.7,26.1,68.6,6.6,20209.74,33343.01,17684.23,45780.22,23912.96,12281.81,47700.6,32.49,153211.96,1549970.8,1396758.84
2807,2023,Aurangabad,Soybean,Kharif,Loamy,Borewell,7.86,736.5,25.5,69.3,5.89,26892.5,33939.2,16392.49,37236.05,15330.04,13891.21,9781.79,51.93,143681.49,507971.37,364289.89
2808,2022,Ahmednagar,Tomato,Rabi,Black,Canal,5.06,508.7,25.4,71.2,5.86,24413.15,40096.6,18293.79,54356.2,29090.81,15182.82,57500.32,26.47,181433.37,1522255.44,1340822.07
2809,2021,Nashik,Rice,Kharif,Loamy,Canal,2.68,935.6,23.6,72.8,6.2,9653.15,17229.94,8037.13,20749.66,12099.06,5804.91,8222.04,36.5,73573.86,300130.99,226557.13
2810,2023,Satara,Maize,Kharif,Loamy,Drip,9.65,835.9,23.9,51.9,5.56,28204.85,61778.48,22685.87,79064.39,32829.9,20500.91,30001.56,23.92,245064.4,717750.06,472685.66
2811,2019,Aurangabad,Tomato,Rabi,Alluvial,Drip,5.24,475.2,26.9,49.1,6.55,24142.52,34301.18,18946.03,44886.42,25624.59,12173.29,48845.01,18.49,160074.02,903173.48,743099.46
2812,2024,Kolhapur,Onion,Rabi,Loamy,Rainfed,5.66,1510.0,24.2,79.4,5.95,37937.88,49096.49,23310.33,57340.18,34385.89,16236.23,44185.54,26.09,218307.01,1152660.97,934353.97
2813,2021,Kolhapur,Maize,Kharif,Alluvial,Drip,1.54,1553.4,24.9,74.0,7.41,3737.42,9185.87,3068.62,10169.16,3973.69,2771.3,5314.53,24.28,32906.06,129057.97,96151.92
2814,2019,Aurangabad,Onion,Rabi,Black,Borewell,11.32,724.5,26.7,57.4,6.49,62753.85,79795.84,33981.66,87555.72,48757.2,28523.96,97388.92,22.34,341368.22,2175597.18,1834228.96
2815,2020,Sangli,Onion,Rabi,Red,Canal,8.11,768.2,27.1,51.3,7.1,40671.04,53159.63,27553.93,79487.46,40126.38,19322.86,58621.52,27.28,260321.3,1599396.97,1339075.67
2816,2024,Solapur,Soybean,Kharif,Loamy,Canal,7.77,604.5,27.9,61.3,6.2,25709.89,29006.61,16207.01,40149.64,18585.78,14836.7,10166.69,46.38,144495.63,471564.02,327068.4
2817,2024,Solapur,Onion,Rabi,Red,Drip,1.8,575.4,24.5,54.2,7.97,10826.0,17168.06,7079.32,17226.14,9359.56,5641.09,13516.92,23.64,67300.17,319597.6,252297.43
2818,2024,Satara,Onion,Rabi,Red,Drip,4.46,930.9,23.1,40.2,7.43,26582.89,33299.58,20336.02,42485.98,23860.67,14281.31,34225.76,29.95,160846.45,1025154.2,864307.75
2819,2019,Aurangabad,Sugarcane,Annual,Alluvial,Rainfed,1.49,767.0,25.5,44.5,6.38,9549.35,14482.87,4877.82,18510.83,10314.91,5777.4,48169.0,2.74,63513.19,131795.31,68282.12
2820,2023,Ahmednagar,Tomato,Rabi,Alluvial,Rainfed,10.83,590.3,25.0,58.6,6.26,52086.65,83697.78,45529.98,135239.67,65498.49,32176.89,104779.93,30.9,414229.46,3237720.68,2823491.21
2821,2023,Aurangabad,Sugarcane,Annual,Alluvial,Rainfed,1.49,567.3,26.3,67.7,5.23,11998.73,14593.68,6372.82,18946.26,10942.1,6260.85,44006.37,3.14,69114.44,138362.78,69248.33
2822,2025,Sangli,Sugarcane,Annual,Red,Canal,5.89,566.0,28.2,55.3,6.91,49395.0,61872.26,21803.77,84133.73,52373.78,30541.25,203861.79,3.81,300119.78,777359.16,477239.37
2823,2025,Solapur,Maize,Kharif,Black,Borewell,8.01,477.5,24.3,43.9,7.08,25970.64,47179.64,20018.07,52392.23,27516.78,17834.95,24349.31,20.27,190912.31,493548.13,302635.82
2824,2024,Satara,Soybean,Kharif,Black,Canal,7.84,1026.2,24.1,63.7,7.46,26920.26,38172.45,17390.69,42098.1,15727.31,13773.01,10552.07,46.19,154081.82,487391.04,333309.21
2825,2023,Aurangabad,Onion,Rabi,Red,Canal,10.27,591.4,29.3,49.9,6.52,56528.43,80064.64,38284.75,114580.17,50990.36,31316.9,67931.59,24.33,371765.25,1652435.94,1280670.69
2826,2021,Aurangabad,Onion,Rabi,Red,Drip,8.49,666.1,25.3,52.0,6.82,47418.72,61290.36,28909.96,82385.08,42168.55,23018.95,74945.16,24.91,285191.62,1866521.72,1581330.11
2827,2024,Kolhapur,Rice,Kharif,Black,Drip,6.11,1457.7,21.4,66.0,6.16,21304.56,42623.3,19046.42,57918.52,25434.41,17185.63,18852.81,41.36,183512.82,779808.74,596295.92
2828,2025,Satara,Cotton,Kharif,Loamy,Borewell,5.21,1111.3,27.1,68.0,6.04,25374.99,34807.29,21100.34,56563.11,28154.64,16591.1,4102.14,72.49,182591.48,297368.75,114777.27
2829,2021,Kolhapur,Wheat,Rabi,Red,Drip,9.4,1292.9,20.0,73.9,7.2,26557.84,54865.05,24282.95,55851.64,21088.92,15601.34,20965.19,26.07,198247.74,546607.88,348360.14
2830,2019,Pune,Cotton,Kharif,Loamy,Rainfed,10.59,648.9,30.5,68.6,6.66,45667.67,52110.44,35534.66,95027.13,45237.66,27220.26,5896.35,60.6,300797.81,357308.13,56510.32
2831,2025,Aurangabad,Onion,Rabi,Red,Borewell,4.2,528.1,27.0,53.8,5.92,27874.49,34615.22,19154.23,48780.64,22563.03,13478.63,27775.32,29.48,166466.24,818866.93,652400.69
2832,2023,Ahmednagar,Tomato,Rabi,Loamy,Canal,3.69,529.7,27.4,60.4,6.24,17330.95,31462.9,16261.41,40155.62,18277.5,12445.46,37323.13,28.38,135933.84,1059374.47,923440.63
2833,2022,Kolhapur,Rice,Kharif,Alluvial,Drip,7.72,1460.5,23.2,61.5,6.12,26894.41,54095.52,24918.87,59569.34,31668.96,20222.22,22792.07,25.03,217369.32,570543.96,353174.64
2834,2020,Kolhapur,Sugarcane,Annual,Red,Canal,5.44,1508.1,24.0,61.7,5.63,31122.83,50045.95,15515.89,65958.19,40624.71,17295.97,212048.26,2.98,220563.53,632164.68,411601.15
2835,2019,Nashik,Wheat,Rabi,Alluvial,Borewell,9.19,895.8,25.4,81.2,6.07,22728.11,48937.27,20496.85,66364.38,23485.03,15926.8,29724.66,29.57,197938.46,878824.09,680885.64
2836,2021,Ahmednagar,Onion,Rabi,Loamy,Rainfed,1.74,450.3,24.4,64.9,7.06,8484.39,11842.77,5927.19,14431.39,7963.94,4741.99,11455.54,27.7,53391.67,317326.92,263935.25
2837,2022,Solapur,Tomato,Rabi,Red,Canal,3.7,543.3,26.9,61.4,6.1,18737.72,30265.65,14690.64,41762.89,19884.56,10630.67,32741.58,30.21,135972.15,989244.12,853271.98
2838,2021,Kolhapur,Wheat,Rabi,Black,Rainfed,7.74,1465.4,22.9,53.9,6.11,20773.98,51482.66,17877.97,59171.31,19179.52,17898.98,17714.38,28.5,186384.43,504918.95,318534.52
2839,2019,Aurangabad,Maize,Kharif,Black,Drip,3.7,730.7,28.3,61.0,6.77,8735.83,17863.7,6284.54,22441.83,10344.9,6883.73,11476.16,18.21,72554.53,208929.5,136374.97
2840,2023,Nashik,Maize,Kharif,Red,Drip,0.73,832.2,20.7,78.2,7.54,1928.79,4624.46,1457.33,4892.06,2004.01,1465.07,2165.29,26.85,16371.71,58127.52,41755.81
2841,2021,Solapur,Rice,Kharif,Alluvial,Rainfed,10.27,716.4,29.8,61.8,6.95,30311.54,70622.78,27667.29,98015.58,46412.69,24328.83,26039.5,42.02,297358.72,1094142.03,796783.32
2842,2025,Solapur,Tomato,Rabi,Black,Borewell,9.72,546.3,27.5,60.1,6.08,46974.61,84750.69,40903.24,116511.51,58906.15,31189.44,100080.06,21.99,379235.64,2200680.79,1821445.15
2843,2023,Pune,Tomato,Rabi,Loamy,Borewell,7.63,777.6,23.9,52.8,6.74,38989.55,60688.53,35876.67,76598.61,43250.64,24102.37,73813.85,23.2,279506.36,1712285.02,1432778.65
2844,2025,Nashik,Maize,Kharif,Red,Borewell,3.44,642.8,19.2,68.3,6.32,10910.91,21286.33,8053.1,31381.34,9401.75,6662.89,9377.33,20.29,87696.33,190289.04,102592.72
2845,2025,Nashik,Maize,Kharif,Alluvial,Drip,5.46,630.2,24.5,65.6,6.82,17235.64,34621.41,12251.42,37887.0,18312.04,12607.62,16762.82,25.48,132915.12,427036.73,294121.61
2846,2024,Pune,Soybean,Kharif,Black,Rainfed,11.25,754.3,29.8,67.1,6.79,40264.71,52641.63,24014.25,59800.27,28737.01,22086.54,10663.88,56.09,227544.41,598096.06,370551.65
2847,2019,Aurangabad,Soybean,Kharif,Black,Drip,1.15,609.2,29.1,66.3,6.67,2997.16,3539.54,2020.96,5369.86,1932.74,1631.28,1469.89,37.26,17491.55,54764.49,37272.94
2848,2025,Ahmednagar,Soybean,Kharif,Red,Canal,9.53,669.6,27.3,68.8,6.23,34773.18,48528.42,20598.59,51354.99,18320.85,17625.57,10297.4,44.85,191201.6,461859.72,270658.12
2849,2025,Sangli,Onion,Rabi,Loamy,Rainfed,3.01,493.3,27.0,48.8,6.24,20316.3,26014.27,14043.34,29062.73,17076.42,9614.46,20392.16,32.35,116127.52,659615.82,543488.3
2850,2019,Aurangabad,Cotton,Kharif,Loamy,Rainfed,10.88,720.5,21.3,73.1,7.01,47247.42,63861.65,36811.56,100898.04,49529.8,29317.45,6830.18,64.41,327665.93,439951.91,112285.98
2851,2023,Satara,Wheat,Rabi,Black,Drip,2.55,758.2,24.8,72.2,7.14,8181.95,15657.4,6377.61,18989.86,7477.48,4741.71,6362.44,26.82,61426.02,170636.41,109210.39
2852,2019,Aurangabad,Soybean,Kharif,Alluvial,Rainfed,0.65,603.6,28.4,63.8,6.64,1938.98,2219.48,1211.17,2424.14,1145.62,1001.62,712.99,48.91,9941.02,34872.59,24931.56
2853,2022,Ahmednagar,Onion,Rabi,Red,Drip,3.3,629.7,26.8,57.2,6.7,20930.93,22064.96,11558.92,29211.47,17133.28,8728.45,21921.33,27.36,109628.01,599856.1,490228.09
2854,2021,Kolhapur,Wheat,Rabi,Alluvial,Borewell,3.1,1618.0,25.7,53.8,7.17,8584.4,18750.54,8032.52,23459.36,7672.49,5508.5,9558.13,21.29,72007.81,203511.73,131503.92
2855,2025,Satara,Maize,Kharif,Alluvial,Canal,3.81,907.1,22.0,61.7,6.49,11331.4,22007.84,9176.63,28740.59,11565.15,9047.75,11493.34,24.62,91869.35,282945.2,191075.85
2856,2021,Solapur,Soybean,Kharif,Loamy,Rainfed,11.97,482.2,28.4,64.2,7.69,36354.27,50403.14,24241.07,53140.42,23889.24,19222.96,12397.92,44.25,207251.11,548566.9,341315.8
2857,2019,Aurangabad,Cotton,Kharif,Loamy,Borewell,1.08,567.1,27.1,51.1,5.78,4461.9,6026.97,3632.95,10096.62,4959.46,2819.04,714.31,76.66,31996.94,54759.51,22762.57
2858,2019,Ahmednagar,Soybean,Kharif,Black,Borewell,2.57,668.8,25.5,57.8,6.54,6623.83,8304.67,4505.32,10280.56,4570.18,3671.48,3195.56,35.29,37956.05,112759.42,74803.37
2859,2020,Satara,Rice,Kharif,Alluvial,Drip,8.06,1004.4,23.9,49.8,6.52,27875.15,50875.33,25688.15,69971.13,30551.72,18573.42,21420.14,31.13,223534.89,666866.7,443331.81
2860,2022,Solapur,Cotton,Kharif,Black,Drip,6.02,456.9,28.2,44.2,6.63,26769.6,42278.19,24745.67,59931.65,29670.01,16921.8,4442.05,83.71,200316.93,371857.12,171540.19
2861,2023,Satara,Cotton,Kharif,Black,Canal,7.73,880.0,25.3,57.7,8.18,40570.62,48366.23,34389.46,87412.51,43104.89,19556.56,5963.24,66.31,273400.27,395428.76,122028.5
2862,2025,Satara,Wheat,Rabi,Red,Canal,4.31,934.8,24.1,57.1,7.07,14216.11,27928.29,12020.69,34163.4,11352.12,10089.85,11222.46,33.1,109770.46,371426.48,261656.01
2863,2024,Aurangabad,Soybean,Kharif,Loamy,Canal,4.67,828.2,25.9,69.9,5.79,14370.61,22216.01,8561.37,23789.73,9893.12,9146.74,5892.77,51.61,87977.57,304129.21,216151.63
2864,2023,Sangli,Sugarcane,Annual,Red,Borewell,8.28,547.0,29.8,73.6,6.93,56129.45,84377.68,35479.63,106356.63,68680.04,32906.68,267715.23,3.12,383930.11,834031.43,450101.32
2865,2025,Kolhapur,Sugarcane,Annual,Red,Rainfed,0.71,1371.7,22.7,68.6,6.32,5644.9,7771.49,3326.91,11161.32,5577.48,2967.5,20514.66,4.19,36449.59,85865.98,49416.38
2866,2025,Pune,Rice,Kharif,Black,Rainfed,9.96,780.0,28.6,67.1,7.4,36307.45,77550.12,35267.76,102996.04,45261.06,27630.93,25003.87,39.21,325013.37,980317.33,655303.96
2867,2019,Kolhapur,Wheat,Rabi,Alluvial,Borewell,11.8,1442.1,22.8,45.2,7.23,30218.13,67681.71,26998.3,78773.47,32890.86,19107.57,33139.56,25.74,255670.04,853047.52,597377.48
2868,2019,Ahmednagar,Tomato,Rabi,Black,Canal,1.01,532.9,22.6,59.0,6.43,4025.65,7045.75,3470.46,10537.77,4293.35,2596.7,9751.12,23.0,31969.68,224304.0,192334.32
2869,2022,Satara,Soybean,Kharif,Alluvial,Rainfed,10.69,755.1,25.4,66.8,6.89,35929.41,47192.08,21090.96,50518.77,20007.12,17624.04,10085.23,43.36,192362.38,437322.96,244960.58
2870,2024,Sangli,Cotton,Kharif,Black,Canal,1.69,661.2,27.8,66.2,6.22,9114.7,10990.9,6775.46,17288.12,9495.71,5473.95,1133.02,78.97,59138.84,89470.24,30331.4
2871,2021,Nashik,Wheat,Rabi,Red,Canal,5.94,675.9,24.5,51.2,7.34,16360.44,32048.39,15335.75,41324.57,14713.86,11312.53,15392.53,28.15,131095.54,433252.28,302156.74
2872,2019,Satara,Sugarcane,Annual,Black,Borewell,8.23,1050.6,25.3,49.4,6.54,53782.8,79980.36,21742.07,87484.78,54211.06,28762.46,293461.07,2.8,325963.54,822250.55,496287.01
2873,2019,Pune,Maize,Kharif,Black,Drip,6.73,763.3,21.6,42.4,6.84,16267.32,37167.03,12737.89,43004.0,16402.37,12626.3,22695.3,24.0,138204.91,544727.33,406522.42
2874,2021,Kolhapur,Sugarcane,Annual,Black,Borewell,10.77,1379.8,22.4,64.0,6.46,77682.54,109345.82,33853.16,138500.1,73660.98,42122.66,391837.8,2.2,475165.26,862355.76,387190.5
2875,2020,Ahmednagar,Rice,Kharif,Black,Borewell,5.98,632.2,22.1,71.3,7.6,19448.11,42293.95,18345.18,49240.06,20831.87,10746.35,18242.64,33.8,160905.52,616683.35,455777.83
2876,2019,Pune,Tomato,Rabi,Loamy,Borewell,1.41,606.4,23.1,65.5,6.82,6106.68,9429.85,4977.51,12354.69,6255.28,3649.34,13777.79,24.67,42773.35,339843.12,297069.78
2877,2020,Sangli,Sugarcane,Annual,Black,Rainfed,9.26,569.6,29.5,55.8,6.89,59670.82,80015.81,28175.07,121952.98,68447.04,36567.7,302314.14,3.19,394829.41,963347.72,568518.32
2878,2024,Kolhapur,Rice,Kharif,Alluvial,Borewell,0.83,1495.5,25.6,62.3,6.51,3023.27,7108.89,2609.62,7750.45,4083.51,2185.96,2492.57,35.42,26761.7,88280.35,61518.65
2879,2019,Kolhapur,Soybean,Kharif,Alluvial,Drip,7.64,1394.8,20.6,65.8,7.09,19988.42,29339.18,12245.92,34542.71,12973.3,10975.01,8523.85,45.76,120064.54,390039.96,269975.42
2880,2025,Aurangabad,Soybean,Kharif,Black,Rainfed,9.54,495.0,26.1,64.3,6.66,33655.71,36649.15,19926.0,53992.82,21234.37,17916.83,10668.76,47.25,183374.88,504099.42,320724.54
2881,2025,Aurangabad,Tomato,Rabi,Red,Rainfed,6.34,795.7,24.6,63.8,6.55,35508.89,50694.89,27782.31,81711.24,34902.95,23431.55,49385.71,24.36,254031.84,1203226.39,949194.55
2882,2019,Solapur,Cotton,Kharif,Alluvial,Borewell,6.41,559.7,24.7,54.7,7.31,27823.15,34999.58,20766.15,64089.07,25654.37,15562.62,4490.84,65.92,188894.93,296022.18,107127.25
2883,2021,Ahmednagar,Sugarcane,Annual,Alluvial,Drip,7.79,385.9,24.3,58.0,6.93,54640.52,76051.94,27019.71,101438.29,55343.36,25570.64,272747.56,3.41,340064.46,930665.12,590600.66
2884,2022,Solapur,Onion,Rabi,Red,Borewell,6.35,557.1,30.4,62.5,6.24,35897.33,54034.8,23150.62,55364.37,32488.3,18299.98,44643.25,25.75,219235.4,1149758.45,930523.04
2885,2021,Aurangabad,Onion,Rabi,Alluvial,Drip,4.15,724.1,24.2,49.9,6.86,20570.67,31309.37,14337.1,39965.4,21500.9,12119.21,35842.89,20.39,139802.65,730834.93,591032.28
2886,2021,Sangli,Sugarcane,Annual,Loamy,Rainfed,5.55,462.3,29.0,70.1,7.02,38702.21,51877.43,16523.93,81643.7,38234.55,23682.23,150671.52,3.09,250664.05,465960.19,215296.14
2887,2021,Ahmednagar,Cotton,Kharif,Alluvial,Borewell,3.78,700.6,26.5,60.5,5.35,17031.85,20621.74,15741.35,34681.55,16924.58,12199.59,2608.96,79.61,117200.66,207688.16,90487.51
2888,2019,Ahmednagar,Sugarcane,Annual,Alluvial,Drip,9.22,632.0,25.6,55.1,6.24,60296.79,82222.54,28393.27,107176.33,55462.79,34253.32,388648.34,2.21,367805.04,857059.71,489254.66
2889,2025,Ahmednagar,Onion,Rabi,Red,Drip,5.83,859.5,21.6,48.4,6.39,38409.2,55428.5,23838.23,59423.92,33467.5,18252.87,51591.46,25.71,228820.22,1326340.18,1097519.96
2890,2025,Nashik,Tomato,Rabi,Loamy,Rainfed,8.11,571.1,24.0,70.4,6.76,46520.07,72630.94,36742.43,91846.45,47423.21,27792.0,65165.92,25.11,322955.1,1636616.06,1313660.96
2891,2023,Nashik,Wheat,Rabi,Black,Canal,4.9,749.5,23.0,87.0,6.42,14657.92,30154.32,11626.69,39799.41,14847.97,10963.06,12917.38,27.01,122049.38,348891.26,226841.88
2892,2024,Satara,Maize,Kharif,Alluvial,Borewell,1.72,1019.7,22.0,51.3,6.95,4914.02,11313.97,3813.61,13068.35,5992.99,3484.72,5631.29,17.61,42587.67,99151.34,56563.67
2893,2024,Solapur,Rice,Kharif,Alluvial,Borewell,8.58,537.6,26.0,58.8,7.43,31989.79,63910.49,29878.42,77024.91,42562.33,25048.64,24249.05,35.23,270414.58,854387.21,583972.63
2894,2023,Satara,Tomato,Rabi,Alluvial,Borewell,0.62,976.8,23.5,75.8,6.2,2918.19,5040.37,2555.93,6736.01,2891.81,1965.25,6633.96,22.9,22107.56,151921.56,129813.99
2895,2024,Satara,Rice,Kharif,Loamy,Drip,4.38,1101.0,21.6,64.9,6.52,17618.94,34163.59,14103.28,38018.48,19811.65,11116.88,14310.46,36.92,134832.81,528351.74,393518.93
2896,2025,Pune,Soybean,Kharif,Black,Borewell,11.58,766.9,23.7,71.4,7.0,37048.64,47949.15,28299.74,58101.08,28753.68,20176.3,13316.67,41.9,220328.6,558019.39,337690.79
2897,2024,Nashik,Maize,Kharif,Alluvial,Drip,9.02,777.8,25.1,69.0,7.17,26095.84,53911.65,21372.37,54993.83,29837.48,21372.59,30323.13,23.69,207583.77,718434.06,510850.3
2898,2025,Kolhapur,Tomato,Rabi,Red,Rainfed,9.2,1408.3,25.2,63.0,5.51,48004.06,78568.43,40292.93,116883.93,51360.15,32590.14,72586.92,30.19,367699.63,2191202.99,1823503.36
2899,2019,Pune,Soybean,Kharif,Black,Canal,7.59,538.5,28.3,54.4,6.88,21647.29,27358.18,14077.18,39072.94,13813.25,11276.12,7921.51,51.03,127244.95,404226.57,276981.62
2900,2020,Satara,Rice,Kharif,Black,Rainfed,5.42,854.6,23.2,65.2,7.0,16750.16,33921.83,17611.06,44491.9,21207.59,12683.56,11173.83,23.73,146666.1,265187.25,118521.15
2901,2019,Aurangabad,Cotton,Kharif,Loamy,Canal,3.71,645.4,28.2,55.5,6.55,16414.1,20974.25,11910.09,34957.42,15222.7,9244.76,2798.95,78.13,108723.32,218671.03,109947.72
2902,2024,Pune,Tomato,Rabi,Alluvial,Canal,1.46,715.5,24.7,61.0,7.83,8047.23,12557.04,6475.89,17547.99,8557.81,4950.67,15645.45,23.84,58136.64,372975.49,314838.85
2903,2020,Solapur,Tomato,Rabi,Alluvial,Borewell,7.37,562.2,28.6,55.0,5.81,31024.75,55946.01,27562.97,69590.19,33628.3,19355.17,69600.32,27.65,237107.39,1924119.5,1687012.11
2904,2024,Pune,Sugarcane,Annual,Loamy,Rainfed,11.57,674.0,21.7,61.0,7.15,86725.9,119878.2,49354.44,170488.66,94249.35,49572.02,339011.97,3.14,570268.57,1066179.38,495910.8
2905,2021,Solapur,Sugarcane,Annual,Black,Canal,8.76,552.4,26.2,65.7,6.1,60783.65,76342.97,34460.72,128891.86,73224.71,34946.96,337448.26,3.29,408650.87,1109719.85,701068.98
2906,2025,Sangli,Sugarcane,Annual,Black,Borewell,8.12,622.3,24.9,75.0,6.24,63038.05,85286.93,33009.73,122776.55,74254.51,37419.68,299836.53,3.06,415785.45,916418.32,500632.87
2907,2019,Aurangabad,Onion,Rabi,Loamy,Rainfed,3.94,733.3,23.2,60.1,6.57,19528.45,27558.73,14004.8,39402.56,14571.53,10927.49,28213.9,24.49,125993.56,691072.37,565078.81
2908,2022,Nashik,Sugarcane,Annual,Alluvial,Rainfed,1.61,555.3,22.3,46.9,6.32,11753.79,14717.93,5976.92,23240.22,12990.81,6214.89,45438.56,3.33,74894.57,151275.19,76380.62
2909,2024,Satara,Rice,Kharif,Black,Borewell,9.85,1100.5,25.1,52.6,7.79,33578.44,66818.16,30466.68,83386.73,46406.67,26720.41,35023.32,36.81,287377.09,1289196.38,1001819.29
2910,2020,Solapur,Tomato,Rabi,Loamy,Rainfed,11.12,506.2,28.0,58.5,6.72,50985.92,79899.2,35444.24,98099.52,49878.86,31316.53,91767.33,26.49,345624.27,2430737.84,2085113.58
2911,2023,Kolhapur,Onion,Rabi,Loamy,Drip,5.1,1334.8,28.3,63.5,6.71,30127.52,37671.07,20406.2,49148.35,28008.34,17828.34,38705.55,26.71,183189.82,1033871.75,850681.93
2912,2019,Nashik,Tomato,Rabi,Red,Rainfed,10.76,729.8,23.4,59.0,7.01,41413.14,65771.82,39560.94,99503.4,51074.1,27922.76,99067.91,25.99,325246.16,2575241.85,2249995.69
2913,2023,Nashik,Sugarcane,Annual,Red,Borewell,2.44,800.0,23.6,60.3,7.24,18958.96,21895.26,9564.81,29640.86,19114.01,10803.28,91155.13,2.59,109977.18,235704.87,125727.69
2914,2025,Sangli,Cotton,Kharif,Black,Canal,6.7,523.1,26.5,55.8,6.83,36344.16,49868.61,26865.71,78244.43,30608.55,21669.37,4553.59,74.14,243600.83,337617.14,94016.31
2915,2020,Aurangabad,Rice,Kharif,Loamy,Canal,8.94,649.8,25.0,77.5,7.25,31743.97,59349.9,25455.39,61996.47,33514.04,20814.92,27310.82,34.08,232874.68,930775.65,697900.96
2916,2021,Pune,Maize,Kharif,Alluvial,Borewell,8.8,822.5,24.6,60.9,7.19,21296.08,48388.49,18915.65,56952.08,25695.21,16191.61,31499.04,15.18,187439.11,478310.87,290871.75
2917,2025,Ahmednagar,Rice,Kharif,Black,Drip,8.01,657.9,24.6,76.3,6.69,28920.72,70843.11,28978.02,87262.62,36798.46,21588.6,26197.64,32.04,274391.52,839440.69,565049.17
2918,2020,Aurangabad,Sugarcane,Annual,Black,Borewell,10.89,679.4,24.8,70.1,6.19,73756.14,106103.04,39247.21,142814.3,70196.47,37326.37,440352.07,2.59,469443.54,1140526.66,671083.12
2919,2019,Sangli,Maize,Kharif,Alluvial,Drip,6.25,673.2,25.7,69.8,5.58,14463.61,32280.74,11198.05,35770.02,17140.89,10453.28,23983.7,20.0,121306.58,479656.84,358350.26
2920,2025,Solapur,Soybean,Kharif,Loamy,Drip,2.23,609.7,30.1,65.5,7.29,8452.23,9896.19,4907.07,11821.3,5157.04,4554.96,2581.53,39.96,44788.79,103149.04,58360.25
2921,2019,Nashik,Sugarcane,Annual,Red,Drip,7.04,508.0,24.5,62.4,7.31,45819.31,50286.05,22515.14,78355.7,42536.38,22223.22,245604.02,3.05,261735.8,748571.65,486835.84
2922,2022,Pune,Maize,Kharif,Loamy,Canal,2.51,825.8,26.4,46.9,6.28,6748.39,13149.89,5608.39,16143.84,7755.8,4841.94,7754.26,19.22,54248.25,149013.6,94765.35
2923,2024,Pune,Tomato,Rabi,Alluvial,Rainfed,1.22,746.3,23.5,51.5,7.0,6546.04,9420.37,5024.33,15132.8,7527.67,3758.53,11192.18,23.92,47409.74,267707.74,220298.0
2924,2019,Aurangabad,Tomato,Rabi,Alluvial,Borewell,2.99,565.5,24.0,55.5,7.24,12884.62,20699.12,11597.86,28989.12,13627.09,7266.94,25465.25,27.15,95064.76,691292.84,596228.08
2925,2019,Nashik,Tomato,Rabi,Black,Canal,2.67,629.1,26.0,50.0,6.7,11085.15,19037.83,9363.53,23836.32,13299.57,7014.15,24715.0,25.56,83636.54,631662.89,548026.35
2926,2022,Aurangabad,Onion,Rabi,Red,Drip,2.43,517.6,30.4,57.4,7.33,13990.32,16464.0,9715.7,23534.66,12878.03,6845.09,16399.31,24.41,83427.79,400237.2,316809.42
2927,2020,Pune,Rice,Kharif,Black,Drip,11.81,682.7,22.2,50.9,7.37,38810.9,81414.53,35814.81,95457.84,42524.77,24220.18,33203.54,27.8,318243.02,922950.56,604707.54
2928,2024,Aurangabad,Soybean,Kharif,Alluvial,Canal,0.64,708.0,27.9,72.1,6.95,2214.65,2864.26,1216.91,2888.53,1382.03,1058.48,649.13,61.24,11624.86,39755.01,28130.15
2929,2025,Nashik,Sugarcane,Annual,Red,Borewell,9.76,769.5,24.2,71.1,6.73,81300.51,96081.24,34338.79,128919.09,84403.62,46723.26,432686.1,2.27,471766.51,982997.54,511231.03
2930,2020,Pune,Rice,Kharif,Red,Drip,7.31,677.0,27.4,70.4,7.0,23834.43,50973.71,18445.8,58321.07,29720.45,17163.42,19332.92,30.58,198458.87,591249.29,392790.42
2931,2024,Ahmednagar,Cotton,Kharif,Loamy,Rainfed,5.55,648.8,25.8,49.3,6.69,28335.44,36813.29,25639.35,61255.76,27116.42,16458.63,3929.57,75.07,195618.89,294995.5,99376.61
2932,2023,Pune,Onion,Rabi,Black,Rainfed,9.64,819.1,22.3,55.9,7.57,58508.77,71392.26,38769.84,97077.02,50028.55,29321.9,64139.3,23.02,345098.34,1476694.26,1131595.91
2933,2021,Pune,Cotton,Kharif,Red,Canal,5.28,657.5,24.6,58.6,6.2,22964.09,32553.68,20598.25,55163.06,26201.95,15443.13,3148.58,77.47,172924.15,243921.24,70997.09
2934,2025,Aurangabad,Soybean,Kharif,Red,Drip,2.67,704.4,30.4,62.1,6.93,9522.37,12191.33,5564.1,14787.75,6051.26,4915.65,2954.78,54.82,53032.47,161985.63,108953.16
2935,2022,Aurangabad,Sugarcane,Annual,Red,Rainfed,0.81,776.2,28.5,58.4,6.43,5436.78,7760.7,2827.21,10157.79,6213.82,3148.85,27478.48,2.81,35545.16,77329.39,41784.23
2936,2023,Sangli,Maize,Kharif,Black,Drip,3.8,645.5,27.1,79.0,6.24,11490.26,21385.74,8999.24,22960.58,13298.74,8229.43,12816.95,20.55,86363.99,263447.23,177083.25
2937,2025,Ahmednagar,Maize,Kharif,Black,Borewell,8.91,469.3,27.9,62.8,5.77,29230.75,54658.63,23180.4,75728.48,29516.17,18089.87,27137.32,27.25,230404.31,739443.75,509039.44
2938,2020,Ahmednagar,Rice,Kharif,Loamy,Canal,4.23,666.9,25.4,44.2,6.21,13799.46,26285.19,12230.97,30820.4,18576.4,9860.6,12982.4,27.76,111573.02,360408.31,248835.29
2939,2022,Kolhapur,Soybean,Kharif,Black,Borewell,4.21,1420.2,20.8,53.1,7.27,12746.17,17361.48,7929.08,20728.5,8330.87,6699.43,4939.25,42.56,73795.54,210190.51,136394.97
2940,2025,Solapur,Wheat,Rabi,Loamy,Rainfed,3.18,482.6,24.9,64.4,7.24,9339.15,19490.81,8566.28,23664.8,9228.38,6948.73,6750.33,30.04,77238.15,202775.69,125537.54
2941,2022,Solapur,Soybean,Kharif,Loamy,Drip,7.4,622.8,24.1,72.9,6.97,21338.79,27144.26,15061.18,38436.33,15468.07,14278.91,9304.49,50.48,131727.53,469690.1,337962.57
2942,2023,Aurangabad,Maize,Kharif,Loamy,Drip,7.56,395.8,27.2,64.4,7.32,20759.73,47415.73,15512.65,54562.39,23162.65,14927.65,19313.09,24.23,176340.8,467934.26,291593.46
2943,2022,Kolhapur,Soybean,Kharif,Black,Borewell,4.18,1381.8,24.1,43.6,6.39,13907.94,16003.49,8713.1,23243.31,8818.17,6557.53,4776.93,49.11,77243.53,234577.22,157333.68
2944,2019,Sangli,Wheat,Rabi,Black,Drip,3.75,670.4,23.9,62.3,6.22,9373.35,18410.23,9375.16,25897.06,7934.5,6277.06,10442.93,28.79,77267.36,300621.03,223353.68
2945,2021,Solapur,Wheat,Rabi,Loamy,Canal,3.94,595.6,27.2,67.6,6.01,11766.22,24096.23,8511.79,27724.31,10071.24,7212.78,10167.32,24.69,89382.58,251029.83,161647.26
2946,2021,Solapur,Sugarcane,Annual,Alluvial,Canal,2.57,502.9,26.7,64.8,7.76,18740.34,23009.74,8244.21,35770.83,18184.84,10377.38,100199.72,2.76,114327.35,276765.55,162438.2
2947,2022,Aurangabad,Sugarcane,Annual,Red,Borewell,4.91,693.8,25.7,69.5,7.04,37303.91,52227.95,18484.89,61326.55,35532.87,22062.46,191722.35,3.31,226938.64,634199.5,407260.87
2948,2024,Nashik,Onion,Rabi,Loamy,Canal,2.27,769.6,22.0,55.1,6.38,12335.34,15266.91,8896.18,24113.03,13169.66,6194.21,16753.55,20.79,79975.34,348350.95,268375.62
2949,2024,Kolhapur,Rice,Kharif,Alluvial,Canal,6.28,1529.4,23.0,67.4,7.0,21345.71,43581.14,21456.13,53352.3,32085.0,16787.21,19205.55,29.21,188607.5,561008.68,372401.18
2950,2021,Satara,Cotton,Kharif,Alluvial,Drip,3.21,914.2,24.9,67.5,6.76,13618.76,18763.9,12885.19,33048.29,14402.13,10814.48,2197.41,84.45,103532.75,185573.04,82040.29
2951,2021,Solapur,Soybean,Kharif,Red,Canal,7.95,530.4,29.2,51.8,6.38,23305.41,31321.95,13905.06,36618.85,14649.76,13488.37,9010.15,45.82,133289.4,412810.36,279520.96
2952,2021,Kolhapur,Tomato,Rabi,Loamy,Drip,0.62,1552.0,22.9,59.9,6.87,2497.19,4224.53,2420.28,6292.2,3171.62,1664.41,6159.44,21.03,20270.23,129504.96,109234.73
2953,2020,Kolhapur,Maize,Kharif,Alluvial,Canal,1.86,1392.7,26.1,60.5,7.68,4579.2,9142.3,3172.09,13367.5,4760.94,3161.47,6623.73,19.0,38183.5,125844.55,87661.04
2954,2023,Aurangabad,Soybean,Kharif,Red,Rainfed,10.91,640.0,22.9,53.3,6.73,35691.42,50820.24,20877.86,61056.36,22265.16,19477.75,10689.95,52.87,210188.8,565133.93,354945.14
2955,2020,Satara,Cotton,Kharif,Alluvial,Drip,3.88,965.0,22.5,68.8,6.41,17338.91,25058.07,14603.23,36573.21,14461.88,10587.23,3190.67,66.27,118622.53,211454.7,92832.17
2956,2020,Solapur,Sugarcane,Annual,Loamy,Borewell,6.64,650.2,28.8,57.1,6.79,46654.08,58377.3,24564.09,74595.01,50149.23,22612.22,252051.37,3.38,276951.92,851292.16,574340.24
2957,2023,Aurangabad,Cotton,Kharif,Alluvial,Drip,8.77,748.1,24.3,52.7,6.12,44753.67,59940.72,36861.43,89530.82,40955.65,24678.4,7223.84,63.29,296720.69,457231.57,160510.88
2958,2021,Nashik,Cotton,Kharif,Black,Borewell,4.27,571.6,25.8,67.0,5.68,18190.05,27635.93,15704.07,36713.18,19814.17,12688.32,2974.78,61.5,130745.72,182938.97,52193.25
2959,2019,Pune,Tomato,Rabi,Red,Canal,11.6,710.2,24.9,48.7,5.75,52770.96,87078.22,38027.63,106404.68,55228.86,30893.29,107215.45,21.01,370403.65,2252170.7,1881767.05
2960,2023,Aurangabad,Sugarcane,Annual,Alluvial,Borewell,7.54,583.7,27.2,65.8,7.26,51717.26,71969.86,30538.29,108030.78,47527.37,26989.13,299691.44,3.56,336772.69,1067657.12,730884.43
2961,2019,Kolhapur,Soybean,Kharif,Loamy,Borewell,11.91,1351.2,26.9,53.8,7.88,35066.53,42741.27,17778.29,47181.74,19003.74,16886.25,13289.95,43.59,178657.82,579268.94,400611.12
2962,2022,Aurangabad,Rice,Kharif,Loamy,Canal,6.35,753.6,21.4,68.4,5.61,20702.07,43556.69,17711.21,61233.39,24568.69,14324.07,18157.85,39.47,182096.12,716625.75,534529.63
2963,2020,Ahmednagar,Rice,Kharif,Black,Canal,2.59,660.4,25.2,56.8,5.77,7872.24,14847.77,7550.94,19741.19,9866.39,6014.7,8498.17,29.56,65893.23,251195.93,185302.7
2964,2025,Pune,Wheat,Rabi,Black,Canal,4.1,819.3,26.6,63.0,5.74,13584.77,26491.51,11866.38,34452.53,11427.88,9132.06,12220.77,22.65,106955.13,276791.6,169836.47
2965,2020,Kolhapur,Rice,Kharif,Black,Borewell,9.93,1680.2,30.5,70.0,6.3,32576.38,69079.96,27528.39,70606.93,34035.46,20923.04,29658.38,28.75,254750.17,852597.61,597847.44
2966,2024,Pune,Soybean,Kharif,Black,Rainfed,4.42,715.4,27.8,51.2,6.61,14856.25,17338.51,8734.97,22099.91,9671.14,8394.37,4672.59,38.56,81095.16,180154.82,99059.66
2967,2023,Solapur,Rice,Kharif,Alluvial,Canal,0.55,576.9,24.0,51.8,7.37,1883.63,4160.78,1683.5,4504.53,2278.29,1248.49,1717.6,32.4,15759.24,55643.64,39884.4
2968,2020,Satara,Tomato,Rabi,Red,Canal,11.92,923.3,22.8,47.1,8.15,52358.01,82503.01,47462.67,107332.46,57080.5,29919.63,110989.27,27.02,376656.28,2998590.33,2621934.05
2969,2020,Satara,Onion,Rabi,Black,Canal,9.11,984.3,23.6,72.9,6.58,47758.29,65661.16,33754.65,81151.92,36888.24,21935.42,75436.1,25.11,287149.69,1894484.77,1607335.07
2970,2025,Ahmednagar,Soybean,Kharif,Loamy,Drip,5.07,511.7,23.7,60.2,6.39,17130.91,22406.29,10693.0,28090.61,11689.46,10317.95,6015.26,50.98,100328.21,306637.83,206309.62
2971,2019,Ahmednagar,Wheat,Rabi,Alluvial,Borewell,10.97,665.8,26.2,64.3,6.66,30970.23,64428.56,23028.28,77452.29,25362.56,18451.97,28360.7,24.32,239693.88,689763.72,450069.84
2972,2020,Nashik,Rice,Kharif,Loamy,Drip,10.37,757.5,23.1,65.3,6.6,30913.2,66171.57,29028.8,88621.6,35631.36,25536.67,31634.2,23.51,275903.21,743615.4,467712.19
2973,2023,Aurangabad,Soybean,Kharif,Red,Drip,2.47,599.8,29.2,63.3,7.0,7740.09,10799.45,5141.54,11983.49,4334.25,3606.99,2920.98,41.41,43605.81,120947.4,77341.59
2974,2019,Kolhapur,Soybean,Kharif,Black,Drip,4.07,1367.0,24.1,58.5,6.31,11527.37,14380.54,6533.56,19458.34,6784.96,6133.59,4263.61,46.95,64818.35,200185.85,135367.5
2975,2023,Sangli,Cotton,Kharif,Loamy,Borewell,6.2,592.9,24.1,60.4,7.13,28670.09,48175.35,26367.96,73911.9,29743.19,21720.23,4339.78,82.51,228588.72,358056.94,129468.22
2976,2019,Satara,Soybean,Kharif,Black,Borewell,10.42,896.0,24.8,75.0,7.2,28874.3,38820.52,16960.03,46592.77,16724.91,15187.46,13119.89,36.87,163159.99,483668.13,320508.14
2977,2020,Aurangabad,Sugarcane,Annual,Loamy,Borewell,2.15,656.3,24.2,56.2,6.87,14139.4,19774.82,7238.95,25462.19,12586.37,7530.49,85202.89,2.99,86732.22,254921.52,168189.29
2978,2020,Kolhapur,Wheat,Rabi,Loamy,Borewell,10.04,1345.0,22.4,62.8,6.85,27481.96,52937.8,22898.27,64768.19,26162.67,21355.32,22922.0,29.28,215604.21,671102.33,455498.12
2979,2019,Solapur,Onion,Rabi,Loamy,Borewell,4.71,702.5,28.3,65.5,5.97,25419.43,29528.64,14548.34,39426.66,22173.43,11579.53,36436.09,21.69,142676.04,790165.3,647489.26
2980,2021,Satara,Sugarcane,Annual,Red,Rainfed,6.19,1038.3,23.1,61.3,7.32,44292.64,53218.6,22338.55,86401.67,40944.56,23277.88,197712.61,3.06,270473.9,604218.98,333745.08
2981,2025,Ahmednagar,Tomato,Rabi,Loamy,Drip,11.17,579.8,28.9,64.2,6.18,65538.95,97954.53,56401.85,135515.42,66758.42,40836.58,101119.15,29.3,463005.74,2963250.28,2500244.54
2982,2021,Solapur,Soybean,Kharif,Loamy,Canal,2.27,625.2,28.4,60.4,5.82,7221.84,8297.33,4175.74,11781.29,3801.33,3627.2,2749.48,53.52,38904.75,147154.25,108249.51
2983,2020,Kolhapur,Soybean,Kharif,Loamy,Borewell,1.14,1523.6,25.4,69.1,6.7,3273.81,4094.76,2195.81,5241.88,2136.51,1961.98,1526.03,40.45,18904.75,61723.81,42819.06
2984,2024,Satara,Wheat,Rabi,Black,Borewell,7.61,913.0,24.0,51.4,6.57,24208.12,47246.8,21699.85,60875.82,27007.03,17058.89,20875.62,18.9,198096.51,394609.05,196512.55
2985,2023,Sangli,Wheat,Rabi,Alluvial,Canal,7.95,556.5,25.7,57.9,5.97,24832.12,50375.05,21960.17,63997.38,20026.16,16505.9,21293.29,27.8,197696.78,592047.11,394350.33
2986,2022,Pune,Tomato,Rabi,Loamy,Borewell,7.77,604.1,25.8,57.0,6.59,38104.41,56123.89,31612.14,77515.19,44333.72,25747.77,77745.46,23.14,273437.11,1799308.0,1525870.89
2987,2022,Nashik,Tomato,Rabi,Alluvial,Canal,10.91,752.0,24.0,52.5,6.73,52189.72,93885.77,45477.85,136154.95,67739.44,29883.54,121665.5,23.81,425331.28,2897358.32,2472027.04
2988,2021,Kolhapur,Soybean,Kharif,Alluvial,Borewell,3.71,1596.8,24.5,58.8,6.91,12243.38,16498.77,7377.92,17961.89,6755.52,5544.08,4194.12,51.81,66381.57,217305.73,150924.16
2989,2020,Ahmednagar,Maize,Kharif,Red,Rainfed,8.2,642.1,27.2,53.0,6.67,18574.55,43721.26,16739.41,57568.34,22241.39,15077.45,21128.6,24.9,173922.41,526101.6,352179.19
2990,2019,Solapur,Tomato,Rabi,Red,Rainfed,3.03,449.4,26.1,63.6,6.68,13314.48,21823.64,9735.0,34225.73,14213.0,8642.44,24635.59,16.19,101954.28,398825.55,296871.27
2991,2023,Nashik,Maize,Kharif,Black,Canal,11.87,568.9,22.7,73.3,5.2,30364.76,75773.79,28061.83,77228.87,35043.16,24058.54,30894.64,25.54,270530.94,789023.59,518492.65
2992,2022,Kolhapur,Rice,Kharif,Red,Canal,10.3,1453.6,25.6,59.2,6.19,34509.64,74241.79,28459.78,88985.93,41974.38,26030.41,28441.25,35.77,294201.93,1017206.17,723004.24
2993,2021,Sangli,Maize,Kharif,Red,Drip,9.62,744.6,23.4,46.7,6.1,26748.22,46891.92,17760.59,62301.26,27561.86,19073.74,28684.71,20.7,200337.6,593898.79,393561.19
2994,2020,Kolhapur,Tomato,Rabi,Black,Drip,0.68,1649.3,23.1,62.2,6.83,2876.92,4707.18,2673.86,6563.27,3774.14,1732.71,7507.34,27.12,22328.08,203609.91,181281.84
2995,2023,Pune,Rice,Kharif,Red,Canal,5.33,596.8,23.4,51.8,5.99,19548.75,39757.4,13106.44,43240.29,26073.81,12349.32,13689.66,32.28,154076.02,441954.75,287878.73
2996,2020,Sangli,Sugarcane,Annual,Red,Rainfed,8.38,756.3,25.4,57.9,5.89,53938.69,73381.48,26955.88,122344.49,59669.97,30674.97,253719.93,1.95,366965.48,494831.2,127865.73
2997,2019,Nashik,Soybean,Kharif,Black,Canal,6.75,591.9,24.1,50.2,6.45,19137.53,21880.49,11848.11,25050.56,9752.04,10745.26,8814.92,38.33,98414.0,337834.94,239420.93
2998,2025,Nashik,Maize,Kharif,Loamy,Canal,4.94,817.1,26.8,69.2,6.82,16255.17,32132.69,10730.08,34890.76,14662.76,8914.59,15114.44,24.84,117586.04,375510.87,257924.84
2999,2023,Ahmednagar,Maize,Kharif,Red,Drip,4.48,547.5,24.2,72.4,7.1,13212.74,23499.43,8851.27,29028.22,13356.82,8428.83,14713.65,24.58,96377.3,361641.27,265263.97
3000,2025,Solapur,Wheat,Rabi,Red,Canal,4.23,597.2,27.5,63.1,6.35,13830.78,29824.93,13301.3,38023.21,13414.68,10429.57,9765.68,25.48,118824.48,248781.42,129956.94
3001,2022,Pune,Wheat,Rabi,Red,Drip,9.05,859.5,23.1,62.2,7.69,25672.79,53828.3,19735.99,68509.63,21366.74,20362.86,23468.97,22.1,209476.31,518641.02,309164.71
3002,2020,Aurangabad,Wheat,Rabi,Red,Drip,9.4,685.7,29.1,64.9,6.18,28542.81,47172.79,19224.58,66990.43,23152.63,16928.88,23172.06,22.25,202012.11,515480.02,313467.91
3003,2022,Kolhapur,Onion,Rabi,Red,Borewell,5.47,1448.8,21.5,65.6,7.61,29010.22,37001.32,21768.45,53011.09,27772.49,13897.14,43831.61,24.38,182460.7,1068426.15,885965.45
3004,2024,Nashik,Maize,Kharif,Red,Drip,3.51,766.5,26.4,61.5,7.1,10163.84,20250.76,7415.41,24529.7,10306.41,7475.35,11080.73,26.76,80141.46,296479.22,216337.76
3005,2022,Nashik,Wheat,Rabi,Red,Rainfed,1.76,887.5,26.3,67.5,7.3,5265.03,11052.13,4516.75,12929.08,4865.71,3691.21,4268.24,29.12,42319.9,124270.23,81950.32
3006,2023,Aurangabad,Cotton,Kharif,Loamy,Borewell,2.16,559.2,26.9,71.2,6.61,11603.27,13868.48,9177.91,21893.52,10193.6,6808.13,1529.99,76.12,73544.91,116455.99,42911.09
3007,2024,Aurangabad,Tomato,Rabi,Alluvial,Borewell,6.97,902.7,28.3,57.3,6.25,35400.53,52049.55,37112.27,82236.06,44140.52,21607.23,79698.78,27.19,272546.16,2166907.0,1894360.84
3008,2020,Sangli,Cotton,Kharif,Loamy,Drip,0.65,548.2,27.4,68.5,7.55,2790.57,4120.57,2415.03,7454.84,3104.0,1740.98,524.95,61.35,21625.99,32204.6,10578.61
3009,2019,Satara,Wheat,Rabi,Alluvial,Canal,6.48,1118.7,22.7,60.0,7.62,16221.71,36203.79,14437.02,51064.63,14714.26,13203.36,20488.33,23.93,145844.77,490278.61,344433.84
3010,2022,Sangli,Rice,Kharif,Loamy,Canal,5.44,586.2,24.9,52.7,6.33,17845.27,36082.66,18518.98,34411.59,22655.82,12133.77,16137.01,28.39,141648.1,458078.38,316430.28
3011,2021,Pune,Onion,Rabi,Loamy,Drip,2.64,898.4,23.8,54.2,6.7,14903.42,19025.91,10904.27,23888.55,14949.56,7595.66,22170.29,25.01,91267.36,554564.71,463297.35
3012,2022,Satara,Wheat,Rabi,Red,Borewell,5.75,1142.6,19.4,69.3,6.16,17494.62,35170.06,15138.96,43679.76,16759.44,11180.52,12097.85,28.96,139423.37,350336.15,210912.78
3013,2022,Kolhapur,Maize,Kharif,Red,Drip,9.11,1332.4,25.6,52.8,6.67,23978.33,56785.06,22220.54,60565.78,29028.59,15353.88,25697.3,18.62,207932.17,478499.24,270567.07
3014,2022,Satara,Wheat,Rabi,Alluvial,Borewell,1.93,1092.9,23.8,66.9,7.46,5693.02,10828.3,5011.54,13457.65,6020.6,4216.73,5991.14,28.76,45227.83,172303.11,127075.27
3015,2024,Aurangabad,Tomato,Rabi,Loamy,Canal,8.0,788.2,25.4,68.7,6.07,40757.58,64322.94,33479.85,95315.22,40237.74,27283.49,93126.55,25.18,301396.82,2345007.68,2043610.86
3016,2020,Aurangabad,Soybean,Kharif,Loamy,Rainfed,4.49,725.5,26.3,49.3,7.05,12008.28,17400.42,7173.54,16800.6,8804.21,6722.36,4589.47,33.79,68909.42,155076.04,86166.62
3017,2024,Ahmednagar,Soybean,Kharif,Black,Canal,3.85,539.8,22.6,77.0,7.39,13118.15,18039.24,7375.25,20666.61,7629.44,8400.68,4573.68,39.77,75229.36,181904.82,106675.46
3018,2021,Pune,Onion,Rabi,Loamy,Borewell,2.62,885.3,24.3,55.2,7.16,13593.69,20462.66,9462.76,25262.29,14381.18,7578.6,23989.93,23.4,90741.18,561346.07,470604.89
3019,2023,Nashik,Tomato,Rabi,Alluvial,Canal,7.05,810.8,23.9,63.9,6.36,38007.75,61178.13,31595.69,84785.84,38982.19,23270.05,74735.89,26.12,277819.66,1952277.12,1674457.46
3020,2025,Pune,Sugarcane,Annual,Loamy,Rainfed,7.2,799.8,24.2,45.4,5.7,56382.59,64924.12,28886.28,110902.24,63507.25,33295.37,215008.79,3.84,357897.86,826348.23,468450.37
3021,2020,Solapur,Onion,Rabi,Alluvial,Drip,2.94,388.4,26.4,45.2,6.91,15477.75,18661.71,11235.51,28012.99,14084.22,7323.84,22616.8,21.76,94796.02,492209.2,397413.18
3022,2020,Nashik,Wheat,Rabi,Alluvial,Rainfed,2.0,882.6,23.9,56.7,7.92,5881.86,9947.83,4789.69,12407.64,4492.31,3937.12,5362.23,28.85,41456.46,154722.19,113265.73
3023,2024,Satara,Wheat,Rabi,Alluvial,Rainfed,3.41,777.5,23.1,45.2,6.2,10371.97,21067.75,7679.65,24965.68,11104.03,7698.41,6994.02,27.44,82887.48,191927.97,109040.49
3024,2021,Sangli,Sugarcane,Annual,Loamy,Canal,9.64,556.7,26.2,48.9,6.78,62873.05,93289.72,32058.47,115039.06,72016.42,43683.68,380108.32,3.34,418960.4,1269718.64,850758.23
3025,2021,Kolhapur,Onion,Rabi,Black,Rainfed,2.8,1461.2,22.7,58.9,7.84,16632.13,18200.46,11417.48,24862.41,15461.42,7848.71,20860.18,25.31,94422.61,528010.44,433587.83
3026,2022,Aurangabad,Sugarcane,Annual,Black,Rainfed,6.97,740.8,26.5,57.3,6.65,50617.03,57196.6,27276.26,100488.18,51825.07,26507.66,222644.99,3.19,313910.8,710957.97,397047.17
3027,2021,Sangli,Maize,Kharif,Loamy,Canal,7.18,741.0,25.6,77.2,6.57,19603.45,38281.15,14983.96,49103.31,18353.39,13956.85,23281.73,16.73,154282.12,389457.4,235175.29
3028,2025,Ahmednagar,Maize,Kharif,Red,Rainfed,0.68,865.1,24.3,55.9,6.61,2268.27,4907.13,1648.84,5447.56,2056.75,1426.61,2179.92,20.22,17755.16,44081.71,26326.55
3029,2022,Kolhapur,Tomato,Rabi,Red,Rainfed,1.28,1467.4,27.6,48.7,7.72,6221.72,9920.79,5175.13,13841.65,7113.21,3916.8,8963.39,25.39,46189.3,227608.92,181419.62
3030,2019,Kolhapur,Wheat,Rabi,Red,Drip,4.69,1670.0,25.6,70.8,7.53,11560.49,21587.97,10627.03,29508.85,12411.86,8121.12,13593.28,25.85,93817.32,351411.19,257593.87
3031,2022,Satara,Tomato,Rabi,Red,Borewell,5.12,872.3,22.4,75.8,5.2,27902.16,42238.26,21432.27,55185.6,26034.02,13566.25,42110.65,27.24,186358.58,1147205.49,960846.91
3032,2019,Satara,Cotton,Kharif,Black,Drip,3.4,966.9,26.8,71.8,6.25,15347.8,21840.72,11761.96,33553.81,12605.14,8243.46,2510.96,57.86,103352.9,145281.5,41928.61
3033,2024,Kolhapur,Wheat,Rabi,Loamy,Rainfed,4.07,1650.8,28.7,63.5,6.41,11734.37,28124.72,12741.63,33912.81,10852.7,10068.93,10536.57,30.6,107435.16,322369.38,214934.22
3034,2020,Aurangabad,Soybean,Kharif,Loamy,Rainfed,1.77,802.6,28.3,56.4,6.53,4898.78,7344.7,3160.18,7906.25,3206.72,2786.41,1842.31,42.44,29303.04,78196.22,48893.18
3035,2025,Aurangabad,Rice,Kharif,Alluvial,Canal,8.67,546.4,25.2,71.4,5.92,32952.37,70830.01,29740.61,79571.59,38755.75,27202.19,27252.67,37.05,279052.53,1009613.45,730560.92
3036,2023,Kolhapur,Sugarcane,Annual,Alluvial,Canal,3.56,1460.7,25.4,68.4,6.17,27326.03,36302.47,13945.99,55107.67,26008.01,15480.7,147357.83,4.02,174170.87,592937.53,418766.65
3037,2025,Kolhapur,Maize,Kharif,Red,Drip,4.57,1452.8,26.7,51.2,7.79,14891.99,28603.68,12659.73,35652.81,17365.42,9811.36,13178.59,20.23,118984.97,266583.44,147598.46
3038,2022,Sangli,Wheat,Rabi,Alluvial,Canal,11.59,530.5,29.1,73.3,5.71,33874.92,65861.95,30157.93,98088.02,30609.09,26665.11,26524.37,22.66,285257.02,600916.69,315659.67
3039,2024,Aurangabad,Cotton,Kharif,Loamy,Rainfed,9.46,626.6,26.8,55.0,7.29,51904.76,61894.88,37437.49,105121.31,42405.05,32335.51,6723.07,82.14,331099.0,552252.07,221153.07
3040,2019,Kolhapur,Cotton,Kharif,Red,Drip,1.3,1549.2,23.5,49.9,6.65,5231.14,7401.16,4509.5,12013.11,5722.22,3056.68,858.36,58.44,37933.81,50166.44,12232.63
3041,2022,Satara,Soybean,Kharif,Red,Rainfed,5.97,1012.4,23.5,65.3,6.33,19479.98,28092.61,12173.9,28594.01,10722.45,9011.54,6628.03,45.23,108074.5,299785.97,191711.47
3042,2024,Sangli,Onion,Rabi,Loamy,Borewell,1.45,754.6,26.9,74.5,6.13,8748.68,10986.2,5761.03,15304.01,7948.43,4257.55,14118.5,19.29,53005.9,272373.05,219367.15
3043,2019,Kolhapur,Onion,Rabi,Red,Drip,9.18,1329.4,22.6,54.3,5.24,47689.5,60697.46,29377.79,72493.83,39423.13,23470.89,63819.15,24.58,273152.61,1568782.4,1295629.79
3044,2025,Nashik,Sugarcane,Annual,Alluvial,Rainfed,6.59,648.0,23.4,72.7,6.93,53622.01,73113.66,22938.48,95198.63,55228.73,32681.77,201687.02,3.75,332783.27,756758.92,423975.65
3045,2025,Sangli,Tomato,Rabi,Loamy,Drip,2.59,529.5,25.3,60.8,7.08,14014.34,21080.89,11587.85,34508.49,16947.74,9405.4,28831.94,31.63,107544.71,912046.3,804501.59
3046,2019,Aurangabad,Tomato,Rabi,Alluvial,Canal,0.8,721.1,26.3,62.8,5.91,3510.85,5652.92,2968.04,7243.4,3990.17,2018.31,7569.58,28.12,25383.7,212850.94,187467.25
3047,2020,Kolhapur,Rice,Kharif,Loamy,Borewell,3.56,1566.8,24.6,66.2,6.34,11089.77,22871.8,11522.82,31420.49,15660.49,7969.74,11997.51,28.05,100535.11,336522.07,235986.95
3048,2022,Satara,Tomato,Rabi,Loamy,Drip,3.96,771.9,22.5,55.3,5.93,16197.52,31615.38,15459.82,41298.92,22116.42,12033.49,36247.94,23.87,138721.55,865271.48,726549.93
3049,2023,Satara,Cotton,Kharif,Red,Canal,11.13,991.8,22.1,77.6,7.08,51649.09,67965.94,43402.54,125169.48,50054.08,35366.58,8027.33,87.79,373607.7,704750.37,331142.67
3050,2023,Solapur,Maize,Kharif,Loamy,Rainfed,1.23,481.9,23.8,63.7,6.49,3756.05,6793.7,2789.42,9460.74,3696.34,2322.46,3039.05,23.42,28818.72,71183.15,42364.44
3051,2019,Nashik,Rice,Kharif,Black,Drip,10.25,635.1,27.8,53.8,7.02,32443.86,66194.56,28308.73,80635.58,37229.71,24584.88,34874.38,26.81,269397.31,935102.66,665705.35
3052,2019,Aurangabad,Tomato,Rabi,Red,Rainfed,1.7,573.7,25.4,62.2,5.78,6857.25,12829.01,5713.28,16077.92,7324.87,4145.46,12378.98,19.54,52947.8,241943.34,188995.55
3053,2020,Aurangabad,Wheat,Rabi,Black,Drip,9.95,840.9,28.2,65.3,6.69,27828.84,61633.97,23791.65,75633.29,22640.66,17907.04,28822.66,26.66,229435.44,768338.61,538903.17
3054,2024,Solapur,Cotton,Kharif,Alluvial,Rainfed,10.31,504.3,29.6,62.0,8.2,62598.35,72904.12,47199.27,129129.59,49702.04,35383.16,6153.81,72.72,396916.52,447522.6,50606.07
3055,2021,Ahmednagar,Wheat,Rabi,Alluvial,Rainfed,9.0,646.8,25.8,65.4,7.44,24514.07,53591.71,17326.92,66836.0,26383.43,18734.6,21510.07,21.66,207386.72,465941.91,258555.19
3056,2019,Nashik,Wheat,Rabi,Black,Drip,1.46,765.4,25.1,71.7,6.79,3963.81,7554.06,3035.24,9833.17,3187.56,2610.99,4287.82,21.26,30184.83,91163.36,60978.53
3057,2025,Sangli,Maize,Kharif,Loamy,Rainfed,2.86,557.6,25.6,71.9,6.06,8817.71,18977.76,5903.99,21482.06,10015.38,6996.63,7391.22,23.75,72193.53,175526.52,103332.99
3058,2023,Kolhapur,Cotton,Kharif,Black,Canal,9.74,1449.4,26.6,67.4,6.28,45352.61,70949.8,43370.86,96703.55,50661.36,30548.32,7110.22,67.22,337586.49,477941.37,140354.88
3059,2022,Nashik,Maize,Kharif,Alluvial,Drip,10.96,918.2,26.6,56.7,6.73,32340.61,62403.58,19996.08,59965.64,30898.83,19722.12,36579.21,20.73,225326.86,758381.52,533054.67
3060,2023,Aurangabad,Rice,Kharif,Red,Canal,9.94,916.4,23.0,82.1,7.53,38226.36,74780.71,28366.73,91592.28,39291.35,24713.52,31599.33,32.47,296970.95,1025937.27,728966.33
3061,2025,Sangli,Wheat,Rabi,Alluvial,Drip,8.94,662.3,26.6,57.9,6.68,28938.72,50757.01,23138.22,66937.49,28384.83,20491.57,23581.07,33.49,218647.83,789754.36,571106.53
3062,2021,Aurangabad,Sugarcane,Annual,Alluvial,Canal,7.67,687.6,24.9,67.9,6.58,54451.96,74391.95,29406.56,104640.25,50206.45,24392.5,302742.71,3.21,337489.67,970470.61,632980.94
3063,2025,Sangli,Tomato,Rabi,Red,Canal,8.48,683.3,27.1,74.1,6.18,47102.76,70170.51,43184.74,96113.31,52999.35,27991.8,77015.54,25.56,337562.49,1968663.31,1631100.83
3064,2020,Satara,Onion,Rabi,Loamy,Drip,4.49,857.4,24.6,59.6,6.09,23576.41,32340.43,15711.08,41362.85,18815.32,12929.51,38629.58,25.4,144735.59,981361.73,836626.14
3065,2019,Pune,Maize,Kharif,Black,Rainfed,11.87,475.1,23.9,59.4,6.89,27592.92,56902.6,19956.34,65471.6,32937.49,18486.83,29693.64,18.23,221347.77,541244.04,319896.27
3066,2022,Nashik,Maize,Kharif,Red,Drip,7.08,771.8,22.1,55.0,7.76,19423.87,36491.67,17728.52,47457.55,21306.9,14657.48,23700.97,16.39,157065.99,388366.93,231300.94
3067,2025,Kolhapur,Rice,Kharif,Alluvial,Canal,3.85,1449.9,25.0,84.0,7.65,14852.15,27961.18,14397.69,37343.14,17268.14,10971.68,11579.45,39.06,122793.98,452306.02,329512.05
3068,2022,Aurangabad,Soybean,Kharif,Loamy,Rainfed,5.59,571.1,31.0,65.9,6.32,18592.97,20362.02,11094.2,31502.26,9804.23,10078.9,4379.47,41.15,101434.6,180200.26,78765.66
3069,2022,Satara,Cotton,Kharif,Black,Canal,6.49,775.1,23.9,57.1,7.64,31339.42,37233.14,28767.54,76038.97,29212.14,17899.73,4224.11,74.47,220490.95,314566.86,94075.91
3070,2020,Sangli,Maize,Kharif,Alluvial,Rainfed,9.1,734.3,25.8,47.6,7.26,21697.44,54073.76,18910.82,59037.85,23702.71,17481.8,29411.63,16.76,194904.37,492887.9,297983.53
3071,2025,Pune,Wheat,Rabi,Alluvial,Borewell,1.82,843.3,22.3,67.4,6.49,6142.68,11667.87,5046.94,12815.64,5933.46,4792.86,5371.43,27.97,46399.45,150256.78,103857.33
3072,2022,Aurangabad,Maize,Kharif,Loamy,Canal,8.56,1002.0,25.3,56.0,5.68,24338.5,53854.77,17105.97,61634.36,24205.6,18292.0,32870.19,23.53,199431.2,773553.03,574121.83
3073,2025,Ahmednagar,Sugarcane,Annual,Alluvial,Borewell,5.99,567.7,22.1,48.1,6.04,45039.76,64576.52,24520.26,85629.79,50065.81,28629.83,232969.06,3.46,298461.98,805138.3,506676.32
3074,2019,Ahmednagar,Onion,Rabi,Red,Canal,1.79,591.8,26.0,65.6,7.22,9403.96,12048.16,6217.61,15753.16,7406.22,4055.87,13263.12,21.18,54884.98,280920.64,226035.66
3075,2022,Nashik,Tomato,Rabi,Alluvial,Drip,11.26,685.6,22.8,55.4,7.35,54548.56,87098.0,41488.77,104323.03,52340.18,34638.85,130722.54,20.0,374437.39,2614327.88,2239890.5
3076,2020,Ahmednagar,Wheat,Rabi,Loamy,Canal,10.66,560.7,23.9,58.2,6.8,30917.23,53273.24,21121.29,78149.45,25800.78,20164.49,24735.59,28.86,229426.47,713960.93,484534.46
3077,2022,Ahmednagar,Soybean,Kharif,Black,Rainfed,7.19,630.0,24.3,56.7,6.77,22058.0,30379.21,12752.82,28127.43,13223.91,13662.86,7583.73,36.26,120204.24,275007.32,154803.08
3078,2025,Solapur,Onion,Rabi,Alluvial,Canal,4.63,616.6,24.3,60.9,6.68,29732.63,35070.19,20501.32,45394.84,26924.38,16222.69,31955.33,29.07,173846.05,928899.15,755053.1
3079,2022,Nashik,Wheat,Rabi,Red,Drip,5.4,680.9,25.0,58.0,6.52,14611.6,33532.86,12155.73,42647.19,14393.78,12850.94,14139.28,31.58,130192.12,446486.33,316294.21
3080,2024,Solapur,Maize,Kharif,Alluvial,Borewell,6.9,580.0,26.2,58.7,7.6,19217.18,42963.61,15863.44,54640.93,19622.92,14292.29,20386.28,22.54,166600.37,459474.12,292873.75
3081,2025,Sangli,Soybean,Kharif,Black,Borewell,8.5,564.6,26.5,56.0,6.03,28950.69,41056.8,16556.83,49625.62,18666.96,16471.18,10592.87,51.02,171328.08,540424.28,369096.2
3082,2019,Aurangabad,Cotton,Kharif,Alluvial,Canal,2.71,702.1,25.7,59.6,7.4,12301.67,15369.49,9205.85,22857.78,11241.3,7329.74,1974.22,63.34,78305.83,125038.74,46732.91
3083,2023,Sangli,Wheat,Rabi,Black,Borewell,4.19,593.2,27.5,71.4,6.65,12677.27,26051.87,11579.43,34135.71,12332.43,9760.97,10970.36,29.01,106537.68,318232.89,211695.21
3084,2023,Aurangabad,Tomato,Rabi,Red,Canal,7.85,585.1,26.9,66.5,5.77,36196.06,57261.03,25747.24,91334.39,37813.49,23087.85,76127.39,29.55,271440.06,2249777.23,1978337.17
3085,2021,Aurangabad,Soybean,Kharif,Alluvial,Rainfed,1.31,826.3,27.4,61.6,7.26,3784.85,5015.88,2703.07,6472.11,2771.64,2244.51,1556.91,40.71,22992.05,63382.72,40390.68
3086,2022,Kolhapur,Soybean,Kharif,Alluvial,Rainfed,11.17,1473.3,25.0,55.3,5.2,36684.76,46547.84,23216.82,56020.6,22821.56,20180.35,11418.43,46.12,205471.93,526646.06,321174.13
3087,2020,Pune,Soybean,Kharif,Loamy,Drip,5.56,578.4,25.0,61.1,6.66,15922.53,19645.09,10735.84,23254.88,10373.68,9186.21,5742.58,40.32,89118.23,231517.52,142399.29
3088,2022,Pune,Tomato,Rabi,Black,Rainfed,4.77,684.0,24.4,55.3,6.54,22445.04,36427.55,21074.43,52558.48,23102.77,13980.25,42909.62,24.18,169588.54,1037570.65,867982.11
3089,2019,Sangli,Cotton,Kharif,Alluvial,Rainfed,7.29,608.3,27.6,57.4,6.92,29974.84,33199.4,25019.38,59141.96,31385.05,21098.19,4175.14,68.99,199818.82,288032.21,88213.39
3090,2023,Satara,Sugarcane,Annual,Alluvial,Rainfed,0.94,868.9,23.8,59.0,6.58,6918.45,9680.48,2979.03,14104.77,8854.77,4300.13,34167.17,3.09,46837.62,105655.25,58817.62
3091,2023,Sangli,Soybean,Kharif,Alluvial,Drip,6.27,496.2,28.0,58.8,7.27,20387.19,27992.55,11778.27,31675.07,12627.74,11396.5,6175.85,40.47,115857.31,249957.13,134099.83
3092,2024,Pune,Soybean,Kharif,Loamy,Rainfed,9.89,703.1,24.8,63.8,6.2,35316.05,43882.09,19897.09,50899.03,21670.49,16573.41,10595.47,43.17,188238.15,457443.26,269205.1
3093,2022,Satara,Onion,Rabi,Black,Rainfed,6.31,1017.2,22.1,51.6,7.71,36418.15,48503.01,26378.94,57988.3,32685.1,17733.7,43710.04,31.48,219707.19,1376112.37,1156405.18
3094,2020,Kolhapur,Maize,Kharif,Alluvial,Canal,6.09,1246.2,22.1,78.9,5.92,14430.13,37608.29,12031.28,41221.34,16778.7,9101.36,15845.06,25.06,131171.11,397143.49,265972.38
3095,2022,Ahmednagar,Tomato,Rabi,Red,Drip,4.65,604.0,26.2,59.9,6.64,22307.56,34414.36,19627.63,45677.27,25413.68,12055.37,44739.89,21.96,159495.87,982687.75,823191.88
3096,2025,Nashik,Onion,Rabi,Alluvial,Canal,7.56,865.4,26.6,53.7,6.45,49245.23,68578.15,34689.17,78783.68,47542.56,26253.18,61081.54,25.17,305091.95,1537217.91,1232125.96
3097,2020,Nashik,Rice,Kharif,Black,Rainfed,9.42,697.6,24.0,78.9,6.48,33184.24,66701.52,28399.28,64912.14,43897.05,21239.98,25356.57,30.73,258334.22,779247.95,520913.73
3098,2025,Nashik,Soybean,Kharif,Alluvial,Drip,1.76,667.8,22.0,65.1,7.23,6684.32,7791.37,3637.27,10480.18,3609.81,2976.35,2002.46,54.23,35179.29,108594.68,73415.39
3099,2021,Aurangabad,Rice,Kharif,Black,Borewell,2.44,680.5,26.0,44.3,6.45,8647.8,18456.73,7814.82,19098.15,10313.79,6131.23,8373.62,29.86,70462.51,250075.79,179613.28
3100,2024,Aurangabad,Rice,Kharif,Alluvial,Rainfed,7.29,778.4,25.1,57.1,5.81,26164.2,54200.78,28461.1,70183.13,34811.55,20951.39,21063.26,39.81,234772.16,838428.1,603655.95
3101,2021,Nashik,Onion,Rabi,Red,Borewell,5.34,669.7,23.8,59.4,6.84,28252.12,32780.52,18488.91,50099.78,27386.02,14482.54,35425.29,24.27,171489.88,859770.63,688280.74
3102,2024,Kolhapur,Soybean,Kharif,Black,Rainfed,6.51,1499.5,24.4,65.7,5.99,24068.99,29090.46,12779.18,32443.72,14182.05,12507.26,7474.44,50.54,125071.65,377748.68,252677.02
3103,2020,Ahmednagar,Rice,Kharif,Alluvial,Drip,11.84,570.1,24.9,78.3,6.15,38617.7,80694.53,33955.28,90375.08,54266.95,26636.28,36818.12,28.75,324545.82,1058408.18,733862.37
3104,2025,Aurangabad,Soybean,Kharif,Alluvial,Rainfed,6.88,727.2,24.1,54.4,6.38,22515.84,33341.58,15064.75,43357.66,15210.51,13704.9,7544.73,43.96,143195.24,331673.48,188478.25
3105,2025,Sangli,Onion,Rabi,Loamy,Rainfed,7.96,692.5,24.8,65.9,5.89,53803.68,66743.44,33851.55,85876.07,45394.81,27229.8,62005.99,24.76,312899.34,1534988.99,1222089.65
3106,2020,Satara,Tomato,Rabi,Red,Borewell,6.39,788.2,26.8,73.0,6.94,27732.31,45540.89,23147.64,63597.29,31735.55,19974.55,57548.29,26.52,211728.23,1525961.61,1314233.38
3107,2025,Satara,Rice,Kharif,Loamy,Borewell,3.83,881.3,25.7,57.9,7.02,13982.48,29154.3,13413.59,31737.46,19154.51,11961.83,11615.07,28.77,119404.17,334151.98,214747.81
3108,2024,Solapur,Tomato,Rabi,Alluvial,Drip,8.57,601.6,28.8,79.2,6.38,45842.73,64058.13,37908.51,97352.29,52001.84,26242.34,80990.93,31.56,323405.83,2555910.37,2232504.54
3109,2022,Pune,Wheat,Rabi,Red,Rainfed,9.28,797.6,23.5,61.7,5.9,25729.46,56898.24,24463.28,68400.88,23957.14,19573.43,20695.86,31.46,219022.43,651090.1,432067.67
3110,2024,Pune,Onion,Rabi,Alluvial,Canal,1.18,788.0,21.2,66.7,6.14,7461.05,10276.09,4852.73,10954.47,6155.8,3492.83,8533.35,25.84,43192.97,220522.38,177329.41
3111,2021,Pune,Tomato,Rabi,Loamy,Rainfed,10.08,937.4,22.8,58.5,7.0,45246.29,74783.72,42798.64,120436.36,52893.66,27130.05,94497.92,25.7,363288.72,2428266.56,2064977.83
3112,2023,Nashik,Maize,Kharif,Black,Drip,6.95,833.7,26.7,63.4,7.76,20783.37,45355.11,15704.47,51004.18,23072.78,13533.28,24273.05,20.16,169453.2,489425.1,319971.91
3113,2023,Aurangabad,Sugarcane,Annual,Alluvial,Rainfed,0.73,745.4,22.5,65.3,7.48,5542.05,7280.13,2971.99,9644.87,5955.78,3006.63,27746.47,3.79,34401.45,105110.55,70709.1
3114,2020,Solapur,Wheat,Rabi,Alluvial,Borewell,9.83,575.3,27.6,80.8,5.96,26775.79,53309.52,23653.21,72678.11,25702.17,20317.37,27063.76,25.73,222436.18,696409.52,473973.34
3115,2025,Pune,Cotton,Kharif,Black,Rainfed,1.78,462.9,19.9,55.5,6.91,8806.91,12274.64,8806.21,19787.5,10374.22,5950.68,911.45,93.51,66000.16,85229.72,19229.56
3116,2024,Ahmednagar,Cotton,Kharif,Alluvial,Borewell,11.26,486.1,22.2,55.3,7.3,59093.48,78578.55,41779.92,116227.28,54230.64,36014.27,6769.17,90.01,385924.15,609300.51,223376.37
3117,2021,Kolhapur,Maize,Kharif,Loamy,Rainfed,4.92,1397.0,26.6,55.7,6.59,11219.17,25786.13,9602.32,31075.96,13420.8,9149.88,13404.9,22.1,100254.25,296205.22,195950.97
3118,2022,Nashik,Onion,Rabi,Alluvial,Canal,9.27,748.4,26.0,70.3,7.55,53254.78,65561.25,32431.57,95744.51,46925.88,23442.04,78584.07,17.47,317360.03,1372843.32,1055483.29
3119,2019,Pune,Tomato,Rabi,Alluvial,Canal,5.66,870.1,26.2,73.4,5.83,21772.37,41134.13,20567.87,53635.89,28655.74,14714.23,61726.84,23.94,180480.22,1477868.71,1297388.48
3120,2025,Nashik,Maize,Kharif,Red,Rainfed,0.73,832.8,21.2,67.8,6.58,2400.65,4503.39,1745.88,5959.89,2600.08,1264.32,2126.54,26.38,18474.21,56108.56,37634.34
3121,2019,Nashik,Onion,Rabi,Alluvial,Canal,6.69,784.0,26.0,68.3,6.87,33509.23,47930.99,24782.8,56309.18,28352.72,18494.87,54850.42,25.02,209379.78,1372389.82,1163010.04
3122,2020,Nashik,Onion,Rabi,Red,Rainfed,10.77,852.2,27.3,53.7,6.36,54638.4,71114.82,38171.55,89148.72,47766.03,26357.06,70890.17,24.26,327196.59,1719805.33,1392608.74
3123,2021,Pune,Soybean,Kharif,Alluvial,Rainfed,0.78,558.0,23.1,75.0,6.35,2336.45,3018.47,1604.24,3692.87,1638.11,1473.12,794.16,54.09,13763.26,42953.49,29190.23
3124,2019,Kolhapur,Cotton,Kharif,Loamy,Rainfed,7.96,1467.4,23.8,53.2,7.37,34668.65,47117.89,28653.4,68935.69,36140.53,20367.87,5230.3,67.38,235884.02,352439.36,116555.34
3125,2019,Sangli,Cotton,Kharif,Alluvial,Canal,5.84,607.7,27.4,63.0,6.35,22290.45,36897.68,22471.43,54006.63,18922.99,14188.73,3849.03,70.94,168777.9,273067.38,104289.47
3126,2019,Ahmednagar,Wheat,Rabi,Black,Rainfed,4.64,588.6,26.9,61.9,7.07,11643.83,24639.54,11028.23,27909.09,11294.62,9603.01,12032.26,24.75,96118.32,297851.08,201732.76
3127,2019,Aurangabad,Rice,Kharif,Loamy,Canal,5.69,656.6,28.1,49.7,6.94,17141.89,33449.54,14753.68,39114.23,21252.12,10614.76,14216.05,24.06,136326.22,342063.75,205737.53
3128,2021,Nashik,Tomato,Rabi,Red,Drip,3.58,969.5,24.7,45.6,5.86,16488.23,25443.82,16512.84,44837.19,17952.43,10854.26,39825.44,28.39,132088.77,1130735.56,998646.79
3129,2020,Solapur,Rice,Kharif,Red,Rainfed,1.01,641.7,28.1,60.2,6.41,3444.8,6554.36,3414.18,7423.87,3532.62,2150.73,2458.13,29.77,26520.56,73173.49,46652.94
3130,2020,Aurangabad,Wheat,Rabi,Red,Drip,5.15,740.2,26.9,62.1,7.59,12768.36,27546.99,12948.98,29708.27,12819.03,10133.12,13264.27,35.77,105924.74,474482.1,368557.36
3131,2019,Sangli,Soybean,Kharif,Alluvial,Drip,6.68,568.2,28.8,79.2,7.02,20245.64,21903.93,11484.51,30467.78,11258.17,10521.4,7762.24,46.16,105881.44,358300.08,252418.64
3132,2019,Satara,Sugarcane,Annual,Loamy,Drip,4.57,910.1,25.2,63.0,6.47,27653.89,39343.09,15302.73,55376.72,31248.43,14049.79,164976.0,3.29,182974.64,543347.09,360372.45
3133,2025,Satara,Tomato,Rabi,Alluvial,Canal,8.41,829.8,26.2,75.5,6.87,48417.91,73704.17,38829.33,114006.11,53551.78,26951.68,74879.48,22.24,355460.97,1665597.29,1310136.32
3134,2023,Sangli,Maize,Kharif,Loamy,Canal,10.66,533.8,25.5,74.3,7.27,29828.35,55109.42,23738.35,68281.06,33120.88,23411.58,32017.32,19.68,233489.63,629966.5,396476.86
3135,2023,Satara,Cotton,Kharif,Black,Borewell,10.55,849.3,24.3,68.1,6.88,59528.01,72338.57,47487.18,105564.88,48379.55,30994.4,5938.21,92.99,364292.58,552191.01,187898.43
3136,2019,Aurangabad,Cotton,Kharif,Black,Borewell,5.15,668.7,28.0,54.0,7.03,21864.0,28018.87,21051.18,39334.14,21604.91,11356.63,3034.53,61.84,143229.73,187657.29,44427.56
3137,2024,Kolhapur,Soybean,Kharif,Red,Drip,6.85,1267.8,24.5,72.9,6.67,22549.02,28784.35,15270.82,39639.4,15532.63,13207.72,7526.97,50.36,134983.93,379046.07,244062.13
3138,2020,Satara,Rice,Kharif,Black,Drip,5.08,960.0,20.8,60.4,6.41,16901.54,29131.78,14336.61,37196.82,18915.69,10909.88,15442.33,30.67,127392.31,473607.16,346214.85
3139,2024,Pune,Soybean,Kharif,Black,Borewell,9.14,733.7,29.6,73.7,7.28,34531.89,43036.49,21156.28,53649.07,20206.43,17631.04,11352.03,46.84,190211.19,531676.53,341465.34
3140,2021,Satara,Maize,Kharif,Black,Rainfed,6.28,964.1,24.2,64.1,7.1,14439.93,35519.75,13051.63,40489.28,14432.68,12176.98,20590.57,21.1,130110.26,434492.24,304381.98
3141,2025,Nashik,Soybean,Kharif,Black,Borewell,6.5,667.0,23.2,67.5,6.67,23976.12,31411.79,14118.17,40835.76,13404.87,11244.18,8961.03,48.85,134990.89,437722.27,302731.37
3142,2020,Solapur,Rice,Kharif,Loamy,Drip,3.63,548.9,25.5,50.8,7.14,10890.12,21309.81,10742.18,23467.68,15046.5,8783.4,8612.07,23.95,90239.67,206240.87,116001.19
3143,2025,Nashik,Maize,Kharif,Alluvial,Canal,2.2,549.7,26.1,74.0,7.69,6390.89,13499.09,5068.68,17839.37,7449.19,4397.21,5830.29,22.78,54644.44,132825.44,78181.0
3144,2024,Sangli,Tomato,Rabi,Alluvial,Borewell,0.65,463.7,26.0,51.9,6.24,3626.18,5512.22,2988.55,7869.89,3541.08,2109.69,6699.05,22.7,25647.62,152088.23,126440.62
3145,2020,Ahmednagar,Soybean,Kharif,Loamy,Canal,1.39,604.6,23.8,59.2,6.31,3896.22,5203.11,2056.31,5902.56,2594.74,2261.61,1784.55,46.18,21914.55,82409.07,60494.53
3146,2022,Satara,Soybean,Kharif,Loamy,Canal,11.87,702.8,22.2,59.2,6.78,37085.39,46549.91,23533.21,51610.55,24372.75,19260.73,12324.27,58.36,202412.53,719259.81,516847.29
3147,2021,Pune,Tomato,Rabi,Black,Borewell,1.82,633.3,23.6,60.9,5.95,8516.01,12003.08,7281.19,19152.37,9649.64,5205.64,18147.31,26.51,61807.93,481067.83,419259.9
3148,2019,Ahmednagar,Sugarcane,Annual,Black,Borewell,9.41,640.9,25.8,51.6,8.2,60540.03,79824.35,24577.25,110522.99,61536.62,30766.99,388572.44,2.64,367768.23,1025838.37,658070.14
3149,2022,Satara,Cotton,Kharif,Black,Canal,10.66,988.4,20.0,57.3,7.13,52507.05,70221.78,44308.83,104472.17,53927.17,36109.42,7294.4,67.41,361546.42,491690.08,130143.65
3150,2021,Kolhapur,Maize,Kharif,Red,Borewell,4.99,1263.7,27.6,46.4,6.24,14449.79,27245.25,10157.36,30192.63,14732.17,8867.2,13006.68,20.81,105644.4,270687.54,165043.13
3151,2025,Aurangabad,Wheat,Rabi,Black,Borewell,10.63,563.8,24.5,54.5,7.08,34565.71,61182.54,32048.31,75728.74,32647.71,26883.13,26834.9,36.12,263056.14,969157.15,706101.01
3152,2024,Kolhapur,Onion,Rabi,Red,Borewell,1.42,1440.8,26.7,56.5,6.12,9207.36,11805.12,5780.37,16354.18,8544.68,4623.06,10228.81,21.34,56314.77,218292.34,161977.57
3153,2025,Kolhapur,Soybean,Kharif,Loamy,Borewell,5.03,1414.5,24.7,52.7,6.49,18210.73,23413.63,10783.14,27842.19,9909.42,8790.23,5770.47,57.2,98949.34,330068.88,231119.54
3154,2022,Ahmednagar,Cotton,Kharif,Red,Borewell,8.06,616.2,23.1,67.9,5.36,40180.2,47919.39,32188.28,76394.9,39736.35,25345.8,5878.92,62.59,261764.9,367981.33,106216.42
3155,2025,Pune,Maize,Kharif,Red,Borewell,8.06,837.4,23.5,62.6,7.12,25906.79,54231.24,20382.5,65453.48,26438.43,16238.21,23146.48,27.25,208650.64,630700.27,422049.63
3156,2023,Satara,Tomato,Rabi,Red,Rainfed,0.9,1064.1,24.3,63.5,6.81,4083.6,8016.56,4149.94,11097.13,4563.13,3080.38,7653.87,33.46,34990.74,256130.68,221139.94
3157,2023,Solapur,Cotton,Kharif,Alluvial,Rainfed,8.12,433.9,27.7,58.9,7.0,41575.03,56417.74,34337.82,89255.86,42658.41,23445.25,4648.74,76.92,287690.11,357587.87,69897.76
3158,2024,Kolhapur,Cotton,Kharif,Loamy,Rainfed,10.4,1252.9,24.7,66.9,7.15,54314.66,69450.12,46378.85,111910.79,57365.1,34256.33,6477.17,74.99,373675.85,485745.15,112069.29
3159,2020,Nashik,Rice,Kharif,Alluvial,Canal,9.24,813.1,21.3,52.9,6.76,31524.83,61411.64,26456.11,70871.66,32241.62,23691.8,28523.15,33.9,246197.66,967062.58,720864.92
3160,2024,Ahmednagar,Soybean,Kharif,Loamy,Rainfed,9.57,827.7,26.4,67.4,7.21,35689.49,39783.04,19303.99,57408.03,16806.62,17465.68,11739.49,49.24,186456.87,578041.7,391584.84
3161,2021,Pune,Maize,Kharif,Loamy,Canal,9.29,557.8,24.7,65.9,7.22,22988.4,55253.19,18688.88,62639.63,27389.78,17309.79,27195.02,16.03,204269.67,436019.81,231750.14
3162,2020,Aurangabad,Wheat,Rabi,Red,Rainfed,9.02,713.2,23.8,68.6,6.98,23414.08,55353.74,21371.98,56770.41,24170.5,17278.34,19245.27,26.8,198359.06,515843.58,317484.52
3163,2021,Sangli,Cotton,Kharif,Alluvial,Drip,5.48,586.3,27.0,63.0,7.07,24907.93,34226.23,20690.44,54431.26,22698.26,16214.24,3953.9,64.64,173168.35,255597.54,82429.19
3164,2019,Solapur,Tomato,Rabi,Loamy,Borewell,6.97,601.0,26.4,65.7,7.37,30365.51,48306.99,23925.07,60744.06,29637.71,18693.16,75405.79,25.61,211672.49,1930981.84,1719309.35
3165,2021,Satara,Soybean,Kharif,Black,Canal,8.05,906.9,26.7,59.0,6.98,25750.99,34297.17,14886.45,33712.7,14960.49,12230.03,9003.28,45.39,135837.84,408628.75,272790.91
3166,2025,Aurangabad,Onion,Rabi,Red,Canal,8.5,659.5,28.4,68.5,6.33,54644.87,67309.47,35117.83,81081.17,52622.07,26778.12,54014.99,25.98,317553.53,1403489.22,1085935.69
3167,2022,Satara,Sugarcane,Annual,Black,Rainfed,4.75,1073.6,24.8,74.3,5.2,31621.09,43933.81,16990.54,64598.09,34995.87,17796.65,184817.28,3.16,209936.05,583357.67,373421.62
3168,2020,Ahmednagar,Rice,Kharif,Loamy,Rainfed,9.77,586.3,25.7,87.0,5.43,33027.6,56613.65,28609.05,73611.38,36808.96,22151.82,22808.61,29.09,250822.46,663393.88,412571.42
3169,2022,Aurangabad,Soybean,Kharif,Black,Rainfed,8.44,759.3,30.0,57.6,7.14,29085.22,33782.49,17694.99,44024.94,17855.93,15162.51,9910.49,53.0,157606.08,525214.9,367608.83
3170,2020,Ahmednagar,Sugarcane,Annual,Red,Drip,1.42,643.2,24.7,60.6,5.79,9068.6,12107.62,4423.43,19318.37,9565.16,6093.91,50549.99,3.13,60577.09,158121.89,97544.8
3171,2019,Nashik,Onion,Rabi,Alluvial,Rainfed,5.4,730.8,25.7,61.6,6.17,28230.94,34678.38,18184.08,45877.03,23035.93,13854.49,40174.13,20.16,163860.86,810077.7,646216.84
3172,2021,Nashik,Tomato,Rabi,Loamy,Drip,10.86,710.3,25.5,63.8,6.71,50124.56,79161.2,44211.05,112138.46,54382.8,31159.92,118812.42,25.9,371177.99,3077318.65,2706140.66
3173,2020,Solapur,Rice,Kharif,Black,Rainfed,7.44,549.4,28.1,68.5,6.86,24795.53,54050.56,21614.3,64097.09,26028.98,17767.15,19290.51,21.78,208353.6,420135.72,211782.12
3174,2019,Satara,Cotton,Kharif,Loamy,Canal,3.22,885.6,20.3,72.1,5.44,14024.62,16314.1,12476.43,27240.32,12761.44,7165.78,2511.55,59.12,89982.68,148482.62,58499.94
3175,2025,Pune,Maize,Kharif,Loamy,Drip,2.55,734.4,25.4,54.6,6.01,8233.56,18601.35,6364.91,15440.7,8802.88,6027.6,7635.22,21.65,63471.0,165332.57,101861.57
3176,2019,Solapur,Tomato,Rabi,Black,Drip,9.0,456.5,29.9,54.7,7.7,40683.12,62788.63,34102.85,90357.31,46173.96,23338.55,88695.66,21.24,297444.4,1883580.97,1586136.56
3177,2022,Pune,Cotton,Kharif,Alluvial,Canal,1.15,912.3,24.2,56.5,6.59,5701.7,7493.71,4277.1,11513.82,6099.37,2981.74,971.61,74.42,38067.45,72308.06,34240.61
3178,2019,Ahmednagar,Sugarcane,Annual,Black,Rainfed,11.12,500.3,23.6,49.6,6.77,77115.25,100499.83,34139.21,138717.39,61715.67,39362.93,361057.84,2.99,451550.28,1081066.88,629516.6
3179,2020,Satara,Cotton,Kharif,Red,Drip,5.24,909.2,23.5,70.4,6.28,23903.48,31016.11,19402.19,47900.44,24094.4,12676.43,3399.22,51.18,158993.04,173956.8,14963.76
3180,2020,Ahmednagar,Wheat,Rabi,Red,Drip,10.48,694.1,22.2,55.8,7.22,26419.7,58156.47,24728.27,67152.24,27034.5,17220.46,28612.78,23.39,220711.64,669390.41,448678.77
3181,2022,Kolhapur,Maize,Kharif,Black,Borewell,6.51,1547.1,26.2,64.9,7.55,16598.89,38239.76,13188.87,50243.62,18145.64,11838.95,20900.42,20.85,148255.73,435729.62,287473.89
3182,2019,Ahmednagar,Soybean,Kharif,Black,Drip,2.02,580.5,24.6,65.6,5.85,5234.81,7078.43,3184.23,9601.26,3273.74,2453.45,2418.21,40.7,30825.92,98421.44,67595.52
3183,2025,Kolhapur,Onion,Rabi,Loamy,Drip,8.5,1368.6,25.3,38.0,6.35,53230.68,60838.74,30411.85,81252.27,48276.43,25182.71,67756.83,31.02,299192.67,2102002.91,1802810.23
3184,2022,Ahmednagar,Rice,Kharif,Loamy,Rainfed,7.96,693.8,21.2,41.7,6.37,28290.5,55929.03,28132.22,66853.18,34999.3,19449.67,17216.62,28.36,233653.89,488339.83,254685.95
3185,2019,Solapur,Maize,Kharif,Red,Borewell,2.61,417.8,26.1,63.8,7.33,6259.32,12021.47,4938.49,15457.27,7501.36,4747.75,8043.31,20.97,50925.66,168631.82,117706.16
3186,2025,Nashik,Rice,Kharif,Red,Drip,10.74,668.7,25.8,54.6,7.16,43382.51,90350.35,37916.21,94110.75,50207.99,29971.99,29256.04,38.37,345939.79,1122623.05,776683.26
3187,2022,Ahmednagar,Rice,Kharif,Black,Borewell,10.73,676.4,25.7,71.7,7.02,37116.48,70552.77,37542.11,96026.2,48038.17,23485.71,38116.87,38.19,312761.43,1455816.83,1143055.4
3188,2021,Ahmednagar,Soybean,Kharif,Alluvial,Borewell,7.56,609.7,24.6,76.3,5.37,25056.99,28690.03,12550.14,39719.89,12404.05,13371.24,8754.95,35.75,131792.34,313015.18,181222.83
3189,2022,Satara,Maize,Kharif,Loamy,Drip,6.72,988.6,21.5,61.6,6.11,20219.54,35845.42,15571.67,43496.55,17370.48,14624.55,22194.89,22.67,147128.2,503059.04,355930.84
3190,2021,Kolhapur,Sugarcane,Annual,Alluvial,Drip,10.16,1410.4,28.8,57.6,5.73,62796.19,94637.05,39236.66,138192.33,70558.97,37671.62,401590.46,3.63,443092.82,1459067.67,1015974.85
3191,2022,Satara,Wheat,Rabi,Alluvial,Borewell,1.15,946.6,24.9,64.0,5.72,3520.71,6666.49,2769.45,8313.55,3069.28,2017.24,2878.91,34.29,26356.72,98731.04,72374.32
3192,2025,Nashik,Sugarcane,Annual,Black,Drip,6.98,421.7,27.3,62.5,6.77,54344.33,85766.94,29482.85,102566.11,55968.82,30669.84,249333.81,3.09,358798.89,771059.38,412260.49
3193,2024,Satara,Wheat,Rabi,Black,Borewell,3.05,944.6,27.5,67.9,7.56,9067.31,17926.7,8720.42,22339.37,7859.48,6200.15,8464.73,30.43,72113.43,257539.39,185425.96
3194,2019,Ahmednagar,Tomato,Rabi,Red,Drip,9.05,754.5,22.9,54.8,7.07,41110.7,63577.28,33490.9,93190.82,37871.09,21874.14,96735.16,20.03,291114.92,1937298.76,1646183.83
3195,2019,Satara,Maize,Kharif,Black,Drip,6.49,1149.8,21.4,67.2,7.55,15793.4,34463.08,13432.01,42730.64,18123.93,10736.45,18768.79,21.57,135279.5,404750.87,269471.36
3196,2023,Solapur,Rice,Kharif,Black,Canal,7.0,387.2,28.6,52.1,5.87,24072.72,52553.94,23969.71,66165.55,30404.93,18327.96,15950.62,36.41,215494.81,580707.24,365212.43
3197,2023,Solapur,Cotton,Kharif,Red,Drip,2.33,479.8,29.2,56.5,6.72,11548.73,15206.25,9678.0,27321.89,12100.06,7374.7,1273.84,66.71,83229.62,84981.56,1751.93
3198,2022,Sangli,Wheat,Rabi,Red,Drip,5.74,402.8,28.3,61.2,6.67,17952.78,34506.08,15480.93,42504.05,14342.23,11643.19,13012.76,32.2,136429.26,418967.35,282538.09
3199,2023,Nashik,Soybean,Kharif,Red,Borewell,2.41,600.1,21.2,62.3,6.16,8164.39,10467.53,5300.5,10545.04,4755.39,4611.02,2493.22,36.86,43843.87,91888.97,48045.1
3200,2024,Sangli,Rice,Kharif,Black,Canal,10.55,680.7,25.7,60.8,6.49,35873.36,79570.09,32551.12,92930.31,48727.79,29586.45,33238.41,36.18,319239.13,1202516.3,883277.18
3201,2024,Ahmednagar,Sugarcane,Annual,Alluvial,Canal,3.7,438.2,27.6,68.7,7.33,27393.52,36404.03,15177.82,52859.95,27557.87,15414.33,123474.1,3.52,174807.51,434889.56,260082.05
3202,2025,Pune,Wheat,Rabi,Black,Rainfed,4.4,620.0,22.3,55.7,7.66,15642.3,27124.96,10378.03,37241.33,15399.92,9667.86,10162.6,30.5,115454.4,309943.21,194488.81
3203,2019,Pune,Wheat,Rabi,Alluvial,Drip,6.31,642.1,22.7,45.0,6.65,14793.94,30923.5,13292.01,39211.81,16831.29,10817.19,15476.3,30.77,125869.75,476164.79,350295.04
3204,2024,Nashik,Rice,Kharif,Red,Borewell,8.8,738.7,22.1,77.5,6.08,35365.98,61238.05,31620.99,74428.7,48594.33,20127.54,25125.5,26.97,271375.59,677694.93,406319.35
3205,2025,Aurangabad,Rice,Kharif,Alluvial,Rainfed,4.08,800.4,23.9,57.8,6.73,14991.29,34798.42,14536.79,39392.98,23589.66,12983.62,11314.21,34.49,140292.77,390175.91,249883.14
3206,2021,Ahmednagar,Wheat,Rabi,Alluvial,Borewell,2.54,660.0,28.8,74.4,5.98,6608.91,12543.19,7160.72,20127.04,6309.85,5479.19,6668.94,32.24,58228.91,215001.31,156772.39
3207,2025,Kolhapur,Rice,Kharif,Alluvial,Canal,10.76,1451.9,25.2,72.7,6.31,38155.62,86854.58,38318.3,123695.35,45788.44,32318.08,32294.28,32.11,365130.36,1036935.26,671804.9
3208,2023,Nashik,Maize,Kharif,Red,Borewell,9.09,634.1,24.8,69.7,5.31,24347.65,56116.78,22626.18,61207.03,25459.19,18405.45,26119.08,19.17,208162.29,500686.19,292523.89
3209,2023,Aurangabad,Cotton,Kharif,Black,Drip,9.94,763.1,24.1,64.5,6.96,49442.95,63748.54,41945.61,94389.37,45126.44,27097.2,7478.2,62.76,321750.1,469352.08,147601.98
3210,2023,Kolhapur,Maize,Kharif,Black,Canal,9.35,1484.8,24.4,61.7,7.39,25013.3,52986.65,22404.84,68756.84,30802.61,18398.23,30962.45,18.46,218362.47,571489.32,353126.85
3211,2019,Aurangabad,Tomato,Rabi,Loamy,Borewell,1.69,700.6,25.2,54.4,6.31,7216.13,12163.22,5838.21,19571.13,7461.01,4133.28,15638.76,26.46,56382.99,413747.0,357364.01
3212,2023,Pune,Wheat,Rabi,Black,Rainfed,9.97,640.2,27.0,54.1,7.12,31787.28,60829.34,23106.89,77468.92,30514.39,20873.1,25065.45,32.51,244579.92,814907.58,570327.66
3213,2022,Satara,Cotton,Kharif,Alluvial,Canal,9.65,894.5,24.9,50.6,6.56,42312.49,61759.71,39851.77,105170.16,40488.83,30785.47,7080.9,52.56,320368.43,372197.61,51829.18
3214,2024,Solapur,Rice,Kharif,Alluvial,Drip,10.64,590.2,25.4,52.6,6.6,40931.54,76828.31,35713.6,101093.68,48639.12,25994.57,28708.56,40.18,329200.82,1153420.94,824220.12
3215,2023,Sangli,Tomato,Rabi,Black,Drip,5.49,690.3,26.9,54.8,7.3,30022.45,40872.15,25614.98,63461.3,28930.9,18473.37,64421.62,23.58,207375.14,1519313.83,1311938.68
3216,2025,Ahmednagar,Tomato,Rabi,Alluvial,Drip,2.37,720.6,23.2,65.4,6.16,12293.71,19470.95,10972.42,25816.73,15198.16,7148.63,25421.68,23.35,90900.6,593495.29,502594.69
3217,2024,Solapur,Onion,Rabi,Black,Canal,2.86,623.2,24.3,62.8,6.92,16944.68,23032.07,10492.98,26677.61,16222.88,10208.23,25303.28,27.36,103578.46,692380.44,588801.98
3218,2025,Ahmednagar,Cotton,Kharif,Loamy,Rainfed,4.28,565.8,24.7,51.7,6.97,24916.44,29484.46,20006.08,48548.27,24437.23,14128.07,2930.35,69.11,161520.55,202509.78,40989.23
3219,2019,Aurangabad,Wheat,Rabi,Loamy,Drip,6.53,741.9,27.7,63.7,6.46,16800.09,33616.64,15831.33,47878.38,17942.81,11424.02,16805.23,29.43,143493.27,494643.2,351149.93
3220,2023,Sangli,Soybean,Kharif,Loamy,Canal,2.17,472.3,31.1,59.6,6.59,6815.22,10053.4,4559.36,9267.4,4223.79,3975.06,2565.78,47.37,38894.23,121535.83,82641.59
3221,2020,Ahmednagar,Wheat,Rabi,Black,Rainfed,1.02,386.6,25.7,60.6,6.14,3135.26,5570.32,2265.45,6539.95,2315.71,2043.65,2236.74,25.12,21870.35,56196.97,34326.62
3222,2019,Pune,Cotton,Kharif,Loamy,Canal,1.05,595.1,21.7,73.4,7.01,4629.95,5810.81,3666.32,10216.37,4988.04,2455.23,743.59,88.42,31766.72,65746.21,33979.49
3223,2021,Pune,Rice,Kharif,Alluvial,Drip,5.08,784.4,28.5,71.4,6.94,16909.07,35737.77,17713.02,38588.12,20403.84,14141.16,14654.4,30.39,143492.99,445411.26,301918.28
3224,2020,Aurangabad,Sugarcane,Annual,Red,Borewell,2.54,795.4,27.0,66.4,6.21,16130.71,22253.64,8417.8,30170.0,18290.43,8540.07,95242.47,2.53,103802.64,240656.97,136854.33
3225,2022,Nashik,Soybean,Kharif,Alluvial,Drip,9.28,589.9,22.0,44.1,8.02,27924.73,37004.9,16105.69,45959.24,17688.86,17206.72,10981.45,41.82,161890.12,459239.51,297349.39
3226,2020,Nashik,Maize,Kharif,Loamy,Canal,11.41,694.4,25.4,51.2,6.64,30749.28,54863.19,21130.44,74432.59,34997.85,20733.44,37178.69,17.88,236906.79,664912.5,428005.7
3227,2022,Kolhapur,Maize,Kharif,Alluvial,Drip,1.49,1474.5,22.1,58.5,6.36,4197.95,8883.96,3118.01,10581.38,3869.22,3181.33,4943.48,20.01,33831.86,98934.03,65102.17
3228,2022,Satara,Wheat,Rabi,Red,Canal,4.77,997.4,21.1,64.2,7.69,15476.85,28912.7,13187.86,35639.67,12864.61,11177.38,11082.59,30.63,117259.06,339414.41,222155.35
3229,2019,Satara,Tomato,Rabi,Alluvial,Canal,10.43,919.6,23.9,66.3,5.82,49322.56,68555.39,39583.29,95962.87,48219.19,22406.43,99066.24,26.0,324049.74,2575731.0,2251681.27
3230,2025,Aurangabad,Rice,Kharif,Black,Borewell,4.41,809.3,25.7,62.5,6.12,16183.36,34051.6,13601.4,45667.02,21254.69,12520.74,13703.22,38.49,143278.81,527422.24,384143.43
3231,2020,Sangli,Cotton,Kharif,Alluvial,Canal,3.74,676.7,28.1,67.5,6.96,17007.1,21942.73,15364.41,36679.64,17168.42,9754.15,3042.78,68.68,117916.44,208986.02,91069.58
3232,2020,Pune,Cotton,Kharif,Loamy,Drip,0.72,700.4,26.0,57.0,5.33,2866.44,4007.24,2806.15,7222.19,3457.2,1640.16,561.13,71.03,21999.38,39858.59,17859.21
3233,2023,Solapur,Onion,Rabi,Red,Canal,10.54,373.7,24.4,67.9,6.83,62427.38,72440.67,40295.32,106076.1,54243.4,31085.06,79914.21,25.79,366567.94,2061191.09,1694623.15
3234,2024,Pune,Soybean,Kharif,Black,Borewell,5.67,859.6,22.2,47.4,7.37,17866.17,28037.58,12216.28,32372.53,11059.76,11659.74,8024.47,46.62,113212.05,374077.86,260865.81
3235,2022,Kolhapur,Tomato,Rabi,Alluvial,Canal,10.7,1359.6,23.4,56.4,6.64,53522.2,79866.49,36403.02,108682.2,57780.57,32160.84,110276.24,32.2,368415.32,3550416.32,3182001.0
3236,2024,Satara,Wheat,Rabi,Black,Canal,7.68,1032.0,26.4,63.2,6.59,25602.47,46024.81,19498.45,59245.75,24673.14,18930.56,23627.62,37.62,193975.17,888963.22,694988.05
3237,2025,Ahmednagar,Soybean,Kharif,Alluvial,Canal,7.23,588.7,24.2,61.7,6.25,26976.32,31416.8,16783.7,38702.82,16974.74,15274.77,8588.57,43.03,146129.16,369540.09,223410.93
3238,2023,Aurangabad,Maize,Kharif,Black,Canal,6.4,629.4,25.7,66.4,6.34,18203.22,36606.07,12302.1,42955.16,20601.13,13501.89,19438.53,26.47,144169.56,514482.91,370313.35
3239,2024,Kolhapur,Wheat,Rabi,Black,Canal,4.41,1348.1,26.6,54.6,6.57,14023.83,26828.28,12569.29,37762.81,14232.27,9376.67,11023.99,25.12,114793.15,276963.04,162169.89
3240,2020,Satara,Soybean,Kharif,Red,Canal,11.01,1025.6,25.6,79.1,7.14,32334.96,45477.66,21782.4,48908.99,18481.88,16550.35,14516.32,46.06,183536.23,668597.12,485060.89
3241,2023,Kolhapur,Soybean,Kharif,Alluvial,Rainfed,4.81,1506.3,22.9,65.6,6.87,17041.51,22707.15,8022.85,21502.52,10100.17,9666.93,5174.82,38.8,89041.13,200801.24,111760.11
3242,2025,Satara,Tomato,Rabi,Red,Rainfed,2.87,1147.5,27.8,47.8,6.52,15434.37,22475.97,12548.68,32224.13,17848.62,9086.41,23733.63,26.6,109618.17,631346.04,521727.87
3243,2024,Nashik,Rice,Kharif,Loamy,Borewell,8.87,617.6,24.2,62.3,6.43,33563.18,76884.44,29819.55,86091.29,46104.92,22196.8,27346.27,32.03,294660.18,876008.19,581348.01
3244,2023,Pune,Rice,Kharif,Red,Drip,7.95,646.1,26.2,39.4,6.62,26864.84,56300.8,23158.07,76281.49,29579.42,20917.7,20777.28,29.19,233102.33,606406.09,373303.75
3245,2022,Satara,Rice,Kharif,Red,Drip,0.75,931.6,20.6,71.6,7.14,2472.63,5780.24,2189.81,6884.46,3009.97,2069.97,2046.08,33.93,22407.07,69428.92,47021.85
3246,2020,Solapur,Tomato,Rabi,Black,Borewell,11.82,580.6,28.6,62.4,6.35,48047.88,83779.45,42444.25,125248.16,53657.25,31064.57,128172.76,24.84,384241.56,3183940.44,2799698.88
3247,2019,Nashik,Wheat,Rabi,Loamy,Canal,5.21,617.5,22.7,78.1,6.06,14702.95,29277.97,13585.76,36771.64,12749.06,9842.97,12484.98,22.49,116930.35,280834.4,163904.05
3248,2022,Nashik,Tomato,Rabi,Loamy,Rainfed,1.73,926.5,22.7,59.9,6.25,8047.65,12328.81,6919.71,18734.66,8931.04,4166.24,15725.82,25.48,59128.1,400668.81,341540.71
3249,2020,Ahmednagar,Wheat,Rabi,Black,Rainfed,8.59,565.4,25.0,66.8,6.53,23416.75,52122.32,18295.03,60812.46,20270.14,15955.98,22123.58,21.99,190872.69,486559.74,295687.05
3250,2025,Solapur,Rice,Kharif,Loamy,Rainfed,7.83,715.5,29.3,62.4,7.8,29872.25,61629.75,25007.49,79124.29,39617.7,21693.81,20402.69,42.28,256945.3,862667.61,605722.31
3251,2020,Pune,Maize,Kharif,Loamy,Canal,3.73,695.6,25.0,55.5,6.8,8790.95,19540.45,7258.8,25642.52,10603.57,6218.53,11908.82,23.56,78054.82,280533.79,202478.96
3252,2021,Aurangabad,Sugarcane,Annual,Alluvial,Rainfed,10.7,717.6,23.5,60.0,6.16,76317.19,91865.52,39485.99,142192.48,79956.9,40029.48,370408.29,3.41,469847.57,1261443.45,791595.89
3253,2023,Pune,Tomato,Rabi,Red,Borewell,3.93,528.6,21.8,59.3,6.59,18429.44,33374.74,16409.2,45148.63,16177.91,12060.15,33503.97,29.38,141600.07,984249.32,842649.26
3254,2020,Solapur,Onion,Rabi,Black,Rainfed,6.27,713.1,25.2,74.9,5.65,27736.32,41638.09,23713.6,57409.52,25997.05,16603.54,52633.27,23.94,193098.12,1260197.76,1067099.63
3255,2025,Nashik,Cotton,Kharif,Black,Canal,4.05,679.4,24.6,71.0,7.23,22508.23,27453.43,17941.33,51289.38,19271.47,12166.29,3264.18,82.85,150630.12,270424.01,119793.89
3256,2020,Kolhapur,Rice,Kharif,Red,Borewell,3.41,1644.1,24.8,62.0,6.55,12065.67,22201.63,11907.52,25540.3,13234.75,8261.73,11413.0,27.17,93211.59,310105.49,216893.9
3257,2025,Solapur,Sugarcane,Annual,Black,Drip,3.27,522.1,29.4,71.3,6.56,24885.36,35366.25,13631.83,48048.27,26097.71,14866.8,117692.69,3.9,162896.22,459237.52,296341.3
3258,2020,Satara,Tomato,Rabi,Red,Drip,1.82,914.3,26.0,50.4,6.77,7874.36,11941.54,6344.4,18062.49,8534.44,5525.16,15870.5,28.49,58282.39,452091.68,393809.29
3259,2020,Nashik,Maize,Kharif,Loamy,Canal,9.18,765.7,25.1,80.8,6.96,22782.8,44452.51,16185.47,59546.21,20803.06,16450.02,26170.72,16.42,180220.07,429818.24,249598.17
3260,2022,Solapur,Onion,Rabi,Black,Rainfed,11.04,407.6,26.1,69.6,6.49,56961.5,79037.4,39026.22,105772.44,58535.72,30618.1,68598.56,24.58,369951.39,1685919.31,1315967.92
3261,2024,Pune,Cotton,Kharif,Alluvial,Drip,2.77,595.7,29.0,69.1,6.87,15467.33,17942.74,12512.77,30631.6,13952.35,8626.62,1911.62,88.43,99133.41,169051.41,69918.0
3262,2025,Pune,Tomato,Rabi,Alluvial,Rainfed,7.05,773.0,19.7,61.5,7.31,39271.25,59645.46,33638.27,102181.33,42335.21,25068.87,66705.44,26.39,302140.39,1760353.07,1458212.68
3263,2022,Satara,Onion,Rabi,Loamy,Borewell,8.52,1019.0,25.2,69.8,6.19,49664.83,68677.44,22671.21,97912.07,46466.28,24671.08,73818.72,21.03,310062.91,1552235.56,1242172.65
3264,2023,Pune,Tomato,Rabi,Black,Rainfed,0.98,763.2,22.4,73.4,6.96,4757.46,8686.0,4301.54,10137.8,5094.41,3156.92,8252.59,29.23,36134.12,241226.06,205091.95
3265,2025,Sangli,Maize,Kharif,Black,Rainfed,2.84,586.9,25.4,65.1,7.11,8480.44,18957.11,7716.1,22146.76,8995.43,5724.53,7360.69,23.64,72020.37,174035.73,102015.36
3266,2023,Pune,Soybean,Kharif,Red,Canal,4.46,391.1,24.7,71.3,6.64,14743.35,18340.83,8423.12,20307.66,9609.37,8355.69,4509.43,45.44,79780.03,204927.42,125147.39
3267,2023,Sangli,Tomato,Rabi,Black,Rainfed,6.69,745.1,25.6,63.0,6.25,31893.79,51577.57,25413.08,56958.86,35969.25,21081.17,63769.49,27.36,222893.72,1744536.82,1521643.11
3268,2024,Ahmednagar,Tomato,Rabi,Loamy,Rainfed,3.95,604.4,25.7,51.7,6.61,20032.97,36231.85,15320.82,44678.27,18877.91,12588.75,29825.17,28.95,147730.56,863571.56,715841.01
3269,2019,Satara,Onion,Rabi,Red,Drip,10.97,888.4,27.3,77.5,6.09,55322.9,75611.8,33133.98,102763.18,45712.92,27129.21,82050.33,18.92,339673.99,1552414.16,1212740.17
3270,2021,Solapur,Cotton,Kharif,Black,Borewell,2.61,697.3,25.1,68.7,6.05,11942.15,17015.01,9719.62,26871.15,13042.24,6940.42,2002.24,56.28,85530.59,112688.5,27157.91
3271,2023,Sangli,Maize,Kharif,Black,Borewell,9.83,783.5,26.0,71.4,6.13,24901.4,53530.12,25914.05,60066.64,29561.55,18885.4,40227.05,22.64,212859.17,910786.5,697927.33
3272,2025,Sangli,Sugarcane,Annual,Red,Drip,2.44,675.1,25.6,48.6,7.26,18440.15,27861.32,11981.05,36621.21,19869.09,11331.46,103800.33,3.31,126104.28,343873.68,217769.4
3273,2024,Kolhapur,Cotton,Kharif,Black,Rainfed,5.23,1383.6,26.2,52.2,6.69,25991.91,39589.63,22891.01,57045.7,27490.43,17343.05,2979.5,78.79,190351.75,234747.76,44396.01
3274,2023,Kolhapur,Soybean,Kharif,Black,Borewell,1.94,1646.3,27.7,66.8,5.78,6065.06,7796.27,4382.54,9723.36,3686.83,3228.35,2473.57,43.89,34882.4,108565.23,73682.82
3275,2021,Solapur,Soybean,Kharif,Red,Borewell,3.62,613.5,27.2,49.0,7.74,11002.35,13684.49,6701.94,15736.41,5981.54,5761.39,4095.1,53.21,58868.12,217915.26,159047.15
3276,2019,Sangli,Maize,Kharif,Red,Drip,9.58,583.9,27.2,69.6,6.33,21270.13,49076.99,19561.09,62053.68,22184.9,15787.13,27456.14,23.64,189933.92,649197.19,459263.27
3277,2019,Nashik,Onion,Rabi,Black,Canal,7.07,588.4,24.0,52.5,7.25,38201.83,43224.02,25943.64,56132.32,25801.62,17874.62,49593.92,24.17,207178.05,1198467.26,991289.22
3278,2023,Pune,Sugarcane,Annual,Black,Canal,8.09,631.4,20.5,63.0,7.53,64775.88,77744.29,30261.36,113702.65,63247.73,35463.03,297400.1,3.98,385194.94,1182475.41,797280.47
3279,2021,Kolhapur,Rice,Kharif,Red,Rainfed,7.07,1261.4,26.4,70.3,6.92,23395.63,49433.67,18297.67,54760.28,32248.36,16009.73,16812.27,30.97,194145.34,520688.25,326542.91
3280,2023,Kolhapur,Sugarcane,Annual,Red,Borewell,4.35,1373.9,22.9,61.1,7.07,29162.51,48536.67,16810.54,56042.36,32286.97,15267.25,159998.15,2.59,198106.3,414152.37,216046.07
3281,2025,Sangli,Tomato,Rabi,Alluvial,Borewell,5.34,532.8,30.3,86.1,7.34,26577.93,42534.05,23855.55,60091.9,33462.79,17229.99,43618.75,31.13,203752.21,1357788.32,1154036.11
3282,2020,Kolhapur,Rice,Kharif,Alluvial,Borewell,11.05,1336.7,25.7,59.6,5.61,33524.67,73325.71,30120.63,78246.13,48022.22,27117.49,32195.52,30.37,290356.85,977906.77,687549.91
3283,2021,Ahmednagar,Soybean,Kharif,Black,Canal,10.34,517.4,25.9,72.1,6.69,35755.97,40311.65,18769.61,49320.53,19911.55,18708.86,12965.21,52.18,182778.18,676588.75,493810.57
3284,2023,Kolhapur,Wheat,Rabi,Red,Drip,4.15,1696.1,26.1,70.9,6.31,12572.15,24747.03,9642.78,31390.83,12539.19,7898.92,11281.35,29.37,98790.89,331314.53,232523.64
3285,2020,Nashik,Soybean,Kharif,Red,Canal,1.24,792.1,25.4,63.7,6.81,3468.82,4548.51,2213.87,5313.47,2180.37,1698.71,1614.2,41.54,19423.74,67049.41,47625.66
3286,2022,Sangli,Maize,Kharif,Black,Borewell,1.33,835.7,24.3,65.2,6.66,3415.68,7196.97,2774.51,9416.51,4192.48,2201.05,4704.68,18.56,29197.2,87335.52,58138.32
3287,2020,Aurangabad,Wheat,Rabi,Loamy,Rainfed,10.02,744.3,28.6,65.1,6.6,27114.56,51562.62,21941.05,66317.18,24686.65,18279.54,19955.28,21.99,209901.61,438743.66,228842.05
3288,2019,Sangli,Sugarcane,Annual,Loamy,Drip,7.21,527.1,26.2,62.2,7.13,47589.37,63350.41,19878.8,74999.91,51166.42,27420.61,283569.34,3.2,284405.51,908766.28,624360.76
3289,2023,Kolhapur,Soybean,Kharif,Red,Drip,4.69,1317.2,23.9,63.7,7.02,15505.34,20153.52,9237.28,22840.68,9316.42,7941.82,5034.81,52.62,84995.07,264947.98,179952.91
3290,2024,Solapur,Onion,Rabi,Red,Drip,4.94,668.6,26.6,73.4,7.58,32695.68,36922.59,18545.22,55850.18,23859.79,15126.86,38393.79,29.29,183000.32,1124702.48,941702.16
3291,2025,Kolhapur,Wheat,Rabi,Black,Canal,5.14,1377.0,26.9,56.1,6.89,16136.32,31551.17,16690.19,43760.81,15729.84,12887.38,13405.96,36.98,136755.71,495709.53,358953.83
3292,2020,Nashik,Tomato,Rabi,Loamy,Canal,4.87,608.5,24.2,65.0,5.83,23378.96,34446.75,14367.93,47179.17,23856.05,13464.0,42859.01,18.28,156692.85,783531.49,626838.64
3293,2022,Ahmednagar,Wheat,Rabi,Alluvial,Drip,1.42,698.7,24.9,71.4,7.11,4236.47,8284.84,3219.31,11301.83,3947.3,2841.93,4366.43,23.86,33831.68,104202.46,70370.78
3294,2019,Kolhapur,Tomato,Rabi,Loamy,Borewell,6.21,1428.8,27.5,49.4,6.83,27443.53,42942.05,21339.99,57022.45,25686.74,17447.54,52547.68,21.55,191882.29,1132446.17,940563.88
3295,2024,Sangli,Onion,Rabi,Black,Drip,4.39,576.2,26.2,63.9,7.52,30746.47,31528.72,17979.19,45330.07,20669.78,12189.25,39066.57,28.18,158443.47,1100950.17,942506.7
3296,2025,Aurangabad,Wheat,Rabi,Loamy,Rainfed,9.77,613.5,27.7,44.3,7.17,31234.36,64630.3,27692.33,82180.68,31423.1,20878.06,22035.68,40.66,258038.82,895886.82,637848.0
3297,2025,Satara,Maize,Kharif,Alluvial,Canal,3.21,917.4,22.3,66.0,8.2,10137.59,18891.94,6627.18,23259.37,10830.84,7151.7,9257.62,29.11,76898.62,269533.36,192634.74
3298,2025,Kolhapur,Rice,Kharif,Red,Canal,6.53,1614.4,24.3,66.5,7.04,24374.48,47944.28,25326.98,64220.33,28718.48,19274.67,21417.38,42.62,209859.22,912823.08,702963.86
3299,2020,Ahmednagar,Tomato,Rabi,Alluvial,Canal,2.95,715.4,22.9,71.1,6.73,12848.46,18841.81,11567.09,26653.36,13825.26,6850.05,33881.71,22.11,90586.03,748971.11,658385.08
3300,2025,Pune,Wheat,Rabi,Red,Borewell,6.65,670.2,24.4,52.6,6.52,23630.51,40717.21,19111.25,57336.45,20234.87,14596.21,16266.43,25.64,175626.5,417122.15,241495.65
3301,2019,Pune,Soybean,Kharif,Loamy,Borewell,6.34,810.6,26.0,64.1,6.32,17125.6,18047.09,11224.08,26966.41,9534.0,9317.61,9417.04,42.18,92214.78,397196.47,304981.69
3302,2019,Nashik,Tomato,Rabi,Black,Borewell,6.97,677.9,22.5,75.0,6.03,27179.19,44625.89,23630.11,65516.93,33218.73,16517.51,71365.27,22.76,210688.36,1624071.62,1413383.26
3303,2019,Nashik,Soybean,Kharif,Red,Canal,3.76,579.1,21.6,73.8,7.16,10677.0,14218.58,6355.29,18123.54,6365.6,6079.66,4551.56,43.58,61819.67,198346.5,136526.82
3304,2019,Pune,Wheat,Rabi,Loamy,Rainfed,5.66,684.2,28.8,60.5,5.73,15391.11,32787.47,11459.67,31655.82,14123.79,10567.62,12375.47,21.15,115985.49,261727.85,145742.36
3305,2021,Nashik,Cotton,Kharif,Black,Canal,2.67,644.3,22.3,65.6,7.36,11872.11,17634.42,9978.98,25629.13,12724.85,7151.69,1928.02,79.55,84991.17,153373.51,68382.34
3306,2022,Aurangabad,Wheat,Rabi,Red,Drip,3.9,744.5,24.0,59.8,5.69,11908.55,22720.41,9889.09,30603.87,10765.26,8465.43,10563.09,23.75,94352.61,250858.22,156505.61
3307,2024,Sangli,Sugarcane,Annual,Red,Rainfed,8.75,621.8,28.6,48.2,5.49,77706.59,104362.89,29916.71,126334.77,67265.03,41401.34,237682.64,3.65,446987.31,866587.89,419600.58
3308,2024,Satara,Onion,Rabi,Alluvial,Canal,10.51,842.1,21.6,54.7,6.78,69757.67,81535.23,39464.69,115187.48,53394.05,30150.52,77230.45,22.65,389489.63,1749432.49,1359942.85
3309,2022,Aurangabad,Wheat,Rabi,Loamy,Canal,6.35,868.7,25.3,66.6,7.67,19078.12,37189.73,15826.52,40744.54,15609.35,13222.37,19480.02,26.62,141670.61,518632.13,376961.52
3310,2019,Ahmednagar,Tomato,Rabi,Loamy,Drip,6.86,690.2,23.5,52.6,7.04,30933.96,45770.43,25623.59,69631.94,28757.13,18232.35,76863.05,26.88,218949.4,2065882.02,1846932.62
3311,2024,Sangli,Tomato,Rabi,Red,Drip,11.74,686.2,26.0,60.9,7.15,57686.82,93083.9,51958.92,108369.14,77061.36,36871.93,116871.45,29.02,425032.08,3391972.28,2966940.2
3312,2023,Pune,Onion,Rabi,Black,Borewell,8.07,693.5,26.4,71.0,5.81,42824.3,58113.61,28213.71,84433.17,43636.76,23513.53,60468.96,24.68,280735.07,1492582.7,1211847.63
3313,2019,Sangli,Sugarcane,Annual,Red,Rainfed,3.53,613.5,27.3,66.8,7.77,21309.31,31333.97,11118.13,40459.26,24837.51,10155.27,100462.66,3.39,139213.45,340987.44,201773.99
3314,2022,Pune,Cotton,Kharif,Alluvial,Rainfed,5.86,748.5,28.1,56.8,6.23,28986.25,43452.52,23578.31,60945.22,31163.48,17087.24,4249.62,74.31,205213.02,315805.36,110592.33
3315,2020,Satara,Soybean,Kharif,Loamy,Drip,6.61,691.9,22.5,71.3,7.06,19451.35,26981.7,12994.43,32540.91,11102.19,10406.77,7591.38,41.07,113477.36,311761.54,198284.18
3316,2021,Ahmednagar,Rice,Kharif,Alluvial,Drip,0.87,543.9,24.4,64.1,7.14,2918.73,5634.25,2733.72,7248.97,3620.57,2175.42,2775.14,26.03,24331.66,72224.58,47892.93
3317,2022,Solapur,Soybean,Kharif,Black,Borewell,6.98,615.6,26.8,55.5,6.55,20964.64,28186.1,13808.81,30044.71,13675.15,13387.93,8082.08,48.6,120067.32,392819.5,272752.18
3318,2019,Aurangabad,Rice,Kharif,Red,Drip,11.04,645.1,28.2,73.1,6.44,33581.46,70373.03,29001.08,90369.75,43848.96,26624.32,30766.45,25.31,293798.6,778642.06,484843.46
3319,2023,Nashik,Rice,Kharif,Red,Rainfed,7.59,866.3,23.2,61.3,6.82,28654.8,54703.75,27422.86,75301.32,33264.91,16952.2,18472.59,32.68,236299.85,603644.06,367344.21
3320,2020,Nashik,Tomato,Rabi,Loamy,Drip,11.95,857.4,26.5,69.5,6.89,46120.47,90800.17,40924.24,109971.25,61959.73,34880.48,141339.38,22.74,384656.33,3214372.11,2829715.78
3321,2022,Ahmednagar,Onion,Rabi,Loamy,Canal,9.39,548.0,27.0,61.7,6.25,54849.22,70439.56,36238.84,82574.63,39421.71,27945.99,65290.26,27.75,311469.95,1811575.62,1500105.67
3322,2020,Nashik,Tomato,Rabi,Red,Borewell,5.53,703.2,20.6,78.8,7.38,26359.82,46571.83,19078.08,51404.65,26090.98,14398.95,55978.91,25.09,183904.31,1404779.25,1220874.94
3323,2021,Kolhapur,Rice,Kharif,Alluvial,Rainfed,1.25,1368.4,23.8,49.0,5.85,3968.48,8059.32,4068.98,9604.96,5288.46,2997.25,3070.01,29.92,33987.46,91856.86,57869.4
3324,2019,Solapur,Maize,Kharif,Red,Borewell,5.81,492.9,25.2,53.0,6.28,13193.75,26286.78,9158.48,28698.4,18080.18,9827.02,15809.42,24.38,105244.63,385483.84,280239.21
3325,2025,Pune,Cotton,Kharif,Black,Borewell,2.67,629.1,28.3,56.8,6.13,14583.4,18311.07,13627.39,33713.62,13541.36,8248.36,2172.07,78.39,102025.2,170276.51,68251.31
3326,2019,Kolhapur,Cotton,Kharif,Red,Borewell,1.34,1617.9,23.7,83.0,6.67,5817.68,7667.25,4785.63,13985.9,5739.38,3209.66,985.73,59.33,41205.5,58482.52,17277.01
3327,2025,Kolhapur,Soybean,Kharif,Black,Borewell,7.5,1377.8,28.0,66.7,6.63,26689.98,35154.9,17405.22,46890.9,14928.3,15619.09,9056.26,47.06,156688.39,426216.69,269528.3
3328,2020,Nashik,Sugarcane,Annual,Loamy,Borewell,8.12,818.1,22.7,58.6,6.6,56048.58,81566.58,28922.16,108517.43,63656.18,29211.7,331376.39,3.51,367922.62,1163095.98,795173.36
3329,2019,Ahmednagar,Maize,Kharif,Black,Drip,9.76,541.4,26.2,73.2,6.6,21406.01,45990.81,17510.93,64302.97,24554.38,17230.85,30529.12,16.38,190995.94,500065.43,309069.49
3330,2025,Aurangabad,Rice,Kharif,Red,Rainfed,6.91,636.0,28.4,65.0,6.56,28068.05,52511.48,23547.17,63660.09,31675.54,21158.24,16306.76,30.98,220620.57,505249.71,284629.13
3331,2023,Kolhapur,Soybean,Kharif,Loamy,Drip,8.66,1376.8,26.0,54.0,7.17,27343.22,34155.85,18888.64,39051.87,17262.81,12974.97,10277.99,41.24,149677.37,423882.4,274205.03
3332,2025,Aurangabad,Onion,Rabi,Loamy,Drip,5.49,581.8,25.8,59.8,6.45,33805.22,45210.17,22805.7,60568.28,30870.93,16826.03,41510.85,28.41,210086.32,1179329.75,969243.42
3333,2025,Satara,Tomato,Rabi,Red,Rainfed,5.97,933.5,25.2,64.6,6.89,32510.4,55409.79,32784.14,66067.01,33269.54,18181.96,48965.24,32.58,238222.84,1595318.03,1357095.19
3334,2022,Solapur,Maize,Kharif,Black,Canal,7.45,498.5,30.4,65.2,6.52,21750.5,38001.78,17759.74,48745.56,23230.85,13668.43,22293.53,26.82,163156.86,597811.07,434654.21
3335,2024,Aurangabad,Soybean,Kharif,Black,Borewell,2.55,841.5,25.9,67.6,8.13,9192.8,11099.01,5780.38,13385.16,5759.0,5200.48,3321.19,47.02,50416.83,156170.32,105753.48
3336,2024,Sangli,Tomato,Rabi,Black,Borewell,10.67,616.8,27.2,72.9,6.91,61312.57,77019.19,50661.51,108632.54,68428.17,33228.15,90828.29,28.66,399282.12,2603484.01,2204201.89
3337,2022,Pune,Sugarcane,Annual,Loamy,Drip,4.07,726.1,25.9,70.2,6.47,31348.32,42645.13,14288.2,58449.98,29589.7,15602.5,163761.76,2.81,191923.84,460676.65,268752.81
3338,2025,Ahmednagar,Tomato,Rabi,Black,Canal,5.4,501.4,26.2,59.3,7.06,23649.12,47496.56,26673.17,56233.16,33589.06,19528.67,44668.78,27.93,207169.74,1247781.07,1040611.33
3339,2023,Sangli,Wheat,Rabi,Red,Rainfed,7.21,525.1,22.8,55.5,6.9,21966.73,45508.6,17403.84,61014.27,21526.3,14082.03,13442.47,31.3,181501.77,420706.21,239204.44
3340,2020,Ahmednagar,Maize,Kharif,Alluvial,Canal,3.85,658.0,25.0,80.0,5.55,10005.18,19043.31,7052.47,23484.33,9086.77,7636.92,13184.3,28.24,76308.98,372296.63,295987.65
3341,2022,Nashik,Maize,Kharif,Alluvial,Rainfed,11.81,643.6,24.6,53.2,5.92,30871.34,66447.04,20872.88,69267.83,35555.91,24762.75,35028.88,20.04,247777.75,701894.21,454116.46
3342,2019,Aurangabad,Onion,Rabi,Alluvial,Borewell,10.47,691.1,25.1,74.2,7.16,53512.92,67152.78,32574.22,92696.52,48709.98,27362.7,90404.74,17.69,322009.12,1598811.85,1276802.73
3343,2023,Nashik,Maize,Kharif,Red,Rainfed,2.58,740.5,25.4,67.2,5.93,7335.46,17828.04,5339.57,17795.67,8104.1,4952.35,6060.74,24.47,61355.18,148313.46,86958.28
3344,2023,Solapur,Maize,Kharif,Loamy,Borewell,8.79,499.1,27.3,56.8,6.22,26401.82,55110.37,20822.47,64654.02,25941.73,19213.86,26593.81,17.46,212144.28,464359.92,252215.64
3345,2020,Kolhapur,Wheat,Rabi,Loamy,Canal,10.34,1401.0,25.4,55.4,6.64,27901.73,59615.25,22759.36,76016.34,27204.6,20127.71,23631.74,24.65,233624.99,582618.45,348993.46
3346,2020,Ahmednagar,Wheat,Rabi,Black,Canal,8.94,524.4,21.9,64.5,7.25,24390.3,52416.98,20361.57,68114.61,24814.06,16570.34,19865.74,25.33,206667.85,503166.61,296498.75
3347,2024,Satara,Wheat,Rabi,Loamy,Canal,8.25,914.8,23.3,61.8,5.37,22948.81,48630.45,22473.56,67845.98,23490.26,15116.89,20015.22,27.16,200505.94,543561.24,343055.3
3348,2021,Ahmednagar,Cotton,Kharif,Alluvial,Rainfed,5.49,551.2,23.7,41.9,6.85,25007.91,32659.82,19144.78,57694.21,24567.3,15626.21,3191.78,75.55,174700.24,241143.84,66443.61
3349,2021,Kolhapur,Rice,Kharif,Loamy,Borewell,8.77,1373.1,24.3,51.3,6.83,29932.88,63525.08,29654.89,76626.3,35696.04,18745.29,24966.15,30.01,254180.48,749208.42,495027.94
3350,2019,Aurangabad,Wheat,Rabi,Alluvial,Drip,11.74,524.7,25.4,73.7,5.76,30894.94,57548.4,26555.21,83081.05,26315.12,19978.99,34998.79,26.74,244373.71,935826.26,691452.55
3351,2022,Sangli,Soybean,Kharif,Loamy,Borewell,4.12,561.0,27.4,61.4,6.71,13773.57,16628.5,7948.92,21739.16,8285.64,7939.13,5204.79,50.05,76314.92,260475.8,184160.88
3352,2019,Ahmednagar,Soybean,Kharif,Loamy,Canal,1.54,697.4,28.0,73.0,6.03,4748.2,5320.89,2430.66,6609.06,2655.59,2245.31,2012.21,35.99,24009.72,72410.57,48400.85
3353,2023,Nashik,Tomato,Rabi,Black,Borewell,3.7,678.6,24.8,68.7,7.65,17819.85,30414.41,16101.57,37775.48,18522.52,13433.27,38129.98,27.6,134067.09,1052232.8,918165.71
3354,2022,Aurangabad,Sugarcane,Annual,Red,Borewell,8.88,701.0,26.3,68.1,8.1,63598.99,78311.02,32676.65,128427.9,64908.52,33800.47,339631.62,3.43,401723.53,1165043.99,763320.45
3355,2025,Ahmednagar,Sugarcane,Annual,Red,Canal,8.71,523.5,22.5,39.4,5.91,73521.89,90509.17,33435.04,132065.47,71487.71,38542.65,290596.27,3.91,439561.93,1137621.89,698059.96
3356,2024,Aurangabad,Soybean,Kharif,Black,Canal,1.78,1024.6,29.7,53.0,6.74,6157.43,8353.3,3668.5,8841.91,4049.8,2947.85,2356.76,49.49,34018.79,116632.63,82613.84
3357,2024,Sangli,Wheat,Rabi,Red,Drip,11.5,523.7,29.9,52.1,6.24,39751.29,76656.36,30303.43,88193.49,31964.19,22810.48,25906.35,26.3,289679.24,681286.34,391607.1
3358,2024,Pune,Onion,Rabi,Alluvial,Rainfed,7.23,655.3,25.3,58.9,6.46,41045.4,55002.84,30764.77,72668.3,40387.59,24120.68,47132.36,27.16,263989.59,1280348.53,1016358.94
3359,2022,Sangli,Onion,Rabi,Alluvial,Borewell,7.46,553.4,24.9,59.3,7.5,42145.51,59481.33,29100.23,85331.89,34776.07,21152.3,59697.74,19.69,271987.34,1175225.1,903237.76
3360,2024,Pune,Wheat,Rabi,Black,Drip,8.38,864.4,22.9,56.2,5.3,25259.23,55619.23,21676.55,77518.31,28171.56,15072.98,25051.5,31.66,223317.86,793120.58,569802.72
3361,2025,Ahmednagar,Cotton,Kharif,Alluvial,Canal,11.61,682.5,26.5,56.2,6.27,60955.02,74129.29,47463.14,144118.95,64148.91,38253.48,8871.65,89.98,429068.78,798269.77,369200.99
3362,2020,Kolhapur,Cotton,Kharif,Loamy,Borewell,11.3,1536.5,24.9,67.5,5.88,53018.17,72659.43,41901.88,105433.64,55023.59,30454.2,8773.13,78.58,358490.91,689367.75,330876.83
3363,2020,Satara,Tomato,Rabi,Alluvial,Canal,8.26,880.7,25.7,73.1,5.95,36624.26,61139.49,34426.57,82757.79,44316.21,19204.16,77073.74,20.84,278468.48,1606477.99,1328009.51
3364,2024,Satara,Maize,Kharif,Red,Canal,0.55,782.9,24.0,58.0,6.32,1703.7,3376.14,1424.51,4538.6,1965.45,1140.26,1507.92,21.66,14148.65,32667.49,18518.84
3365,2025,Satara,Tomato,Rabi,Red,Rainfed,10.44,620.8,23.1,41.1,7.01,55845.15,80873.91,47406.35,127670.12,59851.3,34348.1,66951.93,21.83,405994.94,1461777.59,1055782.65
3366,2020,Sangli,Onion,Rabi,Alluvial,Rainfed,1.07,517.4,27.1,70.6,6.17,5609.7,7292.05,3586.46,10092.33,5301.74,2765.53,7362.08,23.4,34647.81,172278.19,137630.38
3367,2023,Ahmednagar,Onion,Rabi,Alluvial,Borewell,8.99,649.8,25.7,78.0,5.95,56699.9,73614.16,31790.1,83642.26,50123.85,22106.54,85605.66,19.79,317976.82,1693744.02,1375767.2
3368,2022,Solapur,Maize,Kharif,Red,Drip,9.11,527.5,31.1,50.5,7.19,23660.62,52305.98,20708.74,66755.07,29209.52,16584.13,24190.72,18.73,209224.06,453080.47,243856.41
3369,2025,Satara,Tomato,Rabi,Red,Canal,10.83,961.4,23.4,61.4,5.93,57331.02,87017.89,46127.95,121101.01,69561.68,38838.33,77108.35,29.19,419977.86,2250750.9,1830773.03
3370,2020,Nashik,Onion,Rabi,Black,Borewell,10.13,741.6,22.0,48.1,7.14,50481.03,75511.15,35408.09,92634.16,50017.13,27711.89,73680.28,22.74,331763.45,1675262.5,1343499.05
3371,2019,Solapur,Onion,Rabi,Loamy,Canal,6.98,687.2,26.9,58.5,6.48,35573.88,50806.97,21864.32,58212.9,33808.14,18366.49,58505.44,22.04,218632.7,1289209.55,1070576.85
3372,2019,Solapur,Tomato,Rabi,Alluvial,Borewell,11.73,544.9,22.8,75.5,6.11,45370.7,76911.52,40753.45,112987.7,51262.43,35335.8,119370.54,24.13,362621.59,2880017.23,2517395.65
3373,2020,Kolhapur,Cotton,Kharif,Black,Drip,6.2,1442.5,24.4,47.5,6.92,26434.84,35660.98,20264.81,58886.21,28294.25,13802.87,4973.67,68.07,183343.97,338572.36,155228.4
3374,2024,Nashik,Cotton,Kharif,Black,Rainfed,6.48,774.7,25.1,72.4,7.06,35119.94,44761.81,30108.25,80288.8,33014.56,22084.83,4209.71,85.76,245378.19,361019.12,115640.92
3375,2020,Aurangabad,Sugarcane,Annual,Black,Drip,8.43,767.5,26.1,59.1,7.14,54988.5,80045.02,32918.67,97753.16,59460.07,28351.46,353389.11,3.12,353516.88,1101591.81,748074.93
3376,2021,Satara,Onion,Rabi,Black,Rainfed,5.29,1007.4,23.2,86.4,6.85,27743.6,40797.42,18987.11,48523.55,25738.79,12925.98,40289.08,22.64,174716.45,912060.13,737343.68
3377,2022,Satara,Onion,Rabi,Alluvial,Rainfed,3.48,738.0,27.1,58.8,6.99,19803.92,26583.95,13125.13,31343.67,18924.29,8256.35,20254.88,19.08,118037.32,386490.09,268452.77
3378,2022,Kolhapur,Onion,Rabi,Black,Canal,1.63,1420.1,26.8,45.2,6.67,8996.16,11256.61,6643.48,18301.52,7183.63,4283.17,12664.84,20.87,56664.57,264269.61,207605.04
3379,2019,Satara,Onion,Rabi,Red,Drip,9.96,718.3,21.9,75.8,6.78,53882.3,63900.45,32903.12,100852.61,48122.88,24331.26,63048.61,23.27,323992.62,1466991.33,1142998.71
3380,2025,Satara,Onion,Rabi,Loamy,Borewell,9.99,1033.3,26.5,47.4,5.92,62780.34,88405.93,42678.06,113819.67,53679.9,32580.46,86874.2,26.95,393944.36,2341189.09,1947244.73
3381,2025,Satara,Rice,Kharif,Loamy,Borewell,9.52,953.7,20.2,52.9,5.92,34117.88,80399.34,37466.53,95343.85,42293.07,24636.39,25072.9,31.51,314257.08,790074.43,475817.35
3382,2019,Pune,Onion,Rabi,Alluvial,Drip,9.09,827.8,21.1,66.3,5.95,44199.1,64384.8,28794.05,76779.04,39471.12,20938.56,72953.03,19.23,274566.66,1402635.12,1128068.46
3383,2025,Kolhapur,Rice,Kharif,Black,Rainfed,11.79,1429.4,22.2,53.4,7.57,43476.3,95982.75,41673.82,107167.18,60470.18,27468.81,27379.03,37.53,376239.04,1027505.23,651266.19
3384,2022,Ahmednagar,Onion,Rabi,Loamy,Rainfed,5.41,647.3,18.2,73.7,7.32,33627.48,45669.86,19820.09,53908.96,27932.8,17209.7,32819.18,19.65,198168.89,645060.54,446891.65
3385,2023,Pune,Sugarcane,Annual,Red,Borewell,10.71,656.6,20.0,62.9,7.18,79161.22,110771.87,41900.32,153168.88,75578.29,48499.89,330621.57,3.26,509080.48,1078114.04,569033.56
3386,2021,Kolhapur,Wheat,Rabi,Red,Drip,3.66,1660.0,22.3,67.5,6.71,9806.6,19652.5,8741.64,24907.31,9222.77,8346.2,11200.3,27.75,80677.01,310818.01,230141.0
3387,2020,Sangli,Onion,Rabi,Red,Canal,4.14,651.3,26.3,58.1,7.12,21437.32,29555.45,13427.94,40515.09,16917.85,10848.78,28941.25,23.03,132702.42,666393.67,533691.25
3388,2019,Sangli,Tomato,Rabi,Alluvial,Borewell,5.71,493.0,26.0,57.9,6.88,22058.78,36967.26,21292.14,51358.53,25974.4,15051.05,57663.47,20.99,172702.15,1210140.68,1037438.53
3389,2021,Aurangabad,Sugarcane,Annual,Alluvial,Drip,10.93,790.8,27.2,35.0,7.34,74955.54,87045.82,36637.92,143630.79,69490.06,46125.36,450977.19,3.42,457885.47,1543593.18,1085707.7
3390,2024,Aurangabad,Maize,Kharif,Alluvial,Canal,1.46,535.6,25.6,77.3,7.1,4553.38,8498.81,3917.93,9206.3,4773.79,2539.47,4724.45,17.95,33489.68,84827.21,51337.54
3391,2024,Solapur,Cotton,Kharif,Loamy,Canal,3.81,512.8,29.7,51.3,6.81,19422.56,29707.77,13884.69,39151.35,22022.07,11477.43,2868.57,73.24,135665.87,210102.09,74436.22
3392,2020,Kolhapur,Onion,Rabi,Red,Canal,7.2,1522.4,28.4,53.2,6.16,37046.09,49084.8,24872.07,68546.85,34922.42,18721.65,48474.79,22.92,233193.86,1111103.87,877910.01
3393,2025,Nashik,Rice,Kharif,Loamy,Canal,3.04,676.6,24.4,58.1,6.61,12976.96,28060.7,10925.95,26567.4,14385.22,8592.81,9430.62,39.24,101509.04,370054.02,268544.98
3394,2025,Ahmednagar,Wheat,Rabi,Black,Rainfed,5.39,632.1,24.0,48.8,6.34,18005.93,39197.54,15148.11,45632.28,16888.87,11998.68,12687.23,29.35,146871.4,372343.56,225472.15
3395,2025,Ahmednagar,Wheat,Rabi,Alluvial,Canal,11.37,415.2,23.5,59.3,6.53,37830.81,82416.15,32984.83,102706.28,35666.15,25328.22,26279.85,29.41,316932.44,772803.76,455871.32
3396,2019,Satara,Soybean,Kharif,Red,Drip,8.79,930.7,26.6,60.5,7.49,22526.24,31318.96,13161.43,36836.31,14517.28,15101.42,10094.2,51.45,133461.64,519369.04,385907.4
3397,2025,Solapur,Rice,Kharif,Alluvial,Rainfed,10.22,392.7,27.3,75.7,6.42,40414.36,75655.0,32909.39,85158.14,52003.97,30540.94,23659.68,31.78,316681.8,751966.72,435284.92
3398,2021,Pune,Soybean,Kharif,Alluvial,Borewell,8.3,623.8,22.7,75.2,6.67,26715.88,30377.61,16489.67,40894.36,17188.6,15147.48,9905.52,45.22,146813.61,447926.43,301112.82
3399,2024,Satara,Wheat,Rabi,Loamy,Drip,6.54,882.6,24.1,56.3,6.18,20688.24,48848.99,15730.92,52479.67,19474.74,15859.2,18860.54,26.03,173081.75,490933.14,317851.39
3400,2021,Kolhapur,Rice,Kharif,Alluvial,Borewell,3.31,1281.1,21.9,70.1,6.82,10958.17,25516.43,10147.41,27694.15,15967.3,7897.0,9008.11,38.2,98180.46,344127.3,245946.84
3401,2020,Aurangabad,Tomato,Rabi,Loamy,Drip,11.96,671.5,24.8,74.4,6.38,48321.07,89927.01,50726.03,97541.74,66014.36,34414.24,120744.3,28.78,386944.45,3474937.23,3087992.78
3402,2024,Aurangabad,Tomato,Rabi,Loamy,Canal,10.56,607.5,26.9,57.7,6.77,48584.27,86200.44,47754.86,111803.57,63359.07,33748.63,89952.08,29.61,391450.83,2663278.21,2271827.38
3403,2024,Ahmednagar,Tomato,Rabi,Black,Drip,8.64,461.1,27.0,64.3,7.17,47508.59,77482.74,37019.51,101410.93,48326.17,24633.67,102277.53,25.78,336381.62,2636425.65,2300044.04
3404,2021,Ahmednagar,Onion,Rabi,Alluvial,Drip,7.53,596.2,27.5,58.0,6.21,42659.07,51685.65,25786.31,72336.1,33610.99,19635.77,61978.05,23.03,245713.88,1427594.14,1181880.26
3405,2025,Satara,Rice,Kharif,Red,Rainfed,3.85,966.7,24.8,55.8,6.84,15567.67,31910.34,13680.31,36742.13,18264.56,10850.56,9613.74,34.25,127015.58,329313.1,202297.52
3406,2025,Satara,Maize,Kharif,Black,Drip,2.94,1112.7,24.4,49.1,5.67,9033.41,17470.68,6234.72,18884.5,9118.16,6163.26,10738.56,25.78,66904.73,276806.14,209901.41
3407,2025,Ahmednagar,Soybean,Kharif,Black,Canal,10.53,775.2,24.5,57.1,7.23,41083.47,39677.76,19133.29,52494.01,20701.4,19268.23,15207.2,49.78,192358.16,756959.33,564601.18
3408,2022,Pune,Rice,Kharif,Black,Rainfed,11.24,637.2,29.0,63.5,6.36,36948.69,88577.62,32888.7,91678.82,42690.91,27402.92,27900.78,31.27,320187.66,872563.71,552376.05
3409,2021,Sangli,Soybean,Kharif,Loamy,Drip,4.24,694.2,30.3,61.4,7.01,12109.91,18702.57,7027.47,19870.93,8280.49,7789.55,5579.16,44.79,73780.93,249891.86,176110.94
3410,2021,Aurangabad,Soybean,Kharif,Black,Drip,9.19,598.4,26.1,61.6,6.8,29420.04,38853.72,15721.76,38957.86,15944.5,15084.21,10988.43,46.92,153982.1,515615.72,361633.62
3411,2023,Sangli,Sugarcane,Annual,Black,Borewell,9.27,727.8,28.6,62.0,7.26,70449.67,93560.25,35528.19,129482.47,61090.77,38089.28,387954.36,3.3,428200.63,1281402.07,853201.44
3412,2021,Ahmednagar,Maize,Kharif,Loamy,Borewell,4.15,656.5,24.0,65.0,6.81,9947.34,20988.01,7995.18,24960.97,12189.46,8999.81,13039.2,20.03,85080.76,261111.33,176030.57
3413,2024,Kolhapur,Onion,Rabi,Alluvial,Canal,2.0,1519.0,27.1,87.2,6.59,13191.21,17180.42,8437.26,20183.21,11678.71,5836.39,15981.56,23.04,76507.2,368203.8,291696.6
3414,2022,Ahmednagar,Sugarcane,Annual,Red,Rainfed,8.17,881.0,26.1,61.5,6.55,56073.32,76776.89,33121.7,107077.57,60930.35,30481.49,300287.71,3.31,364461.33,993279.93,628818.61
3415,2023,Ahmednagar,Onion,Rabi,Black,Borewell,8.71,419.3,26.3,55.3,6.56,51309.81,52917.09,29594.83,85423.3,54773.32,23776.31,65028.14,23.4,297794.66,1521906.18,1224111.52
3416,2024,Satara,Tomato,Rabi,Black,Borewell,7.75,955.7,24.3,64.3,7.17,41183.69,56427.95,31546.16,87726.37,41032.67,24696.78,80904.7,26.08,282613.62,2109998.93,1827385.32
3417,2024,Ahmednagar,Wheat,Rabi,Loamy,Rainfed,10.24,540.0,24.4,74.4,6.78,31667.08,56427.68,29040.71,83641.42,32435.77,22731.1,23911.84,38.65,255943.75,924164.57,668220.82
3418,2019,Ahmednagar,Sugarcane,Annual,Loamy,Drip,3.66,549.5,24.5,54.7,6.14,21101.66,31313.3,10447.91,48380.18,23847.16,13573.78,147703.31,3.04,148663.99,448290.87,299626.87
3419,2025,Aurangabad,Soybean,Kharif,Red,Drip,7.72,672.1,25.4,59.9,7.84,26072.57,36531.37,16318.14,48206.76,15084.81,16045.66,10166.58,50.09,158259.31,509282.41,351023.1
3420,2020,Solapur,Wheat,Rabi,Red,Drip,6.95,675.0,26.7,61.3,6.47,17816.94,35854.97,15624.94,42871.73,16606.07,14261.09,20039.05,28.85,143035.74,578177.82,435142.09
3421,2020,Sangli,Soybean,Kharif,Black,Borewell,10.4,647.8,23.1,72.5,7.58,31817.82,38654.0,21028.13,41553.41,15122.83,17929.32,13902.14,33.74,166105.52,469036.91,302931.4
3422,2024,Nashik,Onion,Rabi,Alluvial,Drip,4.22,559.9,25.1,68.9,7.12,27588.55,34590.44,18156.97,50373.24,24741.02,11701.01,28771.95,27.34,167151.22,786629.61,619478.39
3423,2020,Satara,Maize,Kharif,Alluvial,Canal,6.11,935.5,21.0,61.2,6.49,14510.6,34779.64,11817.29,36903.78,17315.02,12277.83,16810.18,19.31,127604.17,324678.68,197074.51
3424,2021,Satara,Soybean,Kharif,Alluvial,Canal,6.24,954.7,26.2,73.2,7.04,17915.83,24128.48,11228.89,30018.99,10254.68,9763.87,7772.03,47.21,103310.73,366883.36,263572.63
3425,2022,Nashik,Tomato,Rabi,Loamy,Borewell,2.68,625.2,22.7,54.2,5.87,12045.88,23088.5,9778.55,27963.07,15136.04,6553.73,25582.33,28.62,94565.78,732068.59,637502.82
3426,2025,Ahmednagar,Soybean,Kharif,Loamy,Canal,0.96,661.1,27.2,70.6,6.35,3702.98,4278.49,1893.13,5155.69,2296.38,1696.41,1108.4,46.69,19023.08,51754.58,32731.5
3427,2023,Pune,Soybean,Kharif,Alluvial,Canal,9.07,789.3,24.3,49.0,7.65,31456.62,38094.25,18224.52,42810.58,17487.24,17076.33,10186.67,40.35,165149.54,411066.58,245917.04
3428,2023,Aurangabad,Cotton,Kharif,Black,Drip,9.94,714.7,21.7,72.9,6.81,46840.89,62773.48,38126.28,88693.23,46040.78,26594.79,7527.73,73.22,309069.45,551179.66,242110.21
3429,2019,Aurangabad,Sugarcane,Annual,Red,Drip,8.19,739.3,23.2,50.3,6.25,49448.98,77780.33,27179.82,96241.89,53971.68,29431.5,343677.5,3.13,334054.2,1075986.07,741931.87
3430,2020,Nashik,Sugarcane,Annual,Black,Canal,6.49,747.7,26.0,67.9,6.75,38993.69,54557.12,20136.84,79097.07,44434.4,23532.21,254753.65,3.13,260751.33,796183.98,535432.65
3431,2025,Aurangabad,Soybean,Kharif,Loamy,Rainfed,3.63,722.1,27.1,54.1,6.96,13880.9,17190.4,8297.79,22343.28,8271.17,6599.97,3673.04,50.25,76583.5,184553.64,107970.14
3432,2024,Aurangabad,Soybean,Kharif,Alluvial,Drip,4.47,806.4,24.0,79.0,7.48,16437.18,20626.65,8348.09,22008.11,9521.57,8318.46,6012.15,56.51,85260.06,339769.29,254509.23
3433,2020,Ahmednagar,Soybean,Kharif,Black,Rainfed,2.59,553.1,25.2,57.2,5.76,7443.48,9448.38,4549.9,11027.16,4358.83,4526.77,2964.72,44.17,41354.53,130943.14,89588.62
3434,2022,Solapur,Maize,Kharif,Black,Drip,3.59,422.0,26.5,72.3,6.24,8537.11,21323.44,8196.2,23774.64,9516.86,6845.94,9912.09,25.37,78194.2,251463.25,173269.05
3435,2019,Pune,Maize,Kharif,Alluvial,Borewell,8.11,680.7,24.7,59.0,6.01,19129.7,46662.73,16361.48,49921.47,24347.29,14579.22,27396.99,22.16,171001.88,607113.7,436111.82
3436,2021,Aurangabad,Sugarcane,Annual,Red,Canal,4.54,830.0,27.9,67.5,7.54,30643.52,44199.34,16440.54,63588.91,31826.39,18579.96,170436.79,3.47,205278.67,591049.08,385770.41
3437,2020,Ahmednagar,Onion,Rabi,Loamy,Rainfed,1.5,439.6,27.2,68.8,7.82,7370.0,11256.08,5063.56,9506.61,7336.77,4212.48,9417.9,26.42,44745.51,248778.81,204033.31
3438,2019,Satara,Wheat,Rabi,Alluvial,Canal,11.91,1078.4,21.9,65.9,6.42,32605.79,61238.76,27344.03,83265.76,29013.49,25792.56,34313.15,25.44,259260.38,872866.61,613606.23
3439,2024,Sangli,Soybean,Kharif,Black,Canal,7.44,723.9,30.7,70.8,5.3,27703.79,31639.88,17104.69,41616.61,17827.96,13197.87,8712.56,36.77,149090.81,320383.06,171292.26
3440,2019,Aurangabad,Rice,Kharif,Alluvial,Drip,10.05,430.9,23.0,65.9,6.69,30281.92,59079.78,28835.8,81499.14,42318.29,21913.65,29515.73,29.86,263928.58,881323.43,617394.85
3441,2019,Nashik,Soybean,Kharif,Red,Drip,3.28,621.6,26.6,62.3,7.23,9265.03,12044.29,5055.16,13267.76,5911.79,5158.45,3165.17,44.21,50702.47,139923.51,89221.04
3442,2019,Pune,Onion,Rabi,Alluvial,Drip,7.65,645.8,26.3,60.2,6.31,40861.51,50173.07,26155.24,71915.51,33335.83,19658.33,65031.53,21.09,242099.5,1371190.56,1129091.06
3443,2024,Kolhapur,Sugarcane,Annual,Red,Rainfed,4.71,1421.9,24.5,62.2,6.75,34115.57,47191.93,18233.81,70741.47,36284.25,18355.59,139703.48,2.83,224922.62,395667.84,170745.22
3444,2023,Pune,Soybean,Kharif,Loamy,Borewell,1.96,764.8,27.1,58.6,6.34,6713.9,8412.76,4303.27,11494.08,4046.86,3305.49,2564.57,50.2,38276.36,128736.81,90460.45
3445,2024,Satara,Rice,Kharif,Loamy,Rainfed,9.01,804.1,20.9,63.4,6.25,30877.96,69644.61,29016.91,73649.7,39212.29,23024.64,22104.7,33.51,265426.12,740689.48,475263.36
3446,2022,Ahmednagar,Rice,Kharif,Black,Drip,2.7,596.7,21.2,57.9,6.7,9566.85,19231.16,8349.27,21301.36,11266.52,7067.95,8077.59,35.57,76783.11,287327.86,210544.75
3447,2020,Nashik,Maize,Kharif,Red,Rainfed,11.72,797.5,22.8,53.6,6.36,29943.3,57970.08,25275.07,66967.15,30512.23,21168.82,32641.06,23.16,231836.65,756123.49,524286.83
3448,2022,Sangli,Sugarcane,Annual,Red,Rainfed,7.27,671.9,28.9,52.8,5.9,47209.84,71647.71,24749.22,100526.08,52891.69,30352.62,220411.32,3.34,327377.15,735238.59,407861.43
3449,2019,Nashik,Rice,Kharif,Black,Borewell,1.5,721.4,24.4,53.2,6.29,4495.26,9082.64,4387.01,13335.1,5884.61,3122.97,4630.95,32.61,40307.59,151001.05,110693.46
3450,2020,Nashik,Tomato,Rabi,Red,Rainfed,8.75,729.2,22.7,63.3,6.1,35227.31,61480.98,28587.19,99006.75,43527.11,23784.55,71336.16,26.87,291613.88,1916861.08,1625247.2
3451,2022,Pune,Rice,Kharif,Red,Canal,4.58,802.6,22.3,63.9,6.6,15951.71,29956.51,15740.39,33020.86,19623.35,11534.56,12177.74,31.31,125827.39,381258.31,255430.92
3452,2020,Satara,Sugarcane,Annual,Red,Rainfed,10.03,847.3,22.5,73.8,6.52,68046.1,88595.67,33133.38,122603.3,65354.17,37104.11,296257.68,2.32,414836.74,687247.42,272410.68
3453,2022,Satara,Cotton,Kharif,Loamy,Canal,10.55,1018.1,22.6,77.8,7.2,50893.58,64212.19,41145.75,109575.59,51082.33,30114.08,8731.42,71.87,347023.52,627516.99,280493.47
3454,2024,Pune,Soybean,Kharif,Red,Borewell,1.68,732.1,25.1,65.8,6.99,5747.85,7145.25,3779.85,8547.13,3938.68,3125.12,1990.89,48.63,32283.87,96818.73,64534.86
3455,2020,Nashik,Cotton,Kharif,Alluvial,Drip,3.33,734.8,26.7,54.8,6.02,14552.74,19013.97,10858.9,34618.81,14909.59,9545.31,2680.9,78.76,103499.32,211147.08,107647.76
3456,2021,Nashik,Rice,Kharif,Black,Borewell,10.9,696.1,25.9,68.2,5.81,31786.28,64262.38,31912.51,88195.09,43615.75,22424.3,32975.53,34.34,282196.3,1132504.48,850308.17
3457,2025,Solapur,Maize,Kharif,Black,Canal,8.97,594.8,24.7,58.0,6.39,29765.34,53914.75,20064.85,74037.04,27928.04,22961.55,30547.64,20.39,228671.56,622852.83,394181.27
3458,2023,Ahmednagar,Maize,Kharif,Alluvial,Borewell,3.72,647.4,25.1,64.2,6.53,10265.41,19451.63,8288.72,28026.06,11862.21,8545.49,12961.41,21.81,86439.52,282659.6,196220.08
3459,2025,Pune,Maize,Kharif,Red,Canal,2.59,640.2,23.1,59.3,6.03,6555.92,17045.42,6507.39,19014.16,7183.01,5795.35,7856.93,22.28,62101.25,175016.3,112915.05
3460,2025,Sangli,Onion,Rabi,Black,Rainfed,11.5,725.3,25.6,48.2,7.72,76663.26,94339.01,50666.58,99409.45,63423.3,39280.35,90523.3,21.12,423781.95,1911683.28,1487901.33
3461,2020,Solapur,Soybean,Kharif,Loamy,Rainfed,10.02,676.4,28.4,62.0,6.76,28925.91,38532.09,18315.76,45901.06,16992.88,17388.15,11190.56,51.23,166055.87,573244.2,407188.33
3462,2022,Satara,Rice,Kharif,Black,Drip,11.59,872.0,26.8,51.9,6.58,35137.67,83578.79,36234.08,98911.47,49272.54,30684.23,33476.15,35.67,333818.78,1193990.31,860171.54
3463,2022,Satara,Cotton,Kharif,Alluvial,Canal,7.9,1014.8,23.7,72.5,6.22,40820.8,55617.32,30357.23,77248.77,39341.73,21268.26,5406.45,69.75,264654.11,377108.86,112454.74
3464,2021,Sangli,Onion,Rabi,Red,Drip,1.48,738.1,30.6,54.9,6.64,9326.09,10493.02,5862.38,14847.32,7210.65,4050.91,11012.45,24.99,51790.37,275204.43,223414.06
3465,2019,Kolhapur,Wheat,Rabi,Red,Rainfed,5.73,1489.9,25.7,68.8,5.63,13990.75,28945.32,13045.62,35593.75,11639.3,10709.5,12977.13,28.31,113924.24,367344.18,253419.94
3466,2019,Aurangabad,Maize,Kharif,Loamy,Rainfed,4.14,768.1,23.9,84.6,6.38,11120.32,21987.03,8029.1,21993.8,12521.57,7525.11,12473.54,16.61,83176.93,207148.14,123971.22
3467,2022,Ahmednagar,Onion,Rabi,Red,Borewell,6.38,585.1,25.3,65.1,6.82,39091.19,47085.6,22703.01,58779.71,32671.37,17073.82,53417.51,26.83,217404.69,1432925.79,1215521.1
3468,2020,Pune,Cotton,Kharif,Black,Borewell,8.82,570.7,27.9,72.6,7.73,41624.32,42386.02,33655.9,89807.44,36579.42,25988.1,6078.49,66.8,270041.2,406051.16,136009.96
3469,2022,Sangli,Rice,Kharif,Black,Borewell,0.85,517.7,23.2,55.3,7.04,2728.17,6199.53,2777.24,7355.63,4178.72,2073.77,2615.99,28.1,25313.07,73504.9,48191.83
3470,2020,Ahmednagar,Soybean,Kharif,Alluvial,Rainfed,1.08,613.4,28.7,62.4,7.5,2910.0,3980.14,2135.99,4923.29,1900.76,1794.48,1233.5,49.76,17644.66,61384.48,43739.82
3471,2021,Solapur,Onion,Rabi,Red,Rainfed,0.64,575.8,21.0,52.7,6.48,3445.55,4383.57,2258.13,6303.96,3431.5,1721.71,3828.46,25.18,21544.41,96403.85,74859.44
3472,2019,Kolhapur,Soybean,Kharif,Red,Rainfed,9.54,1645.8,27.1,75.4,6.85,25849.82,38556.89,17640.85,37713.6,17486.4,13365.13,9958.67,44.34,150612.69,441605.45,290992.76
3473,2023,Pune,Rice,Kharif,Alluvial,Borewell,0.61,840.3,27.0,49.4,7.13,2160.61,4436.57,1708.38,5368.83,2905.07,1479.18,1957.9,32.56,18058.63,63744.9,45686.26
3474,2021,Aurangabad,Sugarcane,Annual,Loamy,Canal,2.93,704.8,23.6,57.2,6.56,19946.33,28514.59,10632.35,30899.01,20095.61,10086.96,126169.01,3.82,120174.83,482035.48,361860.65
3475,2022,Solapur,Rice,Kharif,Alluvial,Canal,5.71,482.0,26.2,47.3,6.2,19750.11,38043.38,19945.53,43367.91,25613.26,13993.08,17108.59,32.4,160713.26,554270.02,393556.75
3476,2025,Sangli,Cotton,Kharif,Red,Drip,10.06,549.3,27.2,65.7,7.02,58911.84,69454.0,42143.14,103285.43,47776.7,29498.22,6354.77,80.56,351069.33,511959.84,160890.51
3477,2025,Aurangabad,Cotton,Kharif,Black,Drip,2.68,656.6,23.7,55.4,7.82,13537.36,19374.37,11984.7,35349.59,13982.64,9194.11,2014.18,65.33,103422.77,131578.77,28155.99
3478,2022,Aurangabad,Cotton,Kharif,Black,Rainfed,3.25,684.8,23.2,68.2,6.16,16078.53,19262.42,12364.98,36189.72,12927.39,10679.24,2105.56,58.29,107502.29,122742.73,15240.45
3479,2025,Pune,Wheat,Rabi,Black,Rainfed,8.12,752.1,23.8,81.5,7.34,29240.76,54244.83,25083.4,75578.44,23438.93,18362.39,18272.32,31.07,225948.74,567708.46,341759.72
3480,2019,Satara,Wheat,Rabi,Loamy,Drip,1.86,864.1,24.1,51.8,7.16,4662.59,8593.62,4058.6,12394.88,4625.87,3777.22,5560.88,28.65,38112.77,159301.6,121188.83
3481,2022,Aurangabad,Rice,Kharif,Alluvial,Rainfed,5.28,562.5,25.2,57.7,7.43,19125.64,36675.57,16965.51,49208.66,23650.42,14531.35,12184.95,36.34,160157.16,442822.41,282665.25
3482,2022,Ahmednagar,Sugarcane,Annual,Black,Rainfed,6.55,530.8,25.2,69.6,6.13,47928.78,67301.33,25962.72,83008.6,49436.98,23282.77,217603.65,2.9,296921.18,630759.07,333837.9
3483,2022,Solapur,Rice,Kharif,Black,Drip,10.32,732.7,22.2,58.0,6.92,38370.5,74350.86,31368.75,90494.39,39912.87,27112.17,32446.06,38.06,301609.54,1234842.01,933232.47
3484,2021,Nashik,Wheat,Rabi,Black,Borewell,11.93,490.9,22.7,62.2,5.84,34761.67,74287.86,32770.53,76467.05,30917.79,23211.98,29122.19,24.77,272416.88,721343.0,448926.12
3485,2023,Satara,Rice,Kharif,Black,Borewell,2.64,962.3,24.9,57.5,6.78,10168.61,21941.65,8200.01,24137.14,12381.22,5917.68,9095.53,31.99,82746.31,290936.14,208189.83
3486,2020,Nashik,Sugarcane,Annual,Black,Borewell,6.0,719.2,21.5,64.4,7.51,36775.66,56521.0,19262.29,77738.96,42115.61,23506.73,203843.29,2.78,255920.24,567594.9,311674.66
3487,2019,Solapur,Soybean,Kharif,Black,Canal,0.92,567.9,24.1,53.7,6.57,2503.32,2899.99,1484.48,4185.48,1580.17,1489.13,1144.31,47.23,14142.57,54049.98,39907.41
3488,2022,Kolhapur,Onion,Rabi,Alluvial,Drip,5.36,1550.4,23.7,74.1,7.15,31379.07,36370.89,22493.44,55646.84,27913.04,15505.4,47571.86,23.71,189308.69,1128147.65,938838.96
3489,2019,Ahmednagar,Tomato,Rabi,Red,Rainfed,9.63,702.4,28.6,75.9,7.42,42650.79,74842.53,38997.35,94691.76,50726.86,25612.48,77203.61,24.98,327521.77,1928774.87,1601253.1
3490,2020,Sangli,Wheat,Rabi,Alluvial,Canal,0.64,538.1,25.9,70.1,6.65,1718.25,3723.91,1528.13,3934.34,1479.82,1204.28,1631.75,24.38,13588.74,39776.02,26187.27
3491,2024,Sangli,Sugarcane,Annual,Loamy,Canal,5.74,525.4,26.4,55.7,6.32,45065.2,66332.21,22914.96,81772.18,44799.54,26621.9,201879.38,3.58,287505.98,722302.08,434796.1
3492,2020,Pune,Sugarcane,Annual,Black,Rainfed,11.33,646.6,22.6,55.9,6.97,70214.04,104032.73,39023.74,127716.96,77542.6,37131.48,358830.16,3.5,455661.54,1256773.97,801112.43
3493,2024,Satara,Onion,Rabi,Red,Borewell,1.03,914.6,22.5,57.2,7.25,6203.87,8928.84,4145.17,12790.03,6419.19,2610.4,6976.73,21.68,41097.49,151263.77,110166.28
3494,2021,Aurangabad,Maize,Kharif,Loamy,Borewell,0.82,826.2,27.2,66.8,7.45,2263.4,4074.68,1754.94,5603.83,2536.94,1605.5,2700.53,22.02,17839.31,59466.13,41626.82
3495,2019,Ahmednagar,Tomato,Rabi,Alluvial,Rainfed,2.33,562.6,24.1,71.1,6.58,10349.38,16656.49,8583.45,19815.53,11478.55,6539.49,20585.6,26.41,73422.88,543631.37,470208.49
3496,2024,Ahmednagar,Soybean,Kharif,Loamy,Rainfed,7.81,535.4,21.9,51.5,6.64,26511.84,32863.62,16263.29,39461.81,16217.51,15042.61,7083.94,42.28,146360.66,299539.7,153179.04
3497,2021,Pune,Wheat,Rabi,Loamy,Borewell,1.79,914.7,24.4,61.9,7.18,5211.71,10642.03,4161.63,11883.21,4787.19,2857.27,5327.32,20.01,39543.05,106611.86,67068.82
3498,2021,Nashik,Tomato,Rabi,Alluvial,Rainfed,7.69,562.3,25.4,53.5,6.46,34902.09,55548.3,34013.14,78919.88,36561.18,23496.75,65337.52,22.97,263441.34,1500729.51,1237288.17
3499,2019,Nashik,Rice,Kharif,Loamy,Borewell,1.61,933.7,21.6,75.5,6.35,5132.66,9494.17,4186.74,12662.67,6349.21,3392.01,4892.11,36.51,41217.46,178630.7,137413.24
3500,2021,Nashik,Sugarcane,Annual,Black,Rainfed,3.52,779.7,23.7,58.4,7.2,22819.87,36646.98,10525.27,40490.41,24032.65,13069.41,133557.13,3.0,147584.59,401055.64,253471.05
3501,2023,Satara,Cotton,Kharif,Black,Canal,0.63,841.2,22.9,59.6,6.61,2725.14,4115.99,2699.59,6645.14,3049.99,1851.47,454.14,83.82,21087.32,38065.43,16978.11
3502,2020,Solapur,Wheat,Rabi,Black,Canal,3.85,534.4,28.0,69.9,7.69,9906.29,20623.28,7319.08,25499.35,9188.38,5901.8,10419.71,33.89,78438.19,353101.66,274663.48
3503,2021,Pune,Maize,Kharif,Black,Canal,4.45,903.8,24.6,66.3,5.2,11982.67,25364.42,9244.89,26123.38,11846.59,7644.6,16474.24,22.96,92206.55,378306.11,286099.56
3504,2025,Sangli,Sugarcane,Annual,Loamy,Drip,10.85,789.0,25.2,56.3,6.76,88905.26,116720.73,45096.82,179551.82,89626.89,45095.13,487778.69,3.17,564996.66,1546439.24,981442.59
3505,2022,Satara,Rice,Kharif,Loamy,Rainfed,2.03,896.1,27.2,64.4,6.6,6362.99,13591.39,5886.3,16199.27,9619.8,4655.76,5908.55,32.07,56315.5,189460.38,133144.87
3506,2023,Sangli,Tomato,Rabi,Alluvial,Rainfed,10.28,716.0,28.6,61.8,5.9,50198.76,66432.6,46388.17,125966.3,63121.49,28317.0,96431.26,20.01,380424.31,1929518.9,1549094.59
3507,2019,Sangli,Tomato,Rabi,Red,Drip,11.71,720.4,27.9,55.7,6.06,46402.43,79799.14,45612.67,110209.93,56337.15,31910.94,102391.31,20.25,370272.26,2073318.42,1703046.16
3508,2019,Kolhapur,Sugarcane,Annual,Loamy,Borewell,2.58,1587.2,24.0,78.8,6.93,16624.66,23426.89,7955.76,32334.19,18174.17,8755.94,106243.09,2.96,107271.6,314673.29,207401.69
3509,2020,Satara,Cotton,Kharif,Red,Canal,3.73,879.5,24.7,63.0,6.68,16105.96,23300.08,14286.27,37472.69,15574.04,10884.58,2325.42,58.67,117623.61,136422.04,18798.43
3510,2020,Ahmednagar,Tomato,Rabi,Alluvial,Rainfed,1.94,692.8,19.7,69.8,7.48,8691.29,12975.89,7510.5,23051.21,7853.82,5059.84,16533.98,27.26,65142.55,450689.51,385546.96
3511,2019,Pune,Sugarcane,Annual,Alluvial,Drip,4.48,585.3,26.2,59.0,5.92,28926.08,37686.64,12663.65,52828.65,27145.23,15934.54,164946.38,2.8,175184.8,461607.13,286422.33
3512,2019,Ahmednagar,Tomato,Rabi,Red,Borewell,3.67,574.2,25.0,60.7,6.7,16158.62,24456.26,12451.21,34981.35,16403.24,9484.81,34565.14,20.76,113935.5,717601.14,603665.64
3513,2025,Aurangabad,Wheat,Rabi,Red,Rainfed,4.01,668.0,29.2,58.9,7.6,13073.92,26346.44,10157.0,31312.64,12363.96,8868.63,8858.22,33.22,102122.6,294307.59,192184.99
3514,2019,Sangli,Rice,Kharif,Red,Rainfed,8.05,639.7,27.7,87.5,6.51,24658.5,46679.16,23278.55,60116.65,28745.26,18410.44,18241.5,30.02,201888.56,547551.93,345663.37
3515,2025,Nashik,Cotton,Kharif,Black,Drip,8.53,540.1,24.9,65.0,6.05,42839.16,59280.63,35538.02,102202.1,47310.01,25611.93,6558.84,71.38,312781.85,468180.35,155398.49
3516,2020,Aurangabad,Onion,Rabi,Black,Rainfed,11.52,757.8,27.2,58.5,5.84,56546.24,81435.0,40630.97,97426.05,52318.46,31241.21,78979.72,21.85,359597.94,1725983.53,1366385.59
3517,2024,Pune,Sugarcane,Annual,Alluvial,Rainfed,8.16,863.3,24.6,55.1,6.23,63184.02,80093.13,30248.72,109292.95,64563.22,36336.04,323589.75,4.04,383718.07,1305739.62,922021.55
3518,2021,Sangli,Rice,Kharif,Alluvial,Drip,6.39,662.1,28.2,59.7,6.03,20135.75,42490.84,22300.43,50826.95,29040.7,15798.21,20868.86,28.96,180592.88,604292.5,423699.62
3519,2022,Nashik,Maize,Kharif,Alluvial,Drip,1.82,815.7,25.9,71.3,7.02,4966.03,10556.78,4799.95,13265.46,5379.42,3737.34,6778.95,18.98,42704.98,128672.23,85967.24
3520,2022,Solapur,Sugarcane,Annual,Black,Drip,3.29,602.8,25.5,72.7,6.54,23706.67,30706.97,11919.0,51069.73,23078.41,13775.71,129971.95,2.96,154256.48,384361.43,230104.95
3521,2021,Pune,Wheat,Rabi,Black,Borewell,1.11,690.7,21.4,62.0,6.71,3168.42,6021.6,2767.8,7456.14,3067.61,2379.18,3036.6,18.5,24860.75,56173.84,31313.09
3522,2022,Solapur,Sugarcane,Annual,Black,Drip,8.75,580.0,27.4,80.8,6.88,68220.43,83649.48,27479.32,104616.52,63563.09,35570.35,341705.91,3.54,383099.19,1210298.2,827199.01
3523,2023,Sangli,Soybean,Kharif,Black,Canal,5.15,653.3,26.1,70.4,5.74,17639.42,25237.6,10854.07,26630.09,9831.43,8795.91,7202.15,39.55,98988.52,284809.41,185820.89
3524,2025,Nashik,Tomato,Rabi,Black,Drip,6.39,812.1,25.7,57.0,6.87,32509.12,61631.5,26517.13,77154.23,33881.12,21670.23,63886.32,29.99,253363.32,1916253.09,1662889.77
3525,2025,Kolhapur,Sugarcane,Annual,Red,Borewell,8.84,1415.4,27.2,60.5,6.44,63719.72,95182.88,29291.37,142000.77,65419.59,39273.44,309016.91,4.1,434887.76,1268144.85,833257.09
3526,2024,Aurangabad,Maize,Kharif,Loamy,Borewell,3.91,599.4,26.0,58.6,7.74,11713.88,23874.88,9445.94,28239.86,13223.98,7887.27,12019.05,27.23,94385.82,327320.77,232934.95
3527,2019,Kolhapur,Wheat,Rabi,Alluvial,Drip,4.67,1463.3,25.5,63.4,7.43,12382.06,25950.0,8895.98,32110.61,12388.25,8888.56,13153.61,26.96,100615.46,354629.47,254014.01
3528,2025,Kolhapur,Rice,Kharif,Black,Borewell,4.8,1308.9,25.4,51.4,6.63,19488.76,36750.47,18306.39,45443.78,19747.15,12891.74,12411.57,32.03,152628.28,397500.98,244872.7
3529,2022,Solapur,Rice,Kharif,Black,Borewell,9.51,399.5,27.0,61.7,6.4,34867.89,64146.36,26738.46,80382.34,42746.95,24621.77,25086.47,25.35,273503.77,635853.14,362349.37
3530,2022,Ahmednagar,Soybean,Kharif,Alluvial,Drip,9.82,615.2,24.2,57.9,7.03,32651.67,41659.9,18977.58,49399.62,18049.52,16654.13,12598.17,54.02,177392.41,680539.33,503146.92
3531,2021,Sangli,Onion,Rabi,Black,Borewell,0.57,487.5,27.2,76.6,6.96,3205.24,4117.63,2027.65,6113.88,2691.94,1462.91,4982.02,20.72,19619.25,103216.65,83597.4
3532,2021,Ahmednagar,Tomato,Rabi,Black,Borewell,6.35,651.8,25.2,54.2,6.8,27876.03,47188.02,21557.3,59697.57,29923.67,18109.88,61351.84,26.8,204352.48,1644501.36,1440148.88
3533,2022,Sangli,Cotton,Kharif,Red,Canal,3.51,712.0,25.8,65.0,7.14,16340.77,20103.66,12933.24,31088.52,17370.11,7688.75,2769.86,62.62,105525.03,173439.16,67914.13
3534,2021,Pune,Tomato,Rabi,Loamy,Canal,1.95,906.9,25.1,55.8,5.9,8349.29,14054.17,7983.69,20251.95,9606.23,4734.63,20381.44,28.09,64979.97,572552.03,507572.06
3535,2022,Nashik,Maize,Kharif,Black,Drip,7.88,679.2,23.4,58.3,6.38,18371.62,41817.34,19280.98,51362.86,22037.69,15125.36,25666.76,22.09,167995.86,567012.18,399016.32
3536,2022,Nashik,Onion,Rabi,Red,Drip,6.35,814.1,23.0,68.0,7.31,33110.15,42262.3,26001.0,66169.83,30831.94,13352.16,55816.41,24.25,211727.39,1353680.18,1141952.8
3537,2025,Satara,Onion,Rabi,Loamy,Canal,4.95,980.5,23.5,58.4,7.68,33245.86,38652.5,19824.37,55148.7,29268.88,18042.16,41464.18,27.04,194182.48,1121378.44,927195.96
3538,2023,Pune,Maize,Kharif,Red,Canal,7.2,640.2,25.8,48.2,6.06,20304.27,39181.78,16153.71,54560.28,19532.64,16461.25,21168.77,24.23,166193.93,512915.62,346721.69
3539,2023,Satara,Tomato,Rabi,Black,Borewell,6.24,941.1,25.0,70.0,6.94,29392.34,46198.42,23708.93,71479.23,38040.92,20243.91,61212.27,29.09,229063.75,1780717.47,1551653.72
3540,2022,Kolhapur,Maize,Kharif,Loamy,Drip,8.05,1510.3,23.4,77.0,7.01,22001.72,49235.81,20019.29,53174.38,25780.31,15575.19,27620.4,16.29,185786.69,449809.58,264022.89
3541,2022,Nashik,Sugarcane,Annual,Black,Rainfed,7.22,766.4,21.9,65.1,7.5,51444.04,70634.51,26901.32,114989.14,52147.96,27600.71,214629.3,3.13,343717.67,671229.48,327511.81
3542,2019,Kolhapur,Rice,Kharif,Red,Rainfed,2.85,1451.8,23.3,48.9,7.59,8581.99,16464.33,9235.0,21542.88,9663.5,6054.91,6421.9,34.96,71542.61,224514.53,152971.92
3543,2024,Solapur,Soybean,Kharif,Red,Drip,4.73,590.9,24.9,64.1,7.45,15268.68,21108.76,10435.02,23467.41,8999.29,8629.18,5844.24,58.03,87908.34,339166.89,251258.55
3544,2020,Nashik,Tomato,Rabi,Red,Borewell,4.51,731.6,23.2,57.3,6.48,18252.45,33531.78,13352.95,46707.24,22706.05,12740.9,42922.57,18.51,147291.39,794403.26,647111.87
3545,2021,Pune,Tomato,Rabi,Red,Drip,1.65,769.7,28.5,55.3,7.48,7370.33,11604.42,5731.16,17130.44,8258.52,5076.99,17136.33,26.51,55171.86,454340.78,399168.92
3546,2021,Kolhapur,Wheat,Rabi,Black,Borewell,6.18,1411.9,26.3,57.2,7.31,18535.67,39643.15,11758.51,46425.63,16773.63,12559.24,17129.65,28.15,145695.82,482265.61,336569.79
3547,2020,Pune,Onion,Rabi,Alluvial,Canal,10.74,750.7,25.4,66.7,6.25,57674.04,71067.65,36887.52,76137.31,53216.21,31033.06,83217.97,24.61,326015.8,2048350.57,1722334.77
3548,2020,Aurangabad,Cotton,Kharif,Alluvial,Rainfed,9.34,621.7,26.6,73.4,6.5,43743.67,51941.73,31132.85,89005.26,36925.75,19479.82,6445.76,64.05,272229.08,412838.74,140609.66
3549,2021,Sangli,Rice,Kharif,Black,Drip,5.91,652.1,27.2,66.8,5.2,18809.45,42396.06,15416.05,50048.13,23997.92,14352.26,15994.13,31.09,165019.89,497306.4,332286.51
3550,2019,Kolhapur,Cotton,Kharif,Loamy,Borewell,1.76,1455.6,22.3,58.8,7.24,7918.38,9543.07,6514.5,13581.1,7258.09,4434.3,1254.05,54.5,49249.44,68342.14,19092.7
3551,2025,Aurangabad,Rice,Kharif,Loamy,Rainfed,4.35,755.6,27.6,46.8,7.7,18642.17,36904.89,17809.88,42821.66,19689.17,12407.97,11979.31,24.39,148275.74,292191.3,143915.56
3552,2023,Kolhapur,Maize,Kharif,Black,Rainfed,4.71,1478.6,22.8,59.5,6.93,12314.66,27487.28,9856.06,32111.29,14427.07,8760.08,11641.49,22.47,104956.44,261608.6,156652.16
3553,2025,Aurangabad,Tomato,Rabi,Red,Rainfed,10.76,626.7,26.3,57.9,7.35,54562.25,87992.3,49891.45,131499.44,61350.18,35492.32,81264.59,29.33,420787.93,2383733.26,1962945.33
3554,2022,Nashik,Cotton,Kharif,Alluvial,Borewell,5.25,726.4,23.6,57.7,6.79,25834.0,31603.46,18421.37,55857.42,22668.75,14838.29,4284.24,73.88,169223.29,316523.27,147299.98
3555,2025,Satara,Rice,Kharif,Alluvial,Drip,8.29,902.1,24.2,81.0,7.31,31290.71,63007.71,29015.11,85251.25,45211.83,21581.37,26815.39,24.13,275357.98,647026.67,371668.69
3556,2021,Sangli,Tomato,Rabi,Loamy,Drip,10.41,777.3,26.1,59.3,6.02,44110.96,79333.74,41201.15,120514.36,47111.01,32371.89,111568.74,22.13,364643.11,2468518.54,2103875.42
3557,2021,Aurangabad,Tomato,Rabi,Loamy,Canal,2.4,504.9,29.1,87.1,6.9,11935.7,17171.09,9455.55,19352.38,12219.4,7430.92,20482.86,23.83,77565.04,488167.47,410602.43
3558,2021,Solapur,Rice,Kharif,Alluvial,Canal,2.59,569.7,24.4,45.5,6.95,9288.16,17071.26,8627.63,22094.44,11432.9,6425.67,7635.71,33.04,74940.06,252305.11,177365.06
3559,2019,Nashik,Wheat,Rabi,Red,Drip,6.09,832.6,22.7,55.5,6.55,16821.52,32462.95,12433.92,36883.59,14747.84,11721.64,15838.73,31.17,125071.45,493675.36,368603.91
3560,2021,Aurangabad,Wheat,Rabi,Red,Borewell,2.92,595.3,25.5,71.7,6.57,8136.45,16257.88,6446.92,23464.32,7303.03,6088.54,6810.69,23.69,67697.14,161314.56,93617.42
3561,2019,Solapur,Wheat,Rabi,Black,Borewell,11.99,598.5,28.9,47.1,7.01,29151.55,56687.0,23994.42,94408.13,29997.85,18391.22,28774.0,20.61,252630.16,592943.32,340313.16
3562,2024,Sangli,Rice,Kharif,Black,Drip,8.98,729.9,29.1,66.2,6.65,34581.59,71268.67,26983.67,95922.61,49838.99,20504.73,29387.02,35.83,299100.25,1052992.91,753892.66
3563,2022,Satara,Tomato,Rabi,Alluvial,Drip,6.94,765.2,25.9,74.3,7.59,33732.9,51844.63,32529.22,72505.16,34705.19,20218.34,66065.88,24.68,245535.44,1630341.01,1384805.57
3564,2019,Ahmednagar,Tomato,Rabi,Alluvial,Canal,1.29,536.7,24.9,49.2,7.01,5007.8,9586.44,4336.81,13420.65,6222.78,3622.47,12906.2,24.6,42196.95,317503.47,275306.51
3565,2022,Pune,Onion,Rabi,Loamy,Rainfed,9.85,801.6,28.6,50.9,7.04,64513.76,77154.75,36117.31,105361.68,49319.97,29470.38,67117.33,22.8,361937.85,1529967.64,1168029.79
3566,2023,Pune,Wheat,Rabi,Alluvial,Drip,10.07,926.2,25.4,61.5,7.01,30808.11,63691.59,25915.26,76600.22,27400.11,20430.32,34342.17,35.03,244845.61,1202937.34,958091.72
3567,2020,Kolhapur,Cotton,Kharif,Black,Canal,3.48,1556.3,24.6,44.1,7.04,16724.33,17426.02,13893.93,33217.23,14467.05,8208.85,2945.12,51.9,103937.41,152860.65,48923.23
3568,2024,Sangli,Tomato,Rabi,Alluvial,Borewell,3.19,706.3,25.6,53.1,6.67,16160.45,26187.53,12812.41,38267.32,19664.89,9667.34,39828.38,29.2,122759.94,1163040.81,1040280.87
3569,2022,Aurangabad,Tomato,Rabi,Black,Canal,4.2,896.6,24.6,83.5,7.67,18556.01,32502.92,18969.45,43909.84,20043.53,11839.91,46867.38,27.32,145821.67,1280371.38,1134549.71
3570,2020,Kolhapur,Tomato,Rabi,Black,Canal,7.18,1439.1,25.8,63.1,6.44,32778.89,53648.25,26378.17,67738.24,40802.85,19722.84,74946.77,23.87,241069.25,1789219.94,1548150.69
3571,2025,Sangli,Onion,Rabi,Alluvial,Borewell,4.82,500.9,25.0,62.6,6.0,28017.9,39127.12,19526.5,53283.65,25778.35,15618.83,41022.44,22.91,181352.34,939918.27,758565.93
3572,2023,Solapur,Sugarcane,Annual,Black,Borewell,2.05,546.9,28.3,68.6,6.51,14594.41,22455.74,7518.5,28559.43,15133.79,7969.97,79573.05,4.15,96231.83,330002.86,233771.03
3573,2020,Solapur,Cotton,Kharif,Red,Rainfed,7.0,695.5,23.6,61.4,6.33,32144.3,40140.32,26691.41,67319.33,32447.75,18719.73,4944.55,62.23,217462.83,307684.8,90221.97
3574,2020,Ahmednagar,Tomato,Rabi,Alluvial,Canal,5.98,519.3,24.4,52.3,6.79,26177.81,48942.37,24705.05,62175.63,33621.85,16153.31,54814.62,24.5,211776.02,1342936.71,1131160.69
3575,2025,Sangli,Tomato,Rabi,Red,Drip,8.48,637.2,28.9,52.9,6.95,47837.37,78755.44,38961.77,102290.23,49711.21,25630.15,78806.72,29.38,343186.18,2315410.97,1972224.79
3576,2024,Solapur,Tomato,Rabi,Alluvial,Rainfed,1.29,819.2,30.5,69.0,6.49,5876.43,11445.85,4526.09,14653.65,8344.13,4345.55,12212.82,21.87,49191.69,267098.35,217906.66
3577,2024,Sangli,Rice,Kharif,Alluvial,Canal,4.88,647.1,26.7,49.3,6.8,18570.51,38496.21,18658.92,50317.07,22912.92,13770.81,15571.09,41.09,162726.45,639741.13,477014.69
3578,2019,Pune,Soybean,Kharif,Loamy,Drip,8.06,659.4,27.5,58.4,6.11,24235.34,30275.79,14864.85,36391.15,13909.01,12397.58,8933.34,45.82,132073.72,409321.75,277248.03
3579,2020,Nashik,Maize,Kharif,Red,Canal,2.79,812.0,23.1,67.1,5.98,6684.55,14283.33,5480.58,17607.61,7852.06,5127.57,9840.51,17.88,57035.71,175990.16,118954.45
3580,2022,Aurangabad,Maize,Kharif,Loamy,Borewell,0.99,733.5,23.7,47.0,6.14,2757.14,5459.8,2471.08,7435.02,3165.37,1799.53,3402.91,24.95,23087.94,84911.21,61823.27
3581,2020,Sangli,Cotton,Kharif,Alluvial,Rainfed,1.82,537.4,27.7,48.1,6.57,7008.54,10880.64,7017.39,15132.5,7989.68,4400.59,1092.9,69.49,52429.34,75941.41,23512.07
3582,2019,Pune,Tomato,Rabi,Black,Drip,4.72,781.9,27.2,48.1,6.63,17969.54,31118.64,16991.69,48669.13,23150.67,13007.37,54457.86,25.93,150907.05,1412287.81,1261380.76
3583,2019,Nashik,Cotton,Kharif,Alluvial,Canal,9.01,793.0,23.7,60.8,7.2,31955.88,48345.22,30669.3,85593.92,36388.14,25622.49,5770.08,67.85,258574.94,391486.11,132911.17
3584,2019,Pune,Tomato,Rabi,Black,Rainfed,9.07,601.2,24.0,68.3,6.76,39496.75,62393.5,36784.19,82501.02,39835.64,20252.28,79441.4,26.39,281263.37,2096498.92,1815235.55
3585,2022,Sangli,Sugarcane,Annual,Loamy,Drip,9.49,524.8,26.4,68.3,7.3,63201.92,93906.05,36348.06,134266.29,64525.95,38473.04,391187.8,3.33,430721.31,1304119.23,873397.92
3586,2020,Nashik,Soybean,Kharif,Alluvial,Borewell,9.25,646.4,23.1,82.0,7.5,28174.37,32514.4,15645.33,37418.66,16808.16,14844.3,11082.85,49.86,145405.22,552560.01,407154.79
3587,2022,Kolhapur,Wheat,Rabi,Red,Borewell,10.45,1659.4,22.1,64.9,6.71,33259.21,55490.25,27362.7,79173.15,26394.13,23379.67,28619.64,28.22,245059.11,807669.36,562610.26
3588,2024,Ahmednagar,Cotton,Kharif,Loamy,Rainfed,0.5,665.8,23.4,65.0,6.11,2636.23,3607.56,2006.91,5265.74,2278.95,1576.03,306.71,56.47,17371.42,17321.12,-50.3
3589,2020,Nashik,Maize,Kharif,Black,Drip,7.69,681.8,23.2,60.9,6.68,19061.45,41886.03,13317.89,45809.19,20358.3,13382.65,26269.75,15.92,153815.5,418177.54,264362.04
3590,2024,Satara,Cotton,Kharif,Loamy,Canal,3.91,986.3,24.3,63.5,6.5,18780.23,26813.65,16105.49,39228.74,21331.56,10884.23,2910.3,80.75,133143.91,235014.17,101870.26
3591,2021,Sangli,Soybean,Kharif,Loamy,Rainfed,2.96,561.3,29.0,57.1,7.07,8882.4,9664.53,5453.77,13858.2,5399.74,5600.54,2762.7,44.47,48859.17,122856.41,73997.24
3592,2025,Solapur,Sugarcane,Annual,Red,Canal,9.94,543.9,26.2,61.8,6.37,77897.54,100704.62,37756.11,163057.57,72997.97,40508.04,329029.33,4.01,492921.85,1319212.86,826291.01
3593,2021,Ahmednagar,Cotton,Kharif,Red,Rainfed,9.56,687.0,19.9,58.3,6.37,44068.63,57654.92,33181.52,88198.72,45580.13,27861.56,5562.84,84.74,296545.48,471372.08,174826.6
3594,2021,Solapur,Soybean,Kharif,Alluvial,Canal,9.41,790.7,29.4,69.5,6.13,28173.63,36992.63,17642.79,40926.67,17218.34,15266.71,12180.94,38.96,156220.78,474567.75,318346.98
3595,2024,Pune,Wheat,Rabi,Loamy,Canal,7.55,750.7,26.1,59.4,7.38,21613.14,50177.15,23233.12,56452.01,19751.08,16245.33,21027.92,29.28,187471.84,615637.08,428165.24
3596,2021,Solapur,Cotton,Kharif,Loamy,Canal,10.62,742.3,27.2,64.0,5.95,43975.39,71254.31,35188.9,117657.42,44780.37,27140.63,7565.64,69.69,339997.03,527284.5,187287.47
3597,2025,Satara,Maize,Kharif,Black,Rainfed,11.41,970.5,20.9,60.2,7.08,33866.7,76959.86,25213.05,88136.73,40053.24,23893.72,32301.71,25.17,288123.32,812888.92,524765.6
3598,2020,Satara,Maize,Kharif,Loamy,Canal,10.97,851.2,22.6,63.3,7.31,28444.81,52880.04,22691.96,66585.24,30224.52,20348.83,33615.81,17.76,221175.4,596969.19,375793.78
3599,2022,Nashik,Sugarcane,Annual,Loamy,Borewell,10.94,612.6,26.3,52.7,6.37,71092.21,105409.58,37624.78,151701.42,91857.85,43322.62,388670.82,3.4,501008.45,1321675.42,820666.97
3600,2024,Satara,Soybean,Kharif,Alluvial,Drip,0.65,1014.6,23.9,60.6,6.56,2368.63,2776.82,1512.75,3490.9,1505.87,1175.27,792.62,43.7,12830.24,34634.7,21804.46
3601,2019,Ahmednagar,Sugarcane,Annual,Red,Borewell,4.33,662.1,27.4,56.7,7.47,27139.39,37296.17,15552.8,55636.01,27687.27,18107.6,151604.51,2.94,181419.23,445443.58,264024.34
3602,2022,Nashik,Maize,Kharif,Alluvial,Rainfed,11.84,854.7,24.2,57.7,6.65,26747.39,69501.88,28308.71,80314.4,33763.74,23553.97,36183.59,26.99,262190.1,976469.97,714279.87
3603,2023,Nashik,Wheat,Rabi,Loamy,Drip,11.47,760.1,26.0,71.5,6.47,38577.65,65857.63,28775.39,86840.81,30256.16,24582.13,31020.8,33.23,274889.77,1030931.25,756041.48
3604,2021,Kolhapur,Wheat,Rabi,Red,Rainfed,5.69,1351.9,24.1,71.6,6.25,16335.96,34049.84,13132.55,39917.47,13480.13,10274.73,10115.43,26.16,127190.69,264603.05,137412.36
3605,2021,Satara,Tomato,Rabi,Red,Canal,7.02,947.8,24.9,47.5,7.22,32625.38,47135.08,26116.67,59167.56,34934.36,18440.81,70619.03,25.13,218419.87,1774377.74,1555957.87
3606,2025,Solapur,Soybean,Kharif,Red,Canal,4.37,520.3,29.4,50.0,6.27,16538.62,21561.76,9706.61,24453.15,8528.83,8457.51,4244.76,42.24,89246.47,179289.48,90043.01
3607,2025,Pune,Wheat,Rabi,Black,Rainfed,0.71,832.1,30.4,62.7,6.59,2503.87,5271.87,2021.55,6243.85,2172.45,1630.39,1886.52,30.53,19843.98,57599.96,37755.98
3608,2022,Aurangabad,Tomato,Rabi,Alluvial,Rainfed,10.99,661.5,26.6,65.9,5.85,47724.6,88984.0,47056.83,131973.06,54582.81,29870.43,100725.78,29.74,400191.74,2995839.97,2595648.23
3609,2020,Solapur,Tomato,Rabi,Alluvial,Canal,4.0,637.0,26.4,53.1,5.74,17693.57,27861.69,13451.29,37840.98,20518.4,12244.35,40074.26,24.85,129610.28,995824.67,866214.38
3610,2021,Solapur,Cotton,Kharif,Alluvial,Borewell,8.46,630.1,28.1,53.1,5.85,38796.27,52252.66,32828.72,84699.28,40733.12,23792.6,6785.58,52.81,273102.64,358374.2,85271.55
3611,2025,Satara,Wheat,Rabi,Alluvial,Rainfed,9.27,871.2,26.1,72.6,6.18,34244.91,69024.11,23985.6,68005.48,29048.4,22399.97,21250.07,32.91,246708.47,699440.94,452732.47
3612,2022,Satara,Sugarcane,Annual,Black,Rainfed,8.66,834.1,22.3,63.0,7.6,59466.16,85425.08,33105.74,122921.63,64054.21,33561.02,263875.45,3.34,398533.84,880826.36,482292.52
3613,2024,Satara,Onion,Rabi,Black,Drip,6.34,1064.1,23.9,60.6,6.0,39196.6,50763.16,27552.08,71606.97,35845.75,20252.76,57895.17,26.34,245217.32,1524763.14,1279545.82
3614,2025,Kolhapur,Sugarcane,Annual,Loamy,Borewell,10.8,1357.4,21.7,51.4,7.35,76599.41,115938.7,45909.15,165100.94,93478.95,52441.81,357395.2,3.7,549468.94,1320745.31,771276.37
3615,2021,Pune,Maize,Kharif,Alluvial,Borewell,1.14,882.2,22.4,64.6,7.01,2936.96,6642.1,2453.83,7508.16,3120.04,1861.41,4067.32,16.11,24522.49,65505.46,40982.97
3616,2019,Aurangabad,Maize,Kharif,Alluvial,Borewell,5.11,707.7,24.9,59.0,6.38,12497.24,25463.15,10396.27,30856.65,12842.97,9225.22,16009.65,15.5,101281.51,248194.58,146913.07
3617,2022,Kolhapur,Maize,Kharif,Red,Rainfed,5.95,1578.4,24.7,62.0,5.87,15381.98,33865.51,12172.04,42014.15,17529.1,10905.36,18467.8,23.33,131868.14,430817.0,298948.86
3618,2024,Sangli,Rice,Kharif,Alluvial,Drip,6.36,634.2,30.0,50.4,5.8,23327.14,50702.91,24389.46,62078.69,26319.11,15671.57,18546.49,30.11,202488.88,558490.74,356001.87
3619,2020,Ahmednagar,Cotton,Kharif,Red,Borewell,9.02,662.7,27.4,56.8,7.44,37951.58,55836.7,31073.71,94239.17,35939.48,27074.49,6399.78,70.34,282115.13,450152.78,168037.65
3620,2020,Satara,Maize,Kharif,Black,Drip,10.07,909.9,23.2,59.7,7.3,25351.52,46478.48,20590.57,60822.82,28462.53,16826.73,29782.79,20.2,198532.64,601665.73,403133.09
3621,2019,Aurangabad,Rice,Kharif,Loamy,Drip,7.26,674.2,25.3,52.8,6.47,23048.03,48593.86,18182.6,55292.93,26969.73,14848.63,21120.94,30.16,186935.77,637025.9,450090.12
3622,2023,Ahmednagar,Soybean,Kharif,Black,Drip,5.34,821.1,25.3,61.0,6.74,17595.29,23890.5,11757.64,26318.7,10873.11,10387.89,6878.76,47.38,100823.13,325915.91,225092.78
3623,2019,Ahmednagar,Maize,Kharif,Black,Rainfed,8.7,573.2,25.8,57.7,5.65,21075.5,48138.22,15251.01,48839.27,23163.53,14833.66,21444.42,21.11,171301.2,452598.0,281296.8
3624,2020,Ahmednagar,Wheat,Rabi,Red,Rainfed,6.06,761.5,25.4,75.5,6.31,16922.63,31334.79,12500.51,38073.74,14959.34,11826.83,13804.15,25.43,125617.83,351061.17,225443.34
3625,2024,Nashik,Wheat,Rabi,Loamy,Borewell,7.02,621.1,26.5,66.6,7.55,23932.17,42605.47,17715.06,55632.75,19237.8,16010.64,16441.51,32.61,175133.87,536233.07,361099.19
3626,2019,Sangli,Tomato,Rabi,Black,Rainfed,5.64,645.0,25.4,58.1,6.96,22856.06,36866.83,21083.24,47657.42,24203.08,13575.76,50152.2,20.6,166242.38,1033037.47,866795.08
3627,2019,Sangli,Sugarcane,Annual,Black,Rainfed,9.17,710.7,25.7,63.7,6.21,64623.4,74137.65,28654.59,99585.73,64847.78,35327.76,329954.57,2.6,367176.9,858324.56,491147.65
3628,2021,Satara,Cotton,Kharif,Loamy,Rainfed,11.37,1061.4,22.4,59.4,6.71,54672.2,75417.61,39540.1,107452.14,57567.5,33055.63,7281.79,71.27,367705.19,518970.67,151265.48
3629,2024,Pune,Cotton,Kharif,Red,Canal,10.7,753.0,25.3,65.3,7.07,65483.43,75247.61,51802.98,109836.21,54613.82,31905.62,9168.09,78.08,388889.68,715824.1,326934.42
3630,2024,Satara,Onion,Rabi,Black,Rainfed,7.64,1130.9,24.5,53.6,6.46,43731.44,72418.18,27289.1,85442.48,40476.0,21883.46,62516.98,26.96,291240.65,1685558.54,1394317.89
3631,2022,Kolhapur,Sugarcane,Annual,Red,Drip,9.04,1665.9,22.4,67.2,6.44,62511.71,93990.53,33345.29,109276.67,68727.81,36720.92,351799.1,3.64,404572.94,1279723.23,875150.29
3632,2022,Kolhapur,Onion,Rabi,Alluvial,Rainfed,3.17,1656.4,26.3,72.4,7.26,18087.42,24808.51,10372.72,32177.13,17821.4,8957.92,23538.12,26.54,112225.11,624695.54,512470.44
3633,2020,Pune,Wheat,Rabi,Black,Borewell,6.62,648.9,23.4,81.1,6.58,17129.21,37420.89,15280.61,44666.58,16900.31,13608.89,14907.6,29.86,145006.5,445135.92,300129.42
3634,2019,Ahmednagar,Tomato,Rabi,Alluvial,Canal,8.01,621.2,23.0,55.6,7.08,32467.44,56423.54,27333.82,84744.15,34520.55,15347.67,73535.98,21.62,250837.17,1589619.32,1338782.15
3635,2022,Sangli,Onion,Rabi,Black,Canal,10.63,479.3,28.3,66.3,6.28,60277.4,79707.83,40324.63,102579.65,59483.77,28629.06,71145.95,29.91,371002.34,2128258.36,1757256.03
3636,2022,Pune,Wheat,Rabi,Loamy,Borewell,5.24,781.4,21.4,66.5,6.23,15618.66,27382.57,14041.24,42875.23,12815.74,10017.79,14917.04,29.83,122751.22,444955.65,322204.43
3637,2019,Kolhapur,Tomato,Rabi,Black,Rainfed,11.98,1476.3,23.2,83.9,7.2,50475.41,73146.44,43548.2,109580.95,67059.75,33046.59,102426.01,16.14,376857.34,1653477.42,1276620.08
3638,2021,Solapur,Tomato,Rabi,Black,Rainfed,10.54,568.6,25.5,65.0,7.7,49311.36,73453.83,47206.12,118390.3,47599.6,25672.27,104843.17,20.65,361633.48,2165272.51,1803639.03
3639,2019,Kolhapur,Soybean,Kharif,Loamy,Canal,10.12,1568.3,22.3,64.7,7.26,28321.73,37714.88,18792.07,38204.94,16968.98,14063.5,11972.77,45.58,154066.11,545689.68,391623.57
3640,2023,Sangli,Rice,Kharif,Alluvial,Borewell,10.7,493.2,23.6,61.1,5.8,40306.0,83163.58,39570.82,83556.44,44131.59,26380.42,27829.15,39.79,317108.85,1107414.47,790305.62
3641,2021,Pune,Wheat,Rabi,Red,Borewell,8.75,625.8,25.0,59.6,6.0,25172.8,52476.27,25444.81,68066.8,20950.08,20906.99,20924.27,27.48,213017.74,575009.3,361991.56
3642,2021,Satara,Tomato,Rabi,Red,Borewell,2.92,1006.5,24.7,71.9,6.32,13818.14,23409.32,10989.52,27367.26,14206.95,7571.51,30499.25,23.49,97362.71,716369.79,619007.08
3643,2022,Ahmednagar,Tomato,Rabi,Loamy,Rainfed,1.98,501.7,24.2,57.1,6.7,9392.17,14282.23,7854.73,23042.29,10002.16,5393.62,17072.48,20.8,69967.2,355159.53,285192.33
3644,2023,Sangli,Soybean,Kharif,Black,Borewell,9.57,603.0,23.6,60.4,5.83,33663.22,36379.35,17812.12,45073.27,16634.41,18107.96,11423.47,48.85,167670.33,558029.08,390358.75
3645,2021,Nashik,Sugarcane,Annual,Black,Canal,5.3,801.8,27.6,54.1,6.47,39198.4,46717.01,19884.9,65942.48,40475.38,20370.1,212710.29,2.7,232588.26,573695.2,341106.94
3646,2021,Ahmednagar,Tomato,Rabi,Loamy,Rainfed,11.37,661.5,19.8,45.1,5.41,47686.81,94242.07,44539.55,119777.32,53170.21,29332.89,93380.82,30.46,388748.85,2844576.55,2455827.7
3647,2019,Sangli,Sugarcane,Annual,Red,Drip,6.82,586.9,30.6,71.0,6.39,44769.72,61842.63,21603.3,80237.44,45896.78,25731.84,232736.19,2.81,280081.7,653759.47,373677.76
3648,2020,Nashik,Wheat,Rabi,Loamy,Canal,6.14,746.4,21.4,48.7,5.39,16208.84,34564.92,13341.73,44954.7,16205.64,10875.89,15467.29,27.95,136151.74,432352.15,296200.41
3649,2022,Ahmednagar,Sugarcane,Annual,Black,Canal,11.75,552.1,22.8,55.3,6.96,76559.79,110538.43,41743.88,150137.83,90824.79,50405.75,470138.24,4.22,520210.47,1984184.05,1463973.58
3650,2025,Pune,Rice,Kharif,Alluvial,Drip,6.94,825.2,25.8,65.7,5.69,24642.38,54868.76,24122.84,70394.03,30905.36,20982.87,20450.96,30.73,225916.23,628483.85,402567.61
3651,2021,Aurangabad,Rice,Kharif,Alluvial,Canal,10.33,571.8,24.7,48.6,7.2,32689.79,69143.9,34174.89,76750.05,41286.13,21640.8,29421.45,26.93,275685.56,792388.69,516703.14
3652,2022,Aurangabad,Rice,Kharif,Loamy,Canal,11.94,827.7,25.3,66.1,6.82,44736.84,87995.93,43235.24,107349.36,52039.1,30580.9,39210.23,21.08,365937.37,826491.58,460554.21
3653,2022,Ahmednagar,Rice,Kharif,Alluvial,Borewell,4.62,605.7,23.7,57.5,7.01,16939.99,34501.87,14263.49,39088.61,20432.25,12288.23,12043.43,40.44,137514.43,487032.81,349518.38
3654,2019,Nashik,Maize,Kharif,Red,Canal,1.38,514.9,22.3,68.1,6.44,2974.46,6733.07,2530.17,8274.08,3235.87,2237.06,4067.37,22.44,25984.72,91262.17,65277.45
3655,2020,Sangli,Rice,Kharif,Loamy,Canal,2.14,650.7,26.9,62.0,6.52,6940.97,13647.04,6326.74,15679.08,8447.81,4648.17,6687.33,31.17,55689.79,208464.34,152774.54
3656,2020,Ahmednagar,Maize,Kharif,Loamy,Canal,1.06,650.9,24.7,71.3,6.02,2756.38,5445.83,2227.57,6868.92,3033.73,1974.01,3559.46,21.04,22306.45,74877.39,52570.94
3657,2019,Aurangabad,Rice,Kharif,Alluvial,Canal,11.4,669.3,26.3,63.3,6.64,33292.79,76023.12,33885.01,85084.28,41895.43,25014.38,36511.74,34.06,295195.02,1243613.91,948418.89
3658,2019,Ahmednagar,Cotton,Kharif,Alluvial,Canal,8.44,555.7,25.7,66.4,6.26,34497.35,47732.29,31420.77,74344.12,37072.13,19505.85,6052.95,74.3,244572.51,449757.1,205184.58
3659,2025,Aurangabad,Onion,Rabi,Black,Canal,1.78,725.4,25.2,81.6,5.97,12137.28,15206.42,7271.65,19185.61,10837.64,4928.75,15738.61,23.67,69567.36,372573.11,303005.76
3660,2019,Ahmednagar,Tomato,Rabi,Red,Drip,9.78,663.5,22.6,47.9,6.95,40248.19,70444.54,34329.66,88207.87,43241.8,23490.7,94443.2,25.51,299962.75,2409149.15,2109186.4
3661,2025,Aurangabad,Onion,Rabi,Black,Rainfed,10.72,721.4,20.9,64.6,6.68,66471.61,87938.06,46083.46,131096.75,54965.56,33292.99,73719.54,27.61,419848.44,2035694.27,1615845.83
3662,2024,Nashik,Wheat,Rabi,Loamy,Drip,11.4,783.5,22.8,59.0,6.59,39220.78,66241.37,25918.98,80213.65,35349.06,24934.35,31074.47,23.29,271878.18,723714.77,451836.59
3663,2021,Sangli,Onion,Rabi,Black,Borewell,0.91,738.7,28.0,59.9,7.75,4976.63,6501.18,3495.07,7654.74,4097.97,2666.76,7414.53,28.83,29392.35,213755.95,184363.6
3664,2025,Satara,Maize,Kharif,Red,Canal,2.66,1118.6,22.2,62.8,5.56,8052.39,18626.18,6055.71,21382.24,8241.03,5784.44,8157.21,30.04,68141.99,245015.94,176873.95
3665,2023,Ahmednagar,Sugarcane,Annual,Red,Canal,11.67,628.0,27.0,46.6,6.97,87304.6,108606.18,47062.64,173014.77,84457.77,46396.19,391899.06,3.04,546842.16,1192017.84,645175.68
3666,2019,Pune,Cotton,Kharif,Black,Borewell,11.57,837.7,27.4,90.0,6.96,47197.73,64077.66,45374.64,110235.67,43358.25,29945.2,8625.85,53.86,340189.16,464587.81,124398.65
3667,2024,Ahmednagar,Maize,Kharif,Alluvial,Borewell,2.69,525.2,27.2,76.1,6.48,8702.24,16318.98,6418.33,19579.65,8426.72,5381.05,7630.22,17.43,64826.97,132974.17,68147.2
3668,2020,Nashik,Soybean,Kharif,Loamy,Rainfed,6.54,745.5,24.6,76.9,6.56,18207.8,25215.85,10960.03,26733.72,10933.22,9474.95,6933.18,37.99,101525.56,263357.79,161832.23
3669,2019,Solapur,Tomato,Rabi,Loamy,Rainfed,1.45,523.4,26.1,70.1,7.6,6306.27,9352.61,5180.46,14285.72,6356.42,3996.18,12280.04,21.78,45477.66,267419.1,221941.43
3670,2023,Solapur,Wheat,Rabi,Black,Rainfed,8.62,652.2,29.2,65.7,7.78,29618.53,50573.14,21210.42,65097.84,24338.64,17838.35,20752.28,30.71,208676.93,637375.27,428698.35
3671,2019,Solapur,Rice,Kharif,Red,Borewell,1.09,700.7,26.4,48.6,6.31,3538.28,7103.09,3206.01,7584.17,3817.69,2505.05,3726.31,35.71,27754.3,133075.48,105321.18
3672,2021,Nashik,Rice,Kharif,Red,Borewell,5.83,613.2,24.8,76.7,6.43,20123.83,39986.23,18497.93,47353.6,23131.01,13607.97,15432.98,36.04,162700.57,556247.4,393546.83
3673,2024,Pune,Rice,Kharif,Alluvial,Drip,10.67,790.6,27.7,72.6,6.58,41497.07,78466.07,39496.26,88658.55,51551.3,27908.55,31952.17,26.32,327577.8,841082.13,513504.33
3674,2025,Pune,Sugarcane,Annual,Red,Drip,4.12,714.3,22.8,50.9,6.72,31923.62,40533.58,16215.2,59442.03,34244.26,17494.67,146990.3,3.42,199853.37,503099.17,303245.8
3675,2022,Pune,Wheat,Rabi,Black,Borewell,4.57,840.6,24.1,66.4,6.87,12566.75,25812.31,11237.57,30503.79,11472.97,8978.14,13230.7,29.24,100571.52,386920.84,286349.32
3676,2019,Pune,Onion,Rabi,Loamy,Canal,6.89,793.1,26.6,50.4,5.83,38461.67,47556.21,22350.77,54562.43,27988.53,18213.13,56060.05,24.86,209132.74,1393828.09,1184695.36
3677,2023,Kolhapur,Rice,Kharif,Alluvial,Canal,10.87,1445.9,24.8,53.1,6.71,39144.52,83694.88,31752.04,94068.9,54275.95,33146.21,27930.11,32.39,336082.5,904602.97,568520.46
3678,2025,Ahmednagar,Soybean,Kharif,Loamy,Borewell,1.93,648.7,25.7,49.9,6.81,6863.86,8349.72,4523.7,10824.26,4119.12,4082.66,2234.34,47.06,38763.32,105137.97,66374.65
3679,2021,Sangli,Soybean,Kharif,Red,Canal,7.83,536.7,26.3,67.7,7.13,22912.15,31738.33,15529.58,36001.87,15042.27,12804.96,8124.26,41.05,134029.16,333508.22,199479.06
3680,2025,Aurangabad,Cotton,Kharif,Black,Borewell,1.41,619.9,28.5,56.2,7.61,6733.27,8502.49,6162.86,17835.75,8261.37,4717.77,1021.69,69.98,52213.5,71501.37,19287.87
3681,2022,Ahmednagar,Rice,Kharif,Red,Canal,8.67,634.3,23.8,66.3,6.96,29380.2,59101.38,30389.84,63815.87,38316.67,21678.09,23969.53,23.81,242682.06,570739.39,328057.33
3682,2025,Satara,Rice,Kharif,Black,Rainfed,2.24,770.8,22.1,61.1,5.74,8861.53,16124.81,8472.87,19959.96,11045.17,5704.7,5176.21,36.43,70169.03,188555.96,118386.93
3683,2019,Solapur,Cotton,Kharif,Red,Canal,10.71,641.4,25.8,64.4,5.88,46378.45,60407.38,35032.46,100569.6,42183.11,23953.2,7475.88,75.54,308524.2,564761.1,256236.9
3684,2024,Satara,Tomato,Rabi,Red,Rainfed,8.62,953.3,23.7,73.0,6.27,41723.41,71271.9,35324.28,84545.37,46038.78,26889.11,75527.23,32.36,305792.85,2444172.41,2138379.56
3685,2020,Kolhapur,Sugarcane,Annual,Alluvial,Borewell,4.35,1509.2,22.6,71.3,6.37,26873.11,33554.16,14184.9,54123.92,30394.09,14911.24,165765.32,2.39,174041.43,395525.07,221483.65
3686,2021,Satara,Cotton,Kharif,Red,Borewell,6.51,989.5,24.7,45.7,6.51,27888.51,38201.67,30321.46,65528.13,29187.67,17745.23,5082.12,73.6,208872.65,374067.46,165194.81
3687,2025,Sangli,Wheat,Rabi,Alluvial,Borewell,4.72,386.5,30.9,75.9,6.27,14957.03,30379.63,12968.64,34975.08,14229.21,10832.55,10633.91,23.43,118342.13,249192.84,130850.72
3688,2022,Sangli,Wheat,Rabi,Red,Drip,11.7,494.3,28.9,49.7,5.67,34008.34,69405.23,26453.93,92483.77,36242.81,23861.7,26482.54,29.15,282455.79,771973.38,489517.6
3689,2023,Kolhapur,Cotton,Kharif,Red,Canal,3.01,1444.7,26.4,51.6,6.33,14273.52,19406.37,11190.18,33950.63,13679.94,9706.96,1879.99,69.04,102207.59,129797.28,27589.68
3690,2025,Solapur,Maize,Kharif,Red,Borewell,10.09,667.4,25.3,64.4,7.34,27009.97,60973.74,26210.26,71023.6,32077.52,20425.5,29864.54,23.06,237720.58,688818.3,451097.72
3691,2020,Sangli,Cotton,Kharif,Black,Canal,4.19,469.1,25.6,62.5,6.13,19338.49,23170.48,14144.78,39680.35,20050.34,11747.9,2853.54,62.13,128132.35,177301.82,49169.47
3692,2022,Pune,Onion,Rabi,Loamy,Canal,2.28,759.9,22.7,78.1,6.63,13234.44,13761.37,9250.13,22096.71,11508.92,6425.69,14453.78,25.57,76277.25,369517.33,293240.08
3693,2021,Sangli,Wheat,Rabi,Loamy,Canal,5.37,614.8,26.2,73.4,6.7,15809.37,30284.5,14012.14,36625.55,13986.0,10591.96,14606.37,24.29,121309.52,354815.95,233506.43
3694,2021,Nashik,Onion,Rabi,Loamy,Drip,4.24,620.8,20.0,60.6,6.59,23178.25,26579.22,16358.1,40378.93,22723.47,10962.8,30810.57,24.45,140180.76,753320.37,613139.6
3695,2024,Ahmednagar,Soybean,Kharif,Black,Rainfed,3.56,707.4,24.3,62.3,6.39,11314.62,17203.9,7179.34,18954.19,7704.97,7251.56,3893.08,44.79,69608.57,174373.13,104764.56
3696,2019,Solapur,Onion,Rabi,Black,Borewell,6.31,437.2,26.1,62.0,7.57,30567.41,38676.36,20672.47,58420.97,28510.57,16069.42,53915.35,25.39,192917.19,1369034.02,1176116.84
3697,2024,Pune,Cotton,Kharif,Black,Drip,4.87,825.0,26.6,73.6,7.78,22395.41,32750.73,22514.74,54931.79,25639.22,14958.24,3344.0,67.28,173190.12,224995.63,51805.51
3698,2019,Nashik,Rice,Kharif,Loamy,Borewell,10.25,787.2,23.1,68.6,6.69,29390.68,67322.87,28002.82,84338.32,35169.38,23805.83,27338.24,29.42,268029.9,804211.65,536181.75
3699,2020,Pune,Rice,Kharif,Alluvial,Canal,2.33,607.9,24.6,45.5,7.59,6272.8,14762.47,5414.22,20042.72,8578.15,5374.05,6544.68,27.47,60444.4,179805.06,119360.65
3700,2019,Sangli,Sugarcane,Annual,Red,Drip,10.95,480.4,26.1,60.9,5.71,67611.92,106185.01,36080.27,133058.15,80801.44,40127.34,355164.66,3.24,463864.14,1150903.55,687039.41
3701,2024,Sangli,Wheat,Rabi,Alluvial,Drip,2.73,504.0,26.4,65.7,6.28,9071.07,16271.05,7921.31,24577.34,7057.85,6635.95,8248.36,24.58,71534.57,202716.56,131181.99
3702,2024,Kolhapur,Onion,Rabi,Black,Drip,11.95,1286.2,24.7,55.1,7.29,69544.29,100841.45,42036.49,106645.98,61209.57,30791.44,96424.55,24.83,411069.22,2394341.41,1983272.19
3703,2024,Nashik,Wheat,Rabi,Red,Drip,10.51,558.8,23.3,55.0,7.47,30814.32,63626.69,26075.47,90897.77,31396.7,20455.57,23488.43,25.36,263266.52,595755.12,332488.6
3704,2025,Solapur,Sugarcane,Annual,Alluvial,Rainfed,9.49,803.5,24.9,59.9,6.0,87283.41,115666.24,41178.81,137598.81,77287.48,45949.31,369517.32,3.78,504964.06,1394994.09,890030.04
3705,2025,Ahmednagar,Wheat,Rabi,Loamy,Rainfed,11.18,700.8,27.2,50.7,7.18,38203.03,70342.11,29620.39,88013.32,36070.05,25385.39,26385.86,27.99,287634.28,738545.9,450911.62
3706,2019,Solapur,Rice,Kharif,Alluvial,Drip,9.9,703.7,26.3,64.3,6.84,31020.46,59413.68,27116.25,72609.55,37675.67,20134.21,36107.64,29.29,247969.82,1057485.66,809515.84
3707,2025,Solapur,Maize,Kharif,Alluvial,Borewell,1.75,597.5,28.8,51.8,7.73,5097.02,12645.68,3721.1,12703.72,5418.75,3046.88,4900.39,23.31,42633.14,114234.39,71601.25
3708,2022,Pune,Onion,Rabi,Alluvial,Rainfed,9.92,663.0,27.0,65.7,6.67,58220.04,70967.53,36476.55,86695.65,55297.55,31644.2,64530.2,24.66,339301.52,1591386.15,1252084.62
3709,2025,Nashik,Sugarcane,Annual,Loamy,Drip,10.11,565.7,22.5,58.8,7.33,81047.38,108862.72,43972.41,155745.73,74952.57,43891.92,354712.93,3.88,508472.73,1374665.13,866192.4
3710,2023,Aurangabad,Maize,Kharif,Black,Canal,2.55,811.6,26.5,61.8,6.62,7661.25,13569.35,6146.99,18799.88,8820.41,5087.01,9248.72,25.88,60084.89,239337.77,179252.88
3711,2020,Pune,Onion,Rabi,Black,Rainfed,2.57,609.5,25.8,69.1,7.37,12686.69,15982.68,9341.14,24600.85,12612.09,6253.77,17226.92,20.9,81477.21,359985.48,278508.27
3712,2021,Sangli,Wheat,Rabi,Red,Canal,10.66,807.3,25.2,60.7,7.0,31133.48,64966.18,25328.32,71385.7,27189.53,16433.42,26797.77,30.87,236436.64,827266.82,590830.18
3713,2024,Satara,Wheat,Rabi,Black,Rainfed,3.14,952.6,25.6,55.3,6.24,9986.44,21337.04,7605.49,25645.96,9776.84,6955.71,8634.44,22.75,81307.48,196412.45,115104.97
3714,2020,Solapur,Cotton,Kharif,Black,Drip,7.95,574.9,24.8,43.4,6.48,37705.78,46310.39,30077.68,67482.02,35203.03,20693.93,6929.87,68.89,237472.82,477372.15,239899.33
3715,2023,Pune,Tomato,Rabi,Alluvial,Rainfed,2.22,768.3,22.8,74.3,6.89,9317.8,18434.63,8906.31,26028.36,11662.26,7466.73,17339.55,30.15,81816.09,522726.82,440910.73
3716,2024,Kolhapur,Rice,Kharif,Black,Drip,2.21,1585.3,27.2,64.3,6.35,7711.12,16747.81,7081.12,21405.75,10475.47,6043.15,6832.93,25.56,69464.42,174655.24,105190.82
3717,2023,Ahmednagar,Onion,Rabi,Alluvial,Canal,0.81,328.6,27.8,68.9,6.8,4389.97,5453.14,2677.45,8405.57,4349.69,2458.25,5797.26,27.59,27734.07,159960.9,132226.83
3718,2024,Solapur,Soybean,Kharif,Alluvial,Drip,5.81,713.5,26.3,65.9,5.87,20015.42,26672.38,11194.25,27822.65,12535.96,12312.53,9032.27,44.91,110553.18,405606.21,295053.03
3719,2022,Solapur,Wheat,Rabi,Black,Rainfed,10.87,623.3,29.7,59.9,6.08,32670.31,62729.58,24946.71,82387.75,31638.7,19380.31,26140.5,28.16,253753.36,736110.39,482357.02
3720,2022,Sangli,Wheat,Rabi,Black,Rainfed,8.48,783.2,27.7,74.4,6.73,25623.4,51964.81,23763.28,64895.69,23047.8,18723.82,21391.78,29.57,208018.79,632484.87,424466.08
3721,2025,Sangli,Tomato,Rabi,Black,Rainfed,6.31,835.4,28.3,58.5,7.72,32252.61,49199.1,28002.35,82245.59,36992.21,20933.77,54953.89,29.27,249625.62,1608710.28,1359084.66
3722,2022,Aurangabad,Tomato,Rabi,Alluvial,Rainfed,2.18,891.1,23.3,51.1,6.38,9430.5,16001.88,8343.49,24104.52,12025.19,6354.56,20801.39,24.72,76260.15,514275.92,438015.77
3723,2023,Aurangabad,Soybean,Kharif,Alluvial,Drip,6.62,698.8,25.2,49.0,5.73,20278.64,28805.28,13742.02,34051.66,13679.51,10245.24,8011.7,50.26,120802.35,402697.85,281895.5
3724,2023,Satara,Soybean,Kharif,Alluvial,Canal,8.17,803.0,23.6,66.0,7.42,26208.32,34097.22,16034.08,46414.69,16252.6,14637.96,8808.49,52.74,153644.87,464532.69,310887.81
3725,2019,Satara,Onion,Rabi,Black,Borewell,2.31,928.7,22.3,67.5,7.5,11622.72,16327.58,6285.95,22608.3,10461.81,6124.99,17715.03,17.29,73431.36,306255.12,232823.76
3726,2022,Aurangabad,Sugarcane,Annual,Red,Canal,4.6,600.6,22.7,44.0,6.41,29670.74,40540.2,16046.64,66699.58,36468.24,18477.97,160913.47,3.61,207903.37,580749.88,372846.51
3727,2020,Pune,Onion,Rabi,Red,Canal,3.71,674.1,26.4,52.3,7.03,19848.18,22039.1,15310.45,34522.64,17112.46,10175.73,28422.87,29.06,119008.57,825985.77,706977.2
3728,2022,Nashik,Wheat,Rabi,Red,Borewell,7.83,634.7,23.6,53.9,5.96,22466.37,41669.46,19703.31,55411.41,19476.68,13304.76,15677.72,26.73,172032.0,419040.48,247008.48
3729,2020,Kolhapur,Onion,Rabi,Loamy,Drip,7.13,1348.1,23.9,59.2,6.93,41570.67,49610.24,25129.63,60415.11,34342.19,17899.16,54976.6,21.38,228967.0,1175371.16,946404.15
3730,2022,Nashik,Cotton,Kharif,Alluvial,Drip,6.36,886.4,24.3,60.2,7.95,33112.51,42725.53,27522.85,64055.0,30453.62,18252.92,4938.1,81.33,216122.42,401594.75,185472.32
3731,2024,Ahmednagar,Wheat,Rabi,Red,Drip,2.06,600.5,28.3,76.0,6.46,6657.61,11678.76,6116.71,15270.2,6103.56,5051.55,4916.29,31.1,50878.39,152905.53,102027.14
3732,2021,Kolhapur,Soybean,Kharif,Black,Rainfed,11.85,1352.2,24.1,61.2,6.69,35788.87,46168.26,19506.46,49918.48,22462.33,20352.27,12978.38,43.33,194196.67,562370.33,368173.65
3733,2023,Pune,Wheat,Rabi,Black,Borewell,3.9,615.9,25.7,51.1,7.26,11730.5,26287.19,9771.0,30863.41,11668.7,9145.83,9825.58,29.92,99466.63,294027.86,194561.23
3734,2020,Solapur,Wheat,Rabi,Black,Borewell,1.77,492.7,26.2,73.2,7.46,4950.55,10237.9,3923.87,10766.68,4683.96,3568.12,4591.9,29.19,38131.08,134042.21,95911.13
3735,2019,Satara,Cotton,Kharif,Red,Rainfed,9.27,800.0,23.6,74.3,6.94,40938.78,50126.45,31594.05,84554.85,43359.83,22326.51,5201.2,70.68,272900.48,367596.22,94695.74
3736,2022,Sangli,Rice,Kharif,Loamy,Drip,0.58,513.0,22.5,64.1,7.29,1950.92,4573.44,1642.85,4801.41,2298.54,1540.03,1845.64,26.59,16807.19,49071.01,32263.82
3737,2021,Pune,Maize,Kharif,Alluvial,Borewell,11.07,674.6,24.1,52.7,8.04,30715.02,50997.15,24531.39,78057.96,29032.61,19499.57,32707.46,24.43,232833.7,798982.62,566148.92
3738,2021,Aurangabad,Onion,Rabi,Red,Rainfed,7.66,735.8,24.9,54.7,6.38,43402.8,58536.61,28701.59,74565.35,43051.99,22037.53,50964.29,22.75,270295.87,1159412.93,889117.06
3739,2021,Sangli,Maize,Kharif,Red,Borewell,2.04,658.5,28.3,45.6,7.15,4971.93,11663.75,4499.0,13259.66,5949.19,3731.21,5942.44,17.62,44074.73,104676.68,60601.95
3740,2025,Satara,Wheat,Rabi,Red,Borewell,10.21,708.0,23.0,69.2,7.47,34692.02,65684.92,30587.93,93893.19,33032.6,23119.42,22628.54,31.8,281010.08,719557.63,438547.55
3741,2024,Pune,Maize,Kharif,Red,Borewell,6.38,752.9,26.4,64.7,7.26,17975.26,34389.07,13424.39,47160.58,21316.69,13153.59,20822.84,18.95,147419.58,394529.68,247110.11
3742,2023,Solapur,Onion,Rabi,Red,Rainfed,6.46,300.0,28.5,64.1,7.1,33216.1,46662.56,28294.62,62452.99,33087.11,15048.32,34360.17,18.83,218761.71,646976.96,428215.25
3743,2022,Aurangabad,Cotton,Kharif,Black,Drip,5.3,531.1,24.1,59.5,7.61,24461.49,33440.18,22169.09,56571.35,21386.75,14332.98,3680.61,82.37,172361.84,303165.74,130803.9
3744,2019,Aurangabad,Wheat,Rabi,Black,Canal,11.51,753.2,27.1,52.7,5.78,33143.52,57986.31,26521.37,76024.38,29640.68,20611.03,26339.67,21.43,243927.29,564425.53,320498.24
3745,2024,Satara,Maize,Kharif,Black,Drip,4.88,894.7,21.9,55.1,5.7,13354.91,29637.22,10912.26,35336.64,16674.7,9566.3,15970.16,22.8,115482.03,364113.14,248631.11
3746,2024,Sangli,Soybean,Kharif,Red,Rainfed,7.46,602.7,27.7,75.0,5.65,25456.94,30272.85,13684.8,43412.4,14233.01,12272.07,6679.03,41.09,139332.06,274446.6,135114.54
3747,2021,Nashik,Maize,Kharif,Black,Borewell,4.2,611.7,26.1,66.2,6.55,10900.4,24012.59,9555.64,22316.61,11007.38,7737.64,11755.23,24.46,85530.27,287524.2,201993.93
3748,2023,Solapur,Wheat,Rabi,Black,Borewell,4.82,414.1,25.3,53.3,6.56,14138.65,26930.3,12333.61,35495.71,11578.09,10735.29,12421.69,25.98,111211.66,322723.84,211512.19
3749,2023,Nashik,Rice,Kharif,Loamy,Drip,2.72,552.0,23.6,59.8,6.91,9856.36,20058.98,9472.8,24857.79,11838.45,7894.66,7459.8,29.84,83979.03,222621.25,138642.22
3750,2023,Solapur,Onion,Rabi,Black,Canal,7.9,456.8,29.6,62.8,7.11,47893.79,55977.29,33113.06,81466.28,37005.44,22403.23,60299.31,20.72,277859.09,1249435.83,971576.75
3751,2020,Aurangabad,Sugarcane,Annual,Black,Borewell,7.73,587.8,23.1,56.5,5.42,52104.45,69545.87,27708.48,103496.08,52231.55,25221.64,308878.34,2.74,330308.06,846491.6,516183.54
3752,2025,Pune,Wheat,Rabi,Alluvial,Drip,1.35,927.0,24.0,62.2,6.96,4536.03,8135.06,3820.8,11360.74,4490.06,3268.61,4200.33,34.82,35611.29,146249.25,110637.96
3753,2019,Satara,Sugarcane,Annual,Loamy,Drip,1.2,871.7,22.4,69.1,6.4,7520.77,10948.83,3194.83,13565.63,6405.69,3062.78,42000.21,2.98,44698.52,125092.93,80394.41
3754,2025,Ahmednagar,Sugarcane,Annual,Alluvial,Canal,7.87,513.6,23.0,66.3,6.05,60907.68,94212.5,35035.84,105193.86,73203.73,31578.66,275626.2,3.51,400132.28,967911.59,567779.31
3755,2024,Pune,Cotton,Kharif,Black,Drip,4.29,762.5,23.3,63.5,6.68,22385.43,27831.45,16760.97,51225.99,21328.33,15191.09,3517.9,49.84,154723.25,175317.04,20593.79
3756,2020,Aurangabad,Maize,Kharif,Black,Rainfed,11.97,738.9,26.2,70.5,7.03,31311.27,68498.55,25342.5,85544.73,31114.43,22684.82,36914.15,17.15,264496.31,633025.69,368529.38
3757,2023,Satara,Maize,Kharif,Alluvial,Drip,6.52,962.8,25.4,47.1,7.21,19280.5,35902.05,14034.52,46831.7,19889.46,13364.46,22421.82,23.03,149302.69,516482.26,367179.57
3758,2024,Ahmednagar,Soybean,Kharif,Red,Rainfed,3.94,623.4,23.4,78.2,6.62,14270.16,17361.89,8093.12,20437.84,8083.77,8206.39,3283.8,51.22,76453.16,168185.54,91732.38
3759,2021,Nashik,Cotton,Kharif,Alluvial,Borewell,10.9,722.4,26.3,70.5,7.68,52636.51,65647.13,42222.25,111899.11,47927.13,31043.15,8514.12,58.51,351375.27,498123.49,146748.22
3760,2024,Satara,Cotton,Kharif,Red,Rainfed,8.14,1069.7,26.4,67.1,7.69,37265.82,62594.18,33092.62,90545.97,47745.48,26339.99,4411.09,92.21,297584.05,406726.78,109142.73
3761,2021,Sangli,Rice,Kharif,Red,Rainfed,1.62,713.7,25.6,52.4,6.72,5242.1,10474.56,5174.66,12766.93,6432.0,4103.92,3892.7,26.7,44194.18,103922.44,59728.26
3762,2020,Pune,Maize,Kharif,Black,Drip,7.84,763.1,23.7,56.7,5.46,18857.26,45182.35,13850.15,46827.35,21138.43,14446.13,27211.02,25.8,160301.67,702006.35,541704.69
3763,2024,Kolhapur,Wheat,Rabi,Red,Drip,5.49,1505.9,22.6,57.3,5.71,17365.66,38978.25,17744.86,45578.7,14130.28,14361.3,13252.58,22.63,148159.04,299856.79,151697.75
3764,2024,Ahmednagar,Maize,Kharif,Loamy,Borewell,6.61,572.3,23.3,69.3,7.36,16980.43,37705.76,15904.79,46017.62,18753.86,13481.59,20719.42,13.35,148844.05,276611.43,127767.39
3765,2024,Ahmednagar,Onion,Rabi,Black,Drip,10.87,578.7,24.1,65.9,6.3,65070.43,79599.08,46068.54,105314.27,59582.05,35779.92,94900.41,25.36,391414.3,2406571.47,2015157.16
3766,2019,Satara,Onion,Rabi,Red,Rainfed,0.95,780.7,25.2,49.3,7.11,4667.19,5931.2,3420.13,8458.94,3993.11,2345.06,5266.88,26.04,28815.64,137132.03,108316.39
3767,2019,Solapur,Tomato,Rabi,Loamy,Canal,4.86,718.2,29.5,50.7,7.24,19387.24,30570.73,18529.04,46293.11,23768.4,10654.65,44123.65,26.81,149203.16,1183076.33,1033873.17
3768,2019,Satara,Tomato,Rabi,Black,Canal,6.67,973.2,27.2,58.2,8.01,28509.1,42210.39,26900.55,59154.39,29933.6,14732.27,70571.08,26.85,201440.29,1894962.31,1693522.02
3769,2022,Aurangabad,Soybean,Kharif,Loamy,Canal,6.34,643.6,26.5,55.7,6.51,19678.24,26423.19,10578.81,28005.7,11229.12,10610.76,7379.84,56.81,106525.82,419242.41,312716.59
3770,2023,Nashik,Tomato,Rabi,Red,Drip,3.85,608.6,24.2,53.8,6.95,17954.42,32225.42,16294.02,39059.94,19726.24,11459.51,33396.98,22.69,136719.55,757784.35,621064.8
3771,2024,Pune,Rice,Kharif,Red,Rainfed,2.59,729.8,24.6,67.9,7.27,9385.45,18150.81,8540.64,23893.89,12783.39,6924.92,6071.76,34.95,79679.1,212180.17,132501.07
3772,2022,Nashik,Tomato,Rabi,Alluvial,Borewell,6.9,746.9,23.0,62.3,6.65,29220.54,59271.21,29786.76,75304.76,32586.83,17638.18,78304.68,24.1,243808.28,1887456.0,1643647.72
3773,2023,Ahmednagar,Wheat,Rabi,Red,Rainfed,6.2,676.1,24.3,58.8,7.02,19326.21,31921.25,16436.02,43602.88,18229.93,13507.32,14792.95,27.48,143023.62,406523.35,263499.73
3774,2020,Kolhapur,Wheat,Rabi,Alluvial,Rainfed,0.98,1381.1,26.8,87.8,6.03,2709.87,5443.48,2493.28,6855.44,2037.79,1631.49,2260.36,22.91,21171.36,51785.99,30614.63
3775,2020,Sangli,Tomato,Rabi,Red,Rainfed,1.59,608.4,25.8,60.2,6.46,6925.26,11197.6,5603.19,16839.86,7744.57,4421.99,11661.03,21.63,52732.47,252275.35,199542.88
3776,2022,Nashik,Soybean,Kharif,Loamy,Rainfed,4.18,660.3,22.1,44.7,6.09,13663.16,16777.64,7893.01,17509.74,7564.58,7432.75,4421.95,41.96,70840.89,185565.45,114724.57
3777,2022,Solapur,Wheat,Rabi,Alluvial,Borewell,7.48,415.6,28.6,62.9,6.15,22211.07,42256.52,21521.74,56871.72,18592.87,15684.31,18759.17,27.34,177138.22,512805.02,335666.8
3778,2025,Aurangabad,Tomato,Rabi,Black,Borewell,5.42,539.8,28.8,73.7,5.76,28221.07,42095.86,24265.07,68311.89,31137.02,15444.43,48804.72,30.76,209475.34,1501078.83,1291603.48
3779,2020,Sangli,Soybean,Kharif,Black,Borewell,3.39,650.0,24.1,53.8,7.21,9365.04,12015.43,6345.12,16400.96,5875.31,5013.36,4677.86,46.56,55015.22,217789.95,162774.73
3780,2019,Solapur,Onion,Rabi,Alluvial,Canal,4.94,562.7,27.9,57.6,6.86,26397.58,31164.43,14816.23,41763.86,25231.05,10608.03,39252.34,15.52,149981.18,609373.29,459392.11
3781,2024,Kolhapur,Cotton,Kharif,Black,Borewell,0.93,1348.9,24.3,60.9,5.67,5053.53,5811.31,4022.46,10296.11,4081.83,2872.77,669.23,74.52,32138.01,49868.92,17730.91
3782,2020,Sangli,Tomato,Rabi,Alluvial,Drip,5.11,606.1,27.2,71.1,7.09,25532.57,34511.87,17132.42,55494.66,28846.04,13178.36,53400.38,29.12,174695.91,1555239.08,1380543.17
3783,2021,Sangli,Soybean,Kharif,Black,Canal,9.88,549.4,25.7,64.6,7.55,32993.44,37830.5,17047.68,40599.37,18961.02,19950.48,13496.89,46.05,167382.5,621570.06,454187.56
3784,2022,Ahmednagar,Tomato,Rabi,Red,Drip,11.34,568.9,21.9,56.6,7.01,57925.71,94431.39,50358.23,117013.16,61920.75,30880.27,104039.12,21.74,412529.51,2261958.44,1849428.93
3785,2020,Sangli,Maize,Kharif,Loamy,Rainfed,4.23,576.9,27.3,63.8,7.75,10219.81,21957.56,7783.17,29766.9,13141.22,7990.86,10813.15,23.43,90859.53,253339.75,162480.22
3786,2020,Kolhapur,Rice,Kharif,Alluvial,Drip,1.21,1292.3,21.4,61.8,7.5,3744.4,8471.06,3498.31,10072.79,5829.88,2653.37,3259.51,29.7,34269.81,96808.27,62538.46
3787,2025,Ahmednagar,Tomato,Rabi,Alluvial,Canal,9.31,689.8,25.2,44.3,5.88,44674.12,95513.78,46984.42,103009.9,59453.9,32389.47,97340.33,26.63,382025.59,2592433.73,2210408.14
3788,2019,Ahmednagar,Cotton,Kharif,Black,Borewell,4.87,498.0,25.3,57.4,5.79,21571.22,26119.26,18741.06,43699.39,18215.8,13145.38,3234.93,59.66,141492.11,193002.39,51510.28
3789,2020,Sangli,Rice,Kharif,Red,Canal,10.07,455.8,23.8,56.2,6.11,30695.82,67946.71,28813.75,71442.99,37053.89,23972.84,23808.7,29.96,259926.0,713319.26,453393.27
3790,2021,Sangli,Rice,Kharif,Red,Drip,9.29,690.6,25.5,78.4,6.45,26178.64,57676.32,23183.43,77732.52,38227.38,23400.42,27148.5,34.47,246398.71,935940.77,689542.06
3791,2020,Satara,Onion,Rabi,Alluvial,Borewell,5.22,799.6,24.5,59.2,6.98,24691.06,35722.56,18026.02,47063.21,23958.09,13249.03,38094.97,25.18,162709.97,959385.42,796675.45
3792,2024,Solapur,Maize,Kharif,Black,Canal,3.03,520.7,27.4,65.2,6.68,9260.67,19355.45,7917.96,24128.99,9664.29,6633.39,9485.2,24.37,76960.75,231180.4,154219.65
3793,2020,Satara,Soybean,Kharif,Alluvial,Drip,1.6,730.9,25.6,83.7,6.87,4993.19,6778.52,2980.96,6279.45,2894.47,2663.9,1949.07,47.66,26590.48,92898.58,66308.1
3794,2019,Satara,Wheat,Rabi,Black,Canal,10.32,841.3,23.2,58.2,6.76,27264.53,55281.86,25006.49,70026.9,23377.15,21713.27,25657.54,23.56,222670.21,604449.51,381779.3
3795,2019,Sangli,Sugarcane,Annual,Alluvial,Canal,10.5,536.9,24.3,62.0,6.79,66949.69,89558.34,26420.8,117372.83,63939.21,33162.81,339244.18,3.11,397403.68,1054746.53,657342.84
3796,2025,Aurangabad,Onion,Rabi,Loamy,Canal,6.86,578.3,27.3,55.3,7.49,46460.7,65608.73,27035.18,88663.18,39247.2,20678.29,48047.06,24.81,287693.28,1191907.27,904213.99
3797,2025,Solapur,Sugarcane,Annual,Loamy,Borewell,9.5,760.8,25.0,67.8,7.93,69596.31,109576.09,36923.25,137663.8,72760.08,47728.47,411396.71,3.26,474247.99,1340695.06,866447.07
3798,2020,Solapur,Cotton,Kharif,Alluvial,Drip,8.79,575.3,22.8,68.8,6.26,37443.68,50042.13,33429.27,77240.82,38064.87,24856.07,6945.59,87.66,261076.84,608878.7,347801.86
3799,2023,Solapur,Tomato,Rabi,Loamy,Canal,11.05,795.6,25.9,72.6,6.49,57248.6,82820.31,51403.99,130733.11,65162.77,36439.3,119718.87,28.65,423808.07,3430510.79,3006702.72
3800,2024,Sangli,Tomato,Rabi,Loamy,Rainfed,9.2,898.4,27.8,63.0,6.9,53949.23,75742.99,37610.64,117022.47,47192.89,29906.23,95999.11,28.38,361424.44,2724561.8,2363137.36
3801,2021,Satara,Tomato,Rabi,Red,Rainfed,3.89,917.5,22.9,52.8,5.82,17870.94,30704.96,12768.3,46287.49,18701.82,10684.3,30253.74,24.2,137017.81,732086.65,595068.84
3802,2021,Solapur,Maize,Kharif,Alluvial,Rainfed,4.04,534.0,26.3,60.3,6.23,11205.58,22028.69,8326.47,24537.26,12891.43,7433.76,10361.03,16.16,86423.19,167473.82,81050.63
3803,2025,Solapur,Wheat,Rabi,Alluvial,Rainfed,1.66,705.2,28.6,52.8,7.43,5187.95,11767.54,5019.42,14596.81,5067.8,3772.01,3705.01,25.52,45411.54,94545.34,49133.81
3804,2025,Ahmednagar,Onion,Rabi,Loamy,Drip,0.9,897.5,24.5,48.2,6.67,6077.35,6920.0,3897.25,9578.83,5477.64,2716.82,9248.94,27.46,34667.87,253963.18,219295.31
3805,2023,Solapur,Onion,Rabi,Loamy,Borewell,5.91,731.5,27.2,49.7,7.69,34043.46,42008.8,20791.42,61124.82,29633.36,15307.5,47372.79,27.77,202909.37,1315498.83,1112589.46
3806,2020,Aurangabad,Cotton,Kharif,Black,Drip,11.92,823.3,28.0,78.5,7.92,56808.7,71825.8,42843.2,111661.24,56554.62,36183.89,9723.91,73.56,375877.45,715304.45,339426.99
3807,2025,Aurangabad,Wheat,Rabi,Alluvial,Drip,2.2,705.9,22.9,69.2,6.43,7438.64,14289.76,6773.73,17363.61,5989.19,4480.86,6548.48,31.05,56335.79,203327.98,146992.19
3808,2025,Solapur,Soybean,Kharif,Black,Canal,0.98,557.1,28.4,70.4,7.46,3594.42,4743.96,2095.79,5043.88,2140.12,1776.43,1140.27,44.92,19394.6,51224.28,31829.68
3809,2019,Sangli,Maize,Kharif,Alluvial,Rainfed,11.93,670.1,26.3,57.2,6.32,28709.34,58995.86,23584.16,66024.46,30952.71,20224.2,32499.41,19.0,228490.73,617646.92,389156.19
3810,2020,Satara,Cotton,Kharif,Red,Borewell,1.9,1063.4,25.1,62.8,6.47,8992.44,10257.71,6545.89,19394.49,8109.66,5963.11,1395.73,74.54,59263.31,104039.92,44776.62
3811,2025,Kolhapur,Rice,Kharif,Alluvial,Canal,4.52,1277.0,26.7,54.4,7.35,19959.12,34037.63,13197.12,36540.26,21453.85,12794.92,12877.12,31.19,137982.91,401655.44,263672.54
3812,2022,Pune,Soybean,Kharif,Loamy,Drip,10.47,671.3,29.3,56.3,5.85,32763.45,45616.62,19351.3,50423.7,18802.66,18976.91,12249.79,46.86,185934.64,574007.22,388072.59
3813,2019,Satara,Sugarcane,Annual,Black,Rainfed,3.56,1151.6,23.9,57.6,6.83,23651.13,33375.41,9648.62,40097.67,24738.55,12719.88,139744.83,3.13,144231.26,437056.63,292825.37
3814,2023,Aurangabad,Rice,Kharif,Alluvial,Drip,8.1,793.0,24.3,59.2,6.98,29969.59,61929.88,27291.16,56753.09,39728.23,22439.03,26672.9,41.62,238110.99,1110209.37,872098.38
3815,2019,Nashik,Maize,Kharif,Alluvial,Borewell,1.21,724.5,22.9,68.4,6.65,2787.65,5686.01,2263.08,7172.38,2920.56,2074.46,4222.02,18.62,22904.15,78601.72,55697.57
3816,2021,Kolhapur,Rice,Kharif,Red,Drip,6.18,1350.3,26.2,51.2,6.91,21542.3,44419.36,19271.06,44897.73,25488.61,14459.06,15604.54,34.57,170078.13,539418.93,369340.81
3817,2024,Kolhapur,Onion,Rabi,Red,Borewell,8.9,1321.2,22.9,52.9,6.95,57729.32,73150.68,37029.33,79798.35,51308.11,29980.7,60392.23,25.54,328996.51,1542353.83,1213357.33
3818,2021,Kolhapur,Sugarcane,Annual,Loamy,Rainfed,4.13,1535.7,20.5,63.8,7.27,29005.04,43788.39,14355.36,55337.53,27061.8,14955.96,140424.45,2.99,184504.08,419216.32,234712.24
3819,2020,Aurangabad,Rice,Kharif,Red,Rainfed,3.49,602.9,28.3,71.4,7.14,11064.5,20134.75,10780.76,27380.67,12531.72,8696.46,8023.15,29.76,90588.86,238777.45,148188.59
3820,2024,Solapur,Tomato,Rabi,Red,Drip,8.66,538.3,27.8,78.3,5.89,46258.39,67852.96,33969.07,105085.36,45853.7,30978.13,70340.85,27.86,329997.6,1959366.19,1629368.59
3821,2022,Aurangabad,Sugarcane,Annual,Red,Borewell,1.58,523.0,24.9,43.5,8.07,10773.18,15089.72,6550.45,21904.94,10346.58,6124.98,46136.89,3.23,70789.86,148808.2,78018.34
3822,2022,Solapur,Tomato,Rabi,Red,Drip,2.84,472.0,25.4,54.8,6.15,13265.39,20211.19,10363.73,36259.34,16045.34,7806.86,27492.07,30.1,103951.84,827450.08,723498.24
3823,2019,Pune,Sugarcane,Annual,Alluvial,Rainfed,11.64,704.2,22.6,65.4,6.43,68033.02,98153.17,34421.82,145402.12,73971.59,41243.32,385573.59,2.78,461225.04,1073003.88,611778.84
3824,2025,Solapur,Wheat,Rabi,Red,Borewell,8.5,483.4,23.9,42.4,7.07,28716.48,62777.02,24039.49,71447.82,23011.74,21955.38,20800.32,29.46,231947.92,612744.98,380797.06
3825,2021,Pune,Rice,Kharif,Alluvial,Rainfed,7.44,730.4,23.2,78.1,6.9,23725.83,48793.38,22911.03,63438.93,31490.36,16419.5,20498.64,37.37,206779.02,765945.09,559166.07
3826,2020,Pune,Wheat,Rabi,Loamy,Drip,7.29,759.6,22.7,57.8,6.7,19116.0,35729.71,15964.25,51544.97,19549.19,12868.48,18270.35,31.19,154772.6,569879.77,415107.17
3827,2021,Nashik,Maize,Kharif,Red,Canal,0.54,767.7,22.4,69.8,8.08,1395.99,2913.95,1091.22,3570.37,1532.85,995.96,1562.81,18.97,11500.34,29653.47,18153.13
3828,2019,Satara,Sugarcane,Annual,Loamy,Rainfed,7.42,989.8,25.9,62.9,7.53,42941.21,63582.77,25483.35,77407.54,52336.39,29515.5,287156.71,3.45,291266.75,991850.66,700583.91
3829,2023,Satara,Cotton,Kharif,Black,Drip,9.16,782.5,24.6,46.8,7.11,43767.85,63518.66,35539.45,98214.33,49418.07,27337.47,6775.72,64.68,317795.82,438273.58,120477.77
3830,2022,Nashik,Tomato,Rabi,Red,Rainfed,6.68,703.9,26.2,73.2,7.39,32634.43,49128.43,29139.63,68181.46,37575.52,19778.15,56136.88,26.05,236437.62,1462394.05,1225956.43
3831,2020,Nashik,Soybean,Kharif,Loamy,Canal,8.27,595.5,25.3,62.8,6.24,26540.83,31528.33,15187.58,38511.27,13974.28,12910.68,9724.7,31.83,138652.98,309568.69,170915.71
3832,2023,Ahmednagar,Onion,Rabi,Loamy,Drip,5.87,608.4,23.1,65.3,6.45,33486.94,48085.98,23856.16,60279.26,31324.28,20822.24,46849.37,24.1,217854.85,1128910.62,911055.77
3833,2023,Ahmednagar,Wheat,Rabi,Loamy,Drip,3.15,750.4,22.8,47.1,7.48,9211.56,19459.4,7819.9,22159.84,7832.68,7656.28,8690.92,34.92,74139.67,303469.63,229329.96
3834,2024,Ahmednagar,Onion,Rabi,Alluvial,Canal,7.27,300.0,20.7,60.8,7.49,44585.88,60211.92,27489.05,83434.45,39743.67,19355.71,48413.3,22.59,274820.68,1093850.8,819030.11
3835,2020,Satara,Soybean,Kharif,Red,Drip,2.89,972.7,25.3,63.9,6.45,9655.24,11138.85,5588.27,14013.02,4939.97,4548.29,3240.6,39.33,49883.65,127458.41,77574.76
3836,2024,Satara,Sugarcane,Annual,Red,Drip,5.27,911.2,25.5,76.8,7.19,39337.78,64575.61,21457.28,78768.19,41348.25,20974.5,192715.0,2.51,266461.61,483317.66,216856.06
3837,2021,Kolhapur,Wheat,Rabi,Loamy,Drip,4.99,1341.1,26.8,60.4,6.32,14332.62,27899.48,11490.56,32797.23,14545.67,10962.12,13019.14,22.65,112027.69,294849.31,182821.62
3838,2020,Satara,Onion,Rabi,Red,Borewell,1.53,942.8,23.8,67.9,6.19,7939.79,9788.87,6247.74,11241.36,7908.94,4252.96,11317.37,25.2,47379.67,285149.72,237770.05
3839,2023,Nashik,Tomato,Rabi,Alluvial,Rainfed,9.92,845.7,24.2,55.0,6.87,50334.95,76678.11,41780.28,113865.53,55745.39,30502.78,106033.96,30.22,368907.04,3204591.93,2835684.89
3840,2019,Sangli,Sugarcane,Annual,Black,Borewell,6.91,711.7,27.5,66.1,7.03,46792.76,55098.78,27114.26,83837.22,45413.0,23386.1,296804.68,2.8,281642.13,831820.41,550178.29
3841,2022,Ahmednagar,Wheat,Rabi,Loamy,Rainfed,9.65,536.5,26.4,61.4,7.44,28442.44,52457.59,24211.15,65889.94,23698.45,22178.17,21758.21,26.42,216877.74,574745.12,357867.38
3842,2022,Satara,Maize,Kharif,Black,Rainfed,3.65,824.1,25.3,74.5,6.23,10531.61,22501.31,7465.2,21632.46,11852.47,7371.63,9609.67,23.15,81354.67,222423.58,141068.91
3843,2019,Aurangabad,Wheat,Rabi,Red,Borewell,3.2,745.5,26.5,58.7,6.99,8420.43,17680.4,7666.45,21380.41,7861.94,5688.01,8242.05,26.34,68697.64,217127.54,148429.9
3844,2024,Solapur,Rice,Kharif,Red,Drip,8.8,519.2,27.8,67.9,6.31,29089.25,60934.82,28881.12,77961.29,40037.11,21429.74,22163.93,25.68,258333.33,569232.08,310898.75
3845,2024,Aurangabad,Rice,Kharif,Loamy,Canal,0.58,719.0,26.8,69.1,7.52,2202.52,4379.14,2057.96,5154.04,2892.35,1500.99,1843.4,30.29,18187.01,55840.01,37652.99
3846,2022,Sangli,Cotton,Kharif,Red,Canal,3.97,752.7,28.1,55.5,6.11,18107.74,27269.3,15631.93,47469.11,18864.82,11175.95,2622.48,80.68,138518.86,211592.06,73073.2
3847,2020,Kolhapur,Sugarcane,Annual,Red,Drip,11.47,1456.2,23.3,56.9,5.8,73850.96,114750.76,36721.69,143745.13,81878.7,43221.33,440857.09,3.01,494168.55,1327426.36,833257.81
3848,2020,Ahmednagar,Soybean,Kharif,Red,Rainfed,10.02,594.0,26.2,52.5,7.2,28792.02,39088.3,16106.74,47993.65,15871.46,16529.58,9487.41,42.36,164381.75,401908.29,237526.54
3849,2021,Kolhapur,Rice,Kharif,Red,Canal,5.7,1209.9,24.9,61.9,6.22,18014.14,36390.0,16945.81,49801.5,24071.05,14052.21,14808.57,33.96,159274.7,502910.58,343635.88
3850,2020,Ahmednagar,Maize,Kharif,Alluvial,Borewell,9.8,708.5,24.6,67.4,7.85,23990.52,56739.09,20496.34,59231.55,30322.64,15733.61,33790.52,22.34,206513.76,754803.95,548290.19
3851,2020,Sangli,Wheat,Rabi,Alluvial,Drip,10.4,589.2,27.1,65.2,7.14,29858.8,59017.04,23432.91,76024.96,22602.11,19820.69,25674.58,24.67,230756.51,633500.53,402744.03
3852,2022,Pune,Onion,Rabi,Red,Borewell,4.19,657.2,24.7,69.8,7.16,25247.01,31796.83,17511.01,34890.62,21298.44,11792.05,31662.11,23.32,142535.96,738259.36,595723.4
3853,2025,Nashik,Soybean,Kharif,Black,Rainfed,8.36,675.8,24.5,59.6,7.93,29038.81,40205.02,18223.1,44842.7,21176.56,17883.02,8880.45,40.38,171369.22,358633.07,187263.85
3854,2024,Sangli,Cotton,Kharif,Loamy,Canal,6.02,714.6,30.0,67.0,6.75,33059.81,46356.45,26434.44,63062.96,33263.84,17865.02,4439.36,79.44,220042.52,352648.53,132606.01
3855,2019,Satara,Rice,Kharif,Loamy,Canal,5.45,910.4,24.9,60.7,6.61,15835.43,37735.65,14580.09,39748.31,21096.42,12346.03,14362.49,29.07,141341.92,417565.39,276223.47
3856,2025,Kolhapur,Soybean,Kharif,Black,Canal,0.73,1505.6,22.3,62.8,6.32,2677.93,3337.46,1436.62,3551.67,1638.58,1590.77,1009.87,52.08,14233.03,52593.08,38360.05
3857,2024,Pune,Maize,Kharif,Black,Drip,11.89,834.6,25.6,54.0,7.12,33501.6,64356.69,27981.95,92233.09,38678.18,27054.87,44736.69,17.96,283806.38,803377.43,519571.04
3858,2022,Ahmednagar,Tomato,Rabi,Black,Canal,7.19,586.8,26.6,64.2,6.63,34428.2,60057.31,26077.46,80429.66,43078.61,23648.03,71899.83,27.92,267719.27,2007668.45,1739949.18
3859,2023,Satara,Tomato,Rabi,Loamy,Canal,9.32,865.5,21.2,55.6,7.2,47883.81,65212.09,41256.77,97328.19,48675.71,32405.06,84129.24,34.1,332761.63,2869050.63,2536289.0
3860,2021,Nashik,Tomato,Rabi,Alluvial,Borewell,5.36,578.5,23.6,70.3,5.84,23606.74,42401.69,20996.22,55466.94,26810.31,15873.36,46645.12,30.07,185155.26,1402555.91,1217400.66
3861,2021,Solapur,Wheat,Rabi,Alluvial,Rainfed,6.22,792.4,28.9,52.2,7.53,17771.25,34109.15,14078.36,44886.03,17069.51,12971.36,13558.46,27.01,140885.67,366225.81,225340.14
3862,2021,Nashik,Maize,Kharif,Black,Borewell,10.85,833.9,20.0,59.5,7.08,27668.37,58241.02,22640.74,74716.12,26971.61,16863.51,39159.57,24.95,227101.38,976965.15,749863.77
3863,2019,Nashik,Cotton,Kharif,Alluvial,Canal,0.86,740.0,21.6,42.7,5.9,3455.09,4541.07,3022.29,7730.87,3393.52,1947.21,619.08,70.13,24090.05,43417.42,19327.37
3864,2019,Kolhapur,Tomato,Rabi,Black,Borewell,4.25,1489.8,25.6,51.8,5.88,17147.74,25418.38,15118.94,39077.42,23091.15,10588.39,48312.3,23.09,130442.03,1115353.84,984911.81
3865,2022,Solapur,Soybean,Kharif,Loamy,Canal,10.47,453.7,27.9,68.4,6.85,30737.23,44760.18,21541.56,55625.63,19732.84,17694.9,10942.98,50.85,190092.34,556471.43,366379.09
3866,2022,Pune,Maize,Kharif,Black,Drip,0.95,908.4,25.1,59.8,6.6,2657.79,5042.54,2176.27,6477.37,2856.26,2086.67,3290.45,17.86,21296.9,58753.07,37456.16
3867,2020,Kolhapur,Wheat,Rabi,Loamy,Drip,11.44,1604.5,25.2,71.7,6.1,29295.72,64359.81,23049.96,79680.65,27557.92,21743.34,31864.49,26.53,245687.39,845439.93,599752.54
3868,2023,Nashik,Wheat,Rabi,Loamy,Rainfed,7.73,963.8,26.8,74.0,7.19,21013.39,44028.07,18980.67,65017.55,22339.93,15552.25,19431.97,21.82,186931.85,423920.23,236988.38
3869,2020,Nashik,Maize,Kharif,Alluvial,Rainfed,3.76,692.6,23.2,48.3,7.26,8871.5,15233.9,8659.85,22791.23,9420.99,6620.1,11295.78,21.77,71597.59,245923.17,174325.58
3870,2025,Satara,Soybean,Kharif,Loamy,Borewell,7.3,1137.2,21.3,51.8,6.43,26619.98,34096.79,15903.88,35343.36,15584.87,13928.45,8952.74,57.37,141477.33,513633.74,372156.41
3871,2022,Aurangabad,Sugarcane,Annual,Black,Borewell,11.12,622.0,29.4,51.9,6.94,70260.33,119570.96,45847.34,145776.72,83937.08,41571.85,446652.77,2.86,506964.27,1275979.5,769015.23
3872,2020,Nashik,Soybean,Kharif,Loamy,Borewell,7.94,548.7,23.2,79.0,6.39,23633.58,31749.21,15518.23,32480.53,13996.32,12669.49,8703.84,45.54,130047.36,396416.16,266368.79
3873,2019,Satara,Sugarcane,Annual,Red,Drip,9.02,1129.5,24.1,68.6,7.02,51340.99,80005.49,30462.9,87179.81,61115.55,31370.41,341847.7,3.13,341475.15,1069173.66,727698.52
3874,2024,Sangli,Sugarcane,Annual,Black,Borewell,9.29,433.4,25.4,72.2,7.01,75049.79,97861.97,35769.05,145686.72,71710.9,41393.03,337187.34,3.01,467471.47,1015898.59,548427.12
3875,2024,Aurangabad,Onion,Rabi,Loamy,Canal,3.96,413.0,25.2,74.5,6.67,25387.06,32696.06,15864.63,45582.21,22055.17,12653.81,27403.46,28.3,154238.94,775409.31,621170.37
3876,2024,Satara,Soybean,Kharif,Alluvial,Drip,5.92,1069.6,23.2,58.6,5.83,20606.31,27611.35,10223.74,33123.29,11825.75,11386.48,8550.81,51.57,114776.93,440988.98,326212.06
3877,2024,Nashik,Rice,Kharif,Loamy,Canal,1.16,566.3,23.9,51.2,7.36,4272.59,10099.66,4337.75,9149.81,5268.56,3142.67,2940.34,32.77,36271.04,96355.84,60084.8
3878,2019,Satara,Cotton,Kharif,Alluvial,Drip,10.51,986.6,24.6,61.2,7.15,48367.81,59351.77,39144.26,106496.1,45876.63,25554.21,7872.77,77.16,324790.77,607453.42,282662.64
3879,2020,Nashik,Soybean,Kharif,Black,Drip,5.43,584.3,24.3,51.0,6.22,15099.47,22875.49,9157.79,24188.41,11376.25,8737.05,5744.47,45.36,91434.46,260556.02,169121.56
3880,2021,Nashik,Rice,Kharif,Black,Canal,7.29,664.4,22.1,56.9,6.81,24515.26,44592.6,21817.18,61529.27,30515.28,16453.34,19977.55,34.18,199422.92,682859.59,483436.67
3881,2021,Sangli,Sugarcane,Annual,Alluvial,Borewell,4.37,467.9,27.2,58.8,6.91,26552.87,41343.62,14129.57,57817.62,31788.1,16326.25,162317.04,3.65,187958.04,593109.41,405151.38
3882,2019,Aurangabad,Cotton,Kharif,Black,Rainfed,4.7,810.7,23.5,37.4,7.8,18930.99,24756.91,17278.3,43917.54,20256.72,12035.48,3334.15,55.51,137175.94,185087.72,47911.78
3883,2023,Sangli,Maize,Kharif,Loamy,Borewell,10.58,769.2,26.9,63.3,6.62,29834.76,62572.22,20643.69,73229.42,36844.7,18144.46,35000.22,21.83,241269.26,764132.37,522863.11
3884,2023,Kolhapur,Cotton,Kharif,Loamy,Borewell,8.85,1480.8,23.3,61.4,7.09,35765.17,52976.08,30240.43,94497.61,43843.01,26390.19,6451.68,67.79,283712.5,437358.14,153645.65
3885,2023,Kolhapur,Tomato,Rabi,Loamy,Borewell,2.92,1441.0,25.0,62.5,7.19,15121.84,22856.11,12009.08,31237.0,16147.2,9431.43,28975.06,28.87,106802.66,836406.06,729603.41
3886,2022,Nashik,Cotton,Kharif,Red,Borewell,8.57,702.9,25.9,85.9,5.57,37560.95,60421.88,34715.16,82653.51,40002.28,27993.68,6037.36,76.23,283347.45,460248.25,176900.8
3887,2024,Sangli,Onion,Rabi,Black,Canal,11.65,644.0,26.3,60.1,6.73,75216.61,88033.9,48452.09,118708.17,68162.31,32762.99,98608.07,25.13,431336.08,2478217.76,2046881.69
3888,2019,Pune,Onion,Rabi,Loamy,Drip,1.09,731.4,23.7,69.1,5.64,5511.65,7260.47,3775.05,9243.9,4774.34,2972.43,9330.74,23.91,33537.84,223115.25,189577.41
3889,2024,Solapur,Onion,Rabi,Red,Borewell,5.64,544.7,25.1,48.3,6.2,34330.8,42517.92,22638.37,60254.62,26467.77,16041.84,47463.34,20.33,202251.31,964762.27,762510.96
3890,2023,Pune,Soybean,Kharif,Loamy,Canal,5.98,669.3,25.8,58.3,6.42,19189.79,24927.99,10722.91,29084.44,13803.98,10735.68,7066.79,48.8,108464.78,344856.43,236391.65
3891,2022,Ahmednagar,Tomato,Rabi,Loamy,Rainfed,3.64,431.7,22.2,77.9,6.46,17229.44,23103.37,15682.33,40403.61,18256.38,11683.59,30819.36,29.16,126358.73,898727.67,772368.94
3892,2020,Solapur,Rice,Kharif,Loamy,Drip,9.3,582.9,25.8,67.1,5.71,31088.08,58179.12,28604.99,70771.72,38555.73,18746.44,27092.34,35.43,245946.08,959777.2,713831.12
3893,2019,Satara,Onion,Rabi,Alluvial,Borewell,4.2,928.7,19.6,66.1,7.07,20488.02,30848.17,13373.05,32821.99,18332.33,11484.4,28121.57,18.88,127347.96,531051.73,403703.77
3894,2021,Ahmednagar,Wheat,Rabi,Alluvial,Rainfed,9.35,414.6,24.8,52.1,7.18,27352.81,50177.66,24017.59,65977.89,24315.22,17632.49,22523.05,27.67,209473.66,623247.08,413773.43
3895,2022,Ahmednagar,Maize,Kharif,Loamy,Drip,2.33,577.2,25.0,46.6,7.24,7262.71,11416.44,5491.11,15066.25,6814.91,4142.55,8609.02,23.74,50193.98,204351.8,154157.82
3896,2020,Kolhapur,Tomato,Rabi,Black,Canal,5.89,1316.9,20.0,49.9,6.31,25746.32,44085.77,20936.86,60759.45,30729.86,17475.47,51074.08,26.27,199733.72,1341854.19,1142120.46
3897,2023,Solapur,Cotton,Kharif,Loamy,Canal,1.97,447.5,27.1,63.0,7.62,10088.87,12742.4,6010.01,20961.17,9390.97,5506.44,1388.22,80.91,64699.86,112316.02,47616.15
3898,2024,Sangli,Cotton,Kharif,Loamy,Drip,11.85,743.8,30.0,57.0,7.25,68430.54,89505.74,53828.02,141564.07,57575.53,42928.18,8755.11,66.71,453832.09,584068.96,130236.87
3899,2025,Solapur,Cotton,Kharif,Alluvial,Canal,2.03,669.8,29.4,75.1,6.98,10458.8,12447.2,8593.46,23498.33,11706.05,7508.15,1549.69,77.47,74211.99,120047.43,45835.44
3900,2024,Kolhapur,Soybean,Kharif,Alluvial,Rainfed,6.86,1386.6,25.9,56.4,6.38,22265.41,27728.24,15069.08,34723.79,13965.94,10788.97,7563.17,40.33,124541.44,305023.3,180481.86
3901,2022,Nashik,Cotton,Kharif,Red,Drip,2.18,716.8,24.5,59.2,6.39,10634.29,14023.13,8269.08,24643.58,9302.35,6145.38,1643.09,62.76,73017.82,103128.15,30110.33
3902,2023,Kolhapur,Cotton,Kharif,Loamy,Canal,9.09,1494.1,25.7,67.3,6.7,50754.15,62694.99,38484.48,96642.22,40316.04,24703.49,7428.9,62.73,313595.38,466006.52,152411.15
3903,2022,Kolhapur,Soybean,Kharif,Alluvial,Rainfed,2.96,1436.8,26.9,46.1,6.84,9650.19,13988.26,6422.48,14782.79,5967.49,5024.62,3148.63,50.54,55835.83,159136.27,103300.44
3904,2020,Ahmednagar,Maize,Kharif,Black,Canal,11.72,842.8,26.2,63.8,6.26,32057.05,50584.93,23375.8,73337.88,33117.19,21262.34,40448.58,25.02,233735.18,1011961.07,778225.89
3905,2023,Ahmednagar,Tomato,Rabi,Loamy,Drip,0.53,691.9,24.6,59.8,6.49,2712.06,4636.45,2346.77,6453.18,3138.42,1645.93,5766.76,24.13,20932.8,139176.03,118243.23
3906,2020,Nashik,Cotton,Kharif,Red,Rainfed,9.16,663.4,24.1,71.3,7.38,41077.88,53574.89,33327.05,95318.26,39439.26,23741.74,5146.67,61.15,286479.07,314734.86,28255.79
3907,2020,Aurangabad,Wheat,Rabi,Black,Drip,1.4,517.2,24.8,54.0,6.19,3553.59,6331.41,3582.06,9420.71,3318.16,2603.18,3444.49,27.75,28809.1,95589.83,66780.73
3908,2025,Aurangabad,Rice,Kharif,Black,Borewell,0.67,663.1,25.8,45.6,7.1,2677.45,6200.97,2135.02,5622.05,3416.01,1821.44,2119.08,29.99,21872.94,63556.1,41683.17
3909,2025,Kolhapur,Onion,Rabi,Alluvial,Drip,1.59,1508.8,21.2,52.7,6.77,9824.97,11842.14,6345.98,16498.85,8119.39,4710.87,12896.82,25.15,57342.19,324327.08,266984.89
3910,2021,Sangli,Cotton,Kharif,Alluvial,Borewell,10.17,507.1,30.1,58.8,6.45,45264.27,66253.22,40647.07,106241.42,42075.27,26009.66,6170.42,80.54,326490.91,496988.53,170497.63
3911,2019,Ahmednagar,Maize,Kharif,Red,Rainfed,9.39,608.8,24.9,59.4,6.99,24426.11,51698.67,16938.43,55897.74,20913.5,15127.91,22567.44,26.46,185002.36,597188.53,412186.16
3912,2021,Kolhapur,Wheat,Rabi,Loamy,Canal,9.76,1394.9,27.8,69.1,6.69,31842.52,52483.73,24287.74,66885.86,23623.29,17675.0,26020.89,32.95,216798.14,857419.23,640621.1
3913,2020,Nashik,Tomato,Rabi,Red,Rainfed,6.88,807.2,21.6,53.2,6.57,27815.6,46853.9,26475.67,70938.62,35031.56,20100.5,59603.43,28.37,227215.84,1691092.98,1463877.14
3914,2024,Ahmednagar,Wheat,Rabi,Alluvial,Rainfed,3.17,588.1,25.7,66.4,6.03,9983.56,18440.27,8442.98,25281.56,9762.4,5654.35,7664.45,30.88,77565.11,236704.67,159139.55
3915,2020,Nashik,Maize,Kharif,Loamy,Canal,10.11,778.1,24.0,53.5,6.15,26476.03,57337.38,19694.87,61150.8,25075.28,15579.03,34674.07,18.6,205313.4,644849.2,439535.8
3916,2023,Solapur,Tomato,Rabi,Loamy,Drip,3.0,674.4,29.3,44.7,6.38,14774.02,26607.24,13430.65,32909.82,16400.18,9162.18,32476.22,23.72,113284.09,770309.31,657025.21
3917,2024,Solapur,Onion,Rabi,Loamy,Rainfed,8.74,641.8,28.8,65.7,7.25,50490.36,58682.16,35859.55,89320.82,41909.02,26305.23,62307.14,24.76,302567.14,1542657.65,1240090.51
3918,2023,Nashik,Tomato,Rabi,Red,Rainfed,10.23,498.5,26.4,71.8,6.6,46063.57,78041.12,45631.18,107457.67,65398.31,35128.55,70776.35,26.65,377720.42,1886391.78,1508671.36
3919,2023,Solapur,Cotton,Kharif,Alluvial,Drip,11.92,524.0,27.6,57.9,5.86,65503.11,74186.16,46414.78,124159.41,66938.57,32670.17,8879.72,66.42,409872.19,589798.43,179926.24
3920,2022,Solapur,Cotton,Kharif,Loamy,Drip,2.6,709.5,29.3,76.3,5.56,12461.34,15875.79,10596.59,25876.03,12554.82,9760.7,2034.67,74.97,87125.27,152535.97,65410.7
3921,2020,Nashik,Rice,Kharif,Alluvial,Rainfed,9.45,672.9,24.1,56.3,7.01,34793.09,59354.35,29498.57,85000.21,29151.06,20978.11,24191.53,36.44,258775.38,881600.05,622824.67
3922,2020,Kolhapur,Soybean,Kharif,Red,Borewell,6.78,1610.4,24.0,73.3,6.83,20379.29,24747.3,11421.71,29585.68,10626.38,10218.94,8594.53,39.74,106979.3,341559.74,234580.43
3923,2019,Ahmednagar,Maize,Kharif,Red,Drip,2.62,626.3,23.4,41.9,6.85,6568.31,13094.2,4546.71,17638.09,6627.29,4108.44,8095.69,24.2,52583.03,195897.19,143314.16
3924,2021,Aurangabad,Cotton,Kharif,Red,Canal,5.9,390.3,27.3,58.8,7.91,27564.99,40204.31,22880.27,50507.83,33001.3,18834.87,3104.87,68.13,192993.58,211522.83,18529.25
3925,2024,Satara,Tomato,Rabi,Black,Rainfed,9.16,838.8,25.6,73.7,7.03,48044.4,74902.63,41316.26,113791.65,45936.96,29805.02,87151.65,26.84,353796.92,2339430.74,1985633.82
3926,2024,Satara,Cotton,Kharif,Loamy,Borewell,2.73,905.7,21.3,70.8,6.35,13627.64,18474.67,12133.76,27990.62,15181.17,9031.88,1814.95,70.54,96439.74,128029.88,31590.13
3927,2019,Pune,Tomato,Rabi,Alluvial,Drip,1.14,843.1,23.7,79.7,6.78,4652.85,8630.68,4246.66,10413.99,4792.82,3126.92,12900.13,22.05,35863.91,284422.78,248558.87
3928,2025,Sangli,Cotton,Kharif,Black,Drip,1.75,694.1,26.8,60.9,6.86,9138.64,11662.89,7752.53,20718.99,9133.52,5420.92,1352.25,76.43,63827.49,103354.78,39527.29
3929,2022,Aurangabad,Rice,Kharif,Alluvial,Rainfed,7.94,674.7,27.2,68.3,6.82,25602.44,57935.25,25096.8,73099.19,34272.74,23131.13,22982.91,32.37,239137.55,743969.76,504832.21
3930,2020,Kolhapur,Sugarcane,Annual,Black,Canal,4.94,1475.5,26.3,55.4,6.9,34263.94,39917.82,16723.11,60022.63,29360.24,16716.04,178393.16,3.22,197003.78,574012.0,377008.22
3931,2019,Solapur,Soybean,Kharif,Red,Drip,3.73,605.2,26.3,57.9,7.98,10868.89,13810.5,5915.1,15296.82,5772.36,5045.16,4469.07,42.74,56708.83,191011.32,134302.49
3932,2020,Pune,Onion,Rabi,Red,Canal,0.74,827.7,24.0,56.6,7.27,4005.09,4796.57,2715.96,6676.75,3592.57,1905.64,5616.45,27.63,23692.58,155186.0,131493.42
3933,2021,Sangli,Tomato,Rabi,Red,Borewell,5.71,430.3,27.6,52.2,7.33,26417.41,39319.18,23431.01,57617.13,28195.86,15291.89,44634.1,21.7,190272.49,968478.89,778206.4
3934,2020,Ahmednagar,Onion,Rabi,Red,Drip,1.13,645.5,28.7,53.5,6.78,5653.12,6462.72,3301.6,8254.22,5968.54,3097.17,8890.86,25.04,32737.37,222633.52,189896.14
3935,2019,Satara,Maize,Kharif,Red,Rainfed,4.15,939.0,26.7,70.6,6.9,9869.16,19156.77,9094.83,24427.96,10939.74,6737.53,11897.21,20.62,80225.98,245278.25,165052.26
3936,2022,Solapur,Maize,Kharif,Black,Drip,2.3,380.9,28.7,70.6,5.51,6286.28,13190.82,5771.4,14877.42,6694.28,4668.57,6452.93,21.0,51488.77,135501.29,84012.52
3937,2020,Pune,Soybean,Kharif,Black,Drip,2.5,647.7,23.7,65.0,7.09,7660.4,10252.22,4408.2,12332.99,4102.88,4009.6,3069.4,41.52,42766.29,127454.38,84688.09
3938,2022,Kolhapur,Soybean,Kharif,Loamy,Borewell,9.88,1389.8,22.7,50.2,8.2,34866.15,38015.41,20967.24,46380.02,19019.31,16435.35,11862.41,40.74,175683.49,483286.1,307602.61
3939,2024,Nashik,Rice,Kharif,Loamy,Borewell,6.03,704.0,25.2,68.4,6.19,22036.53,44042.89,17936.48,52651.83,28966.36,15653.3,17352.45,32.57,181287.39,565224.66,383937.27
3940,2022,Pune,Onion,Rabi,Loamy,Drip,7.58,805.4,24.9,69.6,7.14,41114.38,54636.08,28411.03,75082.16,40093.51,21453.31,62070.91,21.87,260790.47,1357783.87,1096993.39
3941,2025,Solapur,Sugarcane,Annual,Alluvial,Drip,9.52,619.0,25.7,66.0,7.1,77306.03,101997.36,35507.24,164500.81,72720.35,43107.25,348249.72,2.89,495139.05,1004784.74,509645.7
3942,2021,Ahmednagar,Wheat,Rabi,Alluvial,Drip,8.47,719.0,23.6,51.2,6.55,22763.8,48741.44,18384.08,63977.72,21449.47,16558.0,23230.46,27.65,191874.5,642418.34,450543.84
3943,2020,Nashik,Wheat,Rabi,Red,Canal,10.91,857.7,20.9,65.7,6.63,29828.07,60375.48,21492.79,75446.4,29644.24,19530.29,28513.13,30.04,236317.27,856663.55,620346.28
3944,2020,Ahmednagar,Sugarcane,Annual,Black,Drip,1.87,707.7,22.5,69.1,6.48,12266.39,15796.15,5967.32,22275.93,12818.72,6626.15,69633.8,3.19,75750.67,222445.38,146694.71
3945,2019,Ahmednagar,Cotton,Kharif,Red,Canal,8.2,636.2,27.6,51.1,6.81,33875.0,45815.27,27245.9,69368.5,35145.6,19597.09,5122.96,71.07,231047.36,364096.76,133049.4
3946,2025,Nashik,Sugarcane,Annual,Black,Rainfed,5.19,529.1,26.7,71.6,6.48,37661.57,55346.15,21386.21,87106.75,43520.52,24074.92,173959.3,3.23,269096.11,561859.57,292763.46
3947,2020,Ahmednagar,Sugarcane,Annual,Red,Canal,1.6,828.4,27.5,51.9,6.35,10008.38,15802.18,5165.63,19744.64,10069.99,5502.2,69315.82,2.96,66293.01,205367.05,139074.04
3948,2019,Solapur,Wheat,Rabi,Loamy,Borewell,1.27,441.6,29.0,61.5,7.36,3151.8,7328.39,2672.32,8915.64,3281.96,2297.89,3303.16,26.12,27648.0,86293.2,58645.2
3949,2024,Aurangabad,Cotton,Kharif,Black,Borewell,8.14,743.8,24.9,49.3,5.57,40030.95,55469.46,34556.19,102222.72,43761.66,24379.08,6075.82,89.08,300420.05,541227.16,240807.1
3950,2025,Solapur,Sugarcane,Annual,Alluvial,Borewell,11.1,478.8,26.3,62.5,7.1,89291.64,116185.0,46143.7,165791.55,93594.7,42365.1,410812.41,3.66,553371.69,1502683.23,949311.54
3951,2021,Ahmednagar,Rice,Kharif,Black,Borewell,11.55,648.6,25.8,62.8,6.74,38622.0,81432.92,31833.8,92325.3,46455.31,29161.85,35470.44,36.1,319831.19,1280536.64,960705.45
3952,2023,Satara,Onion,Rabi,Loamy,Drip,7.98,945.2,24.7,46.9,6.38,44511.36,63411.04,32953.63,85148.21,43193.11,24526.66,59811.36,19.52,293744.0,1167395.29,873651.29
3953,2021,Ahmednagar,Sugarcane,Annual,Black,Drip,0.86,595.9,26.9,57.1,6.3,6043.07,7522.18,2715.78,12306.19,5009.61,2939.16,33265.59,4.0,36535.99,133013.39,96477.4
3954,2023,Solapur,Maize,Kharif,Black,Canal,5.63,471.3,24.0,83.4,6.22,15460.29,30503.07,13680.07,41948.54,17190.53,13445.86,17754.18,23.24,132228.37,412590.46,280362.09
3955,2025,Sangli,Tomato,Rabi,Alluvial,Canal,8.37,470.1,26.6,64.1,6.94,50153.63,78959.9,38259.29,102016.33,47963.54,30370.65,68090.28,23.75,347723.35,1616808.21,1269084.87
3956,2022,Satara,Maize,Kharif,Red,Drip,1.48,1054.7,24.4,54.3,6.69,3932.79,7584.73,3100.85,10003.96,3863.23,2645.92,4816.5,19.95,31131.49,96088.18,64956.69
3957,2025,Nashik,Sugarcane,Annual,Red,Rainfed,6.42,640.2,23.5,69.3,7.74,46374.14,64818.29,26244.24,94299.09,52827.51,30427.81,199088.99,3.36,314991.08,669592.4,354601.32
3958,2019,Nashik,Maize,Kharif,Black,Rainfed,5.88,557.8,24.4,50.7,6.15,14499.21,29731.22,9689.72,34614.65,12752.89,10025.79,17445.45,17.05,111313.48,297465.06,186151.58
3959,2020,Pune,Sugarcane,Annual,Alluvial,Borewell,1.04,763.7,27.1,63.3,7.07,6195.33,8501.12,3892.79,11768.07,7171.87,3856.9,40402.01,3.09,41386.09,124707.4,83321.3
3960,2022,Nashik,Wheat,Rabi,Black,Borewell,4.12,663.2,20.8,75.7,5.83,12251.58,24550.17,10639.87,30719.36,12253.97,8747.31,9999.37,23.68,99162.26,236825.53,137663.27
3961,2025,Pune,Cotton,Kharif,Red,Drip,6.31,527.9,22.5,72.9,7.63,32920.44,46676.82,32934.61,68387.01,34910.71,20499.0,4104.38,81.12,236328.58,332938.01,96609.43
3962,2023,Nashik,Onion,Rabi,Alluvial,Canal,3.52,630.2,26.1,57.5,7.28,21125.83,25578.92,14279.4,34581.77,19883.74,10022.71,24248.17,24.52,125472.36,594490.76,469018.39
3963,2024,Solapur,Maize,Kharif,Black,Borewell,11.72,535.3,29.7,47.9,6.82,34146.52,76098.12,27041.47,91521.02,35827.98,29452.97,30942.73,26.41,294088.09,817072.95,522984.85
3964,2020,Ahmednagar,Rice,Kharif,Red,Borewell,9.93,346.9,26.3,55.1,7.23,32356.0,66595.76,34610.95,81071.32,35393.75,24785.64,24791.04,28.7,274813.42,711475.29,436661.87
3965,2020,Kolhapur,Tomato,Rabi,Red,Borewell,7.77,1302.8,26.1,73.1,7.04,33331.47,55256.28,27315.12,71574.63,39662.03,23893.41,62600.21,18.65,251032.94,1167254.26,916221.32
3966,2019,Ahmednagar,Maize,Kharif,Alluvial,Canal,2.29,687.1,22.0,69.5,7.52,6041.05,11734.91,4478.18,14120.61,6601.52,4060.44,7657.48,18.95,47036.71,145098.08,98061.37
3967,2019,Ahmednagar,Maize,Kharif,Loamy,Drip,10.0,633.2,25.4,68.4,6.62,24296.42,46856.79,20578.76,57182.58,24959.25,17564.26,30123.86,20.32,191438.06,612088.41,420650.35
3968,2024,Solapur,Tomato,Rabi,Alluvial,Borewell,5.55,656.0,26.3,58.3,7.33,27588.48,44897.07,24642.55,66291.29,35134.14,18429.07,61477.32,23.81,216982.6,1463746.54,1246763.94
3969,2024,Satara,Soybean,Kharif,Black,Drip,8.01,715.9,26.8,47.9,6.86,29148.46,34487.04,17583.64,41219.97,17977.17,12755.74,7796.98,52.13,153172.02,406453.31,253281.29
3970,2021,Kolhapur,Soybean,Kharif,Alluvial,Borewell,9.8,1491.3,25.8,49.5,7.3,30119.46,39492.05,18341.33,48999.72,17474.54,17094.85,12748.85,48.19,171521.95,614325.87,442803.92
3971,2023,Kolhapur,Wheat,Rabi,Loamy,Canal,8.67,1666.6,24.6,60.8,7.12,26059.1,51505.84,23638.88,68905.48,28217.73,16905.66,24876.83,24.97,215232.7,621088.72,405856.02
3972,2022,Kolhapur,Wheat,Rabi,Black,Drip,1.34,1192.4,28.4,62.9,7.5,3977.75,8134.29,3381.84,10070.52,3244.29,2807.05,2871.66,24.93,31615.72,71597.96,39982.24
3973,2023,Solapur,Wheat,Rabi,Loamy,Canal,1.15,564.8,24.6,61.6,6.98,3728.59,7083.93,2954.28,8864.2,3115.8,2521.9,2931.24,25.5,28268.71,74749.67,46480.96
3974,2020,Solapur,Rice,Kharif,Loamy,Borewell,10.77,564.0,28.2,57.0,6.72,33168.2,72748.06,33108.58,79293.44,45121.4,23558.17,34101.11,32.1,286997.86,1094497.44,807499.58
3975,2022,Ahmednagar,Cotton,Kharif,Loamy,Drip,8.69,667.6,26.9,65.4,7.15,46021.39,56821.25,31984.09,85314.8,42865.15,28337.03,6755.56,75.76,291343.72,511816.69,220472.97
3976,2022,Solapur,Maize,Kharif,Red,Canal,2.18,360.2,30.5,50.0,7.83,5635.9,12027.18,4535.91,14127.25,6242.46,4237.17,5156.46,19.43,46805.87,100207.5,53401.63
3977,2022,Aurangabad,Maize,Kharif,Loamy,Canal,8.76,778.6,30.1,80.2,6.16,24989.62,50090.09,17869.68,46929.67,28634.03,19401.82,27474.51,24.11,187914.92,662324.4,474409.48
3978,2021,Ahmednagar,Maize,Kharif,Red,Rainfed,0.93,757.8,24.8,55.2,6.73,2576.88,5915.61,2066.33,6544.86,2896.14,1785.95,2525.61,20.34,21785.78,51366.19,29580.41
3979,2022,Nashik,Tomato,Rabi,Alluvial,Rainfed,10.27,579.1,23.5,47.5,7.44,52253.56,82673.14,40633.71,104104.91,55703.13,32937.28,80853.1,28.75,368305.72,2324335.19,1956029.47
3980,2019,Ahmednagar,Maize,Kharif,Alluvial,Drip,3.2,599.8,25.7,60.7,6.88,8797.61,16450.79,5891.57,19469.74,7687.92,5022.89,10830.71,23.66,63320.53,256211.46,192890.93
3981,2019,Kolhapur,Maize,Kharif,Black,Canal,10.21,1265.2,28.0,55.4,6.5,26551.23,52231.58,19194.36,64265.97,25760.08,16517.34,26448.35,17.23,204520.55,455581.45,251060.9
3982,2019,Satara,Tomato,Rabi,Red,Canal,11.9,1118.7,21.9,53.0,5.83,50354.28,75454.8,39992.6,111929.19,55628.61,28366.58,121339.37,24.6,361726.07,2985431.1,2623705.03
3983,2020,Sangli,Onion,Rabi,Loamy,Drip,6.38,555.8,26.4,59.0,7.39,35221.09,34309.08,22005.05,47173.59,32962.19,19367.6,47858.02,22.69,191038.59,1086041.1,895002.5
3984,2024,Ahmednagar,Sugarcane,Annual,Loamy,Drip,5.27,735.9,27.0,60.3,7.69,41682.34,65041.11,22460.34,77063.32,43675.88,25133.25,217367.48,3.63,275056.24,789455.95,514399.71
3985,2019,Ahmednagar,Cotton,Kharif,Loamy,Borewell,9.03,564.7,29.3,76.6,7.02,34430.65,46910.91,35748.79,79495.51,41424.74,24164.47,5961.88,49.07,262175.07,292550.07,30375.0
3986,2024,Solapur,Rice,Kharif,Alluvial,Rainfed,1.91,719.0,25.8,69.8,7.15,6786.81,14124.63,6751.22,18348.41,9126.36,4778.9,4536.53,30.83,59916.33,139877.71,79961.38
3987,2020,Nashik,Onion,Rabi,Red,Rainfed,6.39,735.8,23.4,54.8,6.04,33898.51,42702.43,22575.72,55570.35,31470.25,16497.53,41298.1,17.95,202714.8,741390.69,538675.9
3988,2019,Pune,Soybean,Kharif,Alluvial,Drip,4.75,654.7,22.8,69.4,7.02,13851.92,17097.85,8067.2,21781.56,8506.06,7710.63,5959.16,42.31,77015.21,252124.71,175109.5
3989,2025,Nashik,Maize,Kharif,Black,Drip,1.8,721.1,21.8,67.2,6.33,5666.4,11787.48,3849.63,12166.74,5469.96,3948.76,5818.71,27.67,42888.96,160986.52,118097.55
3990,2025,Nashik,Maize,Kharif,Red,Rainfed,2.38,820.4,21.5,66.2,6.21,7659.54,15801.0,5672.97,19281.04,8288.49,4527.46,5866.72,23.91,61230.51,140267.97,79037.45
3991,2023,Kolhapur,Onion,Rabi,Black,Canal,7.3,1442.6,23.0,65.0,6.67,41440.02,57660.66,31141.45,82697.71,40044.88,23724.0,56425.63,21.37,276708.71,1205596.81,928888.1
3992,2023,Sangli,Maize,Kharif,Loamy,Borewell,3.16,553.7,26.2,52.0,6.44,7884.9,17549.46,7507.64,24787.26,9612.15,6356.05,9220.11,23.39,73697.46,215643.27,141945.81
3993,2019,Kolhapur,Tomato,Rabi,Black,Rainfed,5.47,1423.7,29.6,60.6,5.95,23076.04,37569.7,19582.49,45672.67,22552.33,15545.91,46315.8,30.2,163999.14,1398739.46,1234740.31
3994,2023,Kolhapur,Onion,Rabi,Black,Borewell,3.84,1226.2,24.2,56.9,6.92,23324.76,27252.99,13467.14,38574.61,20562.14,11595.53,26920.31,29.33,134777.17,789618.08,654840.91
3995,2025,Kolhapur,Cotton,Kharif,Red,Rainfed,11.81,1492.4,22.6,66.7,7.43,66268.42,81602.36,54214.63,130807.09,54693.87,38263.01,7252.99,88.73,425849.37,643545.93,217696.57
3996,2020,Sangli,Wheat,Rabi,Loamy,Borewell,7.72,757.7,26.1,65.7,5.92,22837.82,40662.27,19147.37,49684.28,20890.14,14023.39,18862.69,22.41,167245.27,422791.49,255546.21
3997,2025,Satara,Sugarcane,Annual,Alluvial,Canal,9.67,844.3,27.2,60.8,7.09,74335.65,102910.82,37479.74,146411.1,74149.59,42723.11,325561.14,3.95,478010.01,1285891.77,807881.76
3998,2021,Sangli,Tomato,Rabi,Loamy,Canal,6.03,543.6,26.0,65.2,5.83,28356.63,48868.56,19944.87,58599.61,33637.94,18364.65,51831.92,22.3,207772.25,1155819.79,948047.54
3999,2024,Sangli,Rice,Kharif,Red,Drip,6.41,579.6,27.9,56.7,6.98,24459.42,49506.99,20535.06,43101.85,33718.32,14870.69,15449.55,39.11,186192.32,604254.31,418061.99
4000,2019,Ahmednagar,Cotton,Kharif,Red,Borewell,8.21,653.9,23.6,57.9,8.2,33137.53,42756.65,26966.61,65485.58,35096.75,21695.85,5650.03,69.52,225138.96,392812.46,167673.5
4001,2019,Ahmednagar,Maize,Kharif,Red,Drip,0.95,883.5,24.6,61.4,6.7,2314.44,4365.87,1407.29,5576.89,2857.44,1624.39,3310.79,20.0,18146.32,66212.0,48065.68
4002,2024,Kolhapur,Wheat,Rabi,Black,Rainfed,1.16,1574.9,24.9,65.2,6.31,3863.42,7489.98,3290.22,7972.36,3910.4,2609.42,2686.24,22.49,29135.81,60420.87,31285.06
4003,2023,Ahmednagar,Cotton,Kharif,Alluvial,Drip,4.71,747.2,25.2,63.1,6.35,23237.85,33485.5,22626.78,56252.8,27574.25,15206.14,3937.91,77.04,178383.33,303362.43,124979.1
4004,2024,Kolhapur,Rice,Kharif,Loamy,Rainfed,11.8,1604.7,24.8,65.3,6.74,42816.44,84700.81,40095.13,106514.16,54262.42,27369.46,32174.01,33.17,355758.42,1067141.95,711383.53
4005,2025,Aurangabad,Rice,Kharif,Loamy,Drip,5.92,684.0,24.2,68.7,6.47,22005.09,46341.67,21611.5,58783.27,26727.68,15532.68,15543.85,34.27,191001.9,532694.5,341692.61
4006,2023,Kolhapur,Tomato,Rabi,Black,Drip,10.72,1361.9,27.3,76.2,7.13,57679.47,89705.57,46761.35,137882.6,55362.86,34922.78,102279.74,23.83,422314.63,2437102.68,2014788.05
4007,2024,Nashik,Soybean,Kharif,Black,Rainfed,7.19,903.2,23.6,75.8,6.88,25246.7,28737.17,16333.1,33668.47,15577.32,10563.29,8714.14,46.94,130126.05,409015.6,278889.55
4008,2022,Sangli,Soybean,Kharif,Loamy,Rainfed,11.44,300.0,23.8,57.7,7.47,34857.38,46119.86,24023.97,53079.99,20155.81,20848.61,10719.22,52.67,199085.62,564625.07,365539.45
4009,2019,Pune,Maize,Kharif,Black,Canal,9.35,489.9,24.2,63.9,7.61,20118.36,47481.3,16333.78,55771.53,22891.63,17066.06,24624.41,22.32,179662.66,549498.34,369835.68
4010,2023,Ahmednagar,Soybean,Kharif,Alluvial,Drip,9.0,477.2,23.5,49.9,6.95,26879.33,36486.97,18499.32,46078.65,19801.85,14461.99,10712.16,47.1,162208.11,504494.19,342286.08
4011,2025,Satara,Tomato,Rabi,Black,Rainfed,6.74,984.8,23.3,52.9,6.27,33733.98,54223.19,30970.11,79183.23,37075.25,23893.29,66023.48,26.42,259079.04,1744058.38,1484979.33
4012,2021,Pune,Onion,Rabi,Red,Canal,7.08,753.7,23.8,65.8,7.01,40495.65,50040.6,21902.03,64888.65,33146.43,21307.02,49999.78,19.36,231780.39,967862.19,736081.8
4013,2023,Satara,Soybean,Kharif,Black,Canal,8.76,947.0,27.1,65.4,6.72,28461.15,39763.39,18360.34,51408.49,17606.43,12330.51,9683.4,49.51,167930.32,479415.16,311484.83
4014,2025,Sangli,Maize,Kharif,Red,Rainfed,0.89,611.1,24.4,72.0,6.5,2615.33,6333.98,2359.35,6813.46,2650.97,2035.87,2347.26,26.98,22808.95,63328.07,40519.11
4015,2022,Aurangabad,Wheat,Rabi,Loamy,Drip,5.54,789.1,26.1,48.2,6.49,14663.46,35785.41,14467.66,38550.22,14384.65,10903.23,14841.42,24.37,128754.62,361620.39,232865.77
4016,2020,Sangli,Sugarcane,Annual,Red,Drip,6.09,743.3,27.4,54.7,5.67,35682.72,54954.97,20751.47,80108.58,43790.68,23393.52,208768.6,3.65,258681.94,761536.8,502854.86
4017,2024,Sangli,Soybean,Kharif,Red,Drip,8.25,672.4,27.5,49.6,7.2,26921.86,33781.95,18531.02,38601.81,16631.72,15353.42,9576.22,47.37,149821.77,453635.65,303813.88
4018,2024,Sangli,Sugarcane,Annual,Black,Canal,9.93,720.2,31.4,58.7,6.66,69570.53,102337.89,40369.22,151709.21,82970.91,46857.79,324147.69,4.11,493815.55,1330640.69,836825.14
4019,2020,Sangli,Rice,Kharif,Loamy,Borewell,0.63,587.4,27.3,73.1,6.39,2012.92,4028.82,2051.7,5214.01,2672.91,1557.9,1731.8,27.81,17538.27,48154.14,30615.88
4020,2022,Satara,Rice,Kharif,Alluvial,Rainfed,11.29,836.7,24.3,62.9,6.7,42441.79,81662.98,34403.08,98650.53,55831.21,28393.01,27121.61,38.38,341382.59,1040893.36,699510.77
4021,2020,Nashik,Wheat,Rabi,Red,Drip,4.19,720.9,20.7,75.3,5.2,10338.5,24471.82,10067.83,31818.53,10944.23,8104.7,10738.47,25.47,95745.6,273475.79,177730.19
4022,2024,Satara,Soybean,Kharif,Red,Rainfed,6.9,1102.3,23.5,52.2,6.21,25769.73,28104.54,16278.65,34276.49,15133.24,11956.15,8331.28,61.88,131518.8,515545.24,384026.44
4023,2020,Solapur,Soybean,Kharif,Loamy,Rainfed,0.95,595.6,26.8,63.7,6.15,2771.37,3151.96,1803.78,3799.36,1634.93,1549.06,923.03,48.9,14710.46,45139.35,30428.89
4024,2024,Solapur,Sugarcane,Annual,Black,Borewell,9.2,549.0,29.5,70.3,6.79,71607.72,98528.88,37481.91,136095.07,75172.25,40398.46,324567.26,3.95,459284.29,1283650.98,824366.69
4025,2022,Aurangabad,Sugarcane,Annual,Black,Rainfed,4.41,635.8,25.6,51.7,6.78,33019.86,39016.91,15761.26,64911.05,32068.23,14649.63,167881.49,2.97,199426.94,499082.93,299655.99
4026,2025,Solapur,Tomato,Rabi,Red,Rainfed,7.74,475.6,27.4,61.7,5.74,38640.59,58556.68,34089.36,102306.76,43739.1,27770.26,53856.11,28.06,305102.75,1511089.54,1205986.79
4027,2020,Kolhapur,Rice,Kharif,Black,Drip,11.41,1433.2,25.5,84.2,5.56,38226.41,75543.59,29041.19,103223.78,48350.28,26795.29,35862.07,24.94,321180.54,894361.8,573181.26
4028,2022,Aurangabad,Sugarcane,Annual,Black,Borewell,6.6,795.5,26.7,64.5,7.63,48662.1,73452.93,23761.45,75408.94,45338.36,26834.0,264354.64,2.85,293457.79,753894.13,460436.34
4029,2023,Solapur,Rice,Kharif,Loamy,Drip,2.71,531.8,26.4,54.8,6.95,8619.21,19405.15,8837.66,22518.23,13276.1,7693.23,8858.1,33.78,80349.58,299216.08,218866.5
4030,2024,Solapur,Cotton,Kharif,Loamy,Drip,9.42,653.3,26.2,62.0,5.23,48976.49,71273.71,46352.07,101010.29,51854.76,29649.37,7038.59,59.72,349116.7,420333.2,71216.5
4031,2024,Ahmednagar,Wheat,Rabi,Loamy,Borewell,8.4,489.4,25.4,57.2,6.59,27297.01,53636.5,21527.89,57356.47,28490.75,21279.15,21960.49,29.49,209587.75,647668.05,438080.29
4032,2023,Sangli,Onion,Rabi,Loamy,Drip,6.06,628.8,28.6,65.5,6.41,36159.25,44180.32,23638.28,67723.31,28370.07,18263.52,53162.03,24.84,218334.74,1320304.76,1101970.03
4033,2020,Nashik,Onion,Rabi,Alluvial,Borewell,7.47,721.4,24.4,58.7,8.14,40332.94,51416.13,20571.39,66977.59,34336.61,18646.48,59879.45,19.72,232281.13,1180871.88,948590.74
4034,2023,Kolhapur,Soybean,Kharif,Red,Canal,5.27,1386.4,25.4,50.7,6.17,16890.89,22853.77,11111.11,25725.08,9692.96,9429.94,5537.13,50.32,95703.74,278646.98,182943.24
4035,2023,Satara,Onion,Rabi,Alluvial,Borewell,7.5,874.1,28.2,59.5,6.54,45173.6,57656.38,24730.48,65620.0,35734.52,22143.68,60355.91,22.94,251058.65,1384715.23,1133656.58
4036,2024,Aurangabad,Wheat,Rabi,Alluvial,Drip,2.9,723.1,24.6,65.6,6.87,9005.97,18043.43,7280.17,23727.91,7949.46,5994.93,8011.95,31.3,72001.87,250778.47,178776.6
4037,2021,Aurangabad,Wheat,Rabi,Loamy,Drip,7.65,674.2,25.2,60.6,7.17,24862.52,40635.13,20150.21,53607.68,18869.41,17618.85,22323.73,33.55,175743.81,748984.75,573240.94
4038,2023,Sangli,Tomato,Rabi,Alluvial,Rainfed,9.61,731.3,23.5,60.0,5.3,44818.94,71726.91,34505.7,111557.79,53603.58,27719.49,96543.68,27.56,343932.41,2660890.81,2316958.4
4039,2022,Sangli,Sugarcane,Annual,Black,Rainfed,4.17,792.1,26.0,79.8,6.3,30814.99,38363.25,12990.85,52891.33,27861.49,17657.23,161073.27,3.04,180579.14,490026.71,309447.57
4040,2024,Kolhapur,Sugarcane,Annual,Loamy,Canal,1.22,1501.7,22.5,68.9,7.32,8929.26,13620.06,4993.73,19648.75,8873.77,5121.8,45536.69,3.26,61187.38,148655.91,87468.54
4041,2022,Kolhapur,Onion,Rabi,Alluvial,Rainfed,11.14,1571.0,26.0,51.2,6.77,62124.22,77275.05,38759.1,110240.74,55384.31,30046.82,87542.27,17.45,373830.23,1527770.66,1153940.43
4042,2019,Kolhapur,Soybean,Kharif,Loamy,Borewell,5.82,1560.1,26.8,73.2,7.08,16043.32,18602.24,10010.88,22149.41,11845.98,8009.22,7354.75,42.13,86661.06,309875.65,223214.59
4043,2025,Kolhapur,Soybean,Kharif,Loamy,Canal,5.51,1396.6,27.9,66.7,6.69,18774.57,24347.4,10579.92,31961.42,13581.23,11639.89,6347.83,49.61,110884.43,314912.9,204028.47
4044,2024,Sangli,Soybean,Kharif,Black,Borewell,8.35,535.7,30.1,55.8,6.18,27545.97,36814.03,19651.08,40767.12,17059.45,14594.12,10518.64,46.24,156431.76,486339.08,329907.32
4045,2021,Pune,Cotton,Kharif,Alluvial,Canal,9.92,538.7,25.1,62.2,6.47,47497.87,52654.9,40154.16,89873.63,44422.58,31820.46,7200.95,69.81,306423.61,502665.42,196241.81
4046,2024,Ahmednagar,Wheat,Rabi,Loamy,Rainfed,5.21,602.3,27.2,64.7,7.05,17741.72,33909.8,13743.95,42514.44,14440.95,11218.14,11262.94,29.19,133569.01,328751.13,195182.13
4047,2019,Ahmednagar,Onion,Rabi,Black,Drip,9.02,808.8,23.2,57.9,6.68,46650.63,57373.29,26756.87,64668.41,41518.04,25834.02,87841.52,22.21,262801.26,1951047.99,1688246.73
4048,2022,Ahmednagar,Tomato,Rabi,Black,Borewell,8.72,614.5,25.4,49.1,6.37,40448.38,71409.83,39283.28,98616.06,45313.33,24196.65,87140.05,26.31,319267.54,2292303.67,1973036.13
4049,2023,Kolhapur,Tomato,Rabi,Black,Rainfed,1.21,1409.5,24.1,64.3,6.91,5722.76,10325.33,5277.37,13862.26,5650.36,3788.9,10179.73,27.94,44626.98,284415.16,239788.19
4050,2023,Kolhapur,Maize,Kharif,Alluvial,Canal,10.75,1555.0,22.8,64.4,6.17,28510.78,65238.59,22398.0,80691.36,34140.06,21977.96,37871.24,28.3,252956.75,1071698.62,818741.87
4051,2019,Satara,Rice,Kharif,Red,Rainfed,9.52,1036.7,21.6,55.5,7.6,27661.21,57843.89,25137.73,70426.44,33140.22,19991.96,22985.57,29.9,234201.45,687325.43,453123.98
4052,2021,Aurangabad,Onion,Rabi,Red,Borewell,10.67,678.4,27.7,66.4,7.55,55512.46,73411.97,43062.1,101220.52,46403.25,31616.36,71331.6,23.73,351226.66,1692939.97,1341713.31
4053,2023,Nashik,Cotton,Kharif,Alluvial,Borewell,8.45,866.3,25.9,66.1,6.63,41181.75,54915.21,34958.62,76580.94,40671.02,25387.43,6348.83,60.44,273694.96,383708.63,110013.67
4054,2020,Pune,Soybean,Kharif,Loamy,Canal,10.33,612.1,25.9,68.9,6.7,25607.4,36410.89,19899.0,49993.31,17182.57,15886.67,10721.79,47.66,164979.84,511045.95,346066.11
4055,2019,Pune,Wheat,Rabi,Red,Rainfed,0.57,778.7,24.9,53.6,6.57,1586.26,2733.88,1448.98,3471.13,1435.45,1180.14,1142.9,26.78,11855.84,30606.88,18751.04
4056,2025,Sangli,Onion,Rabi,Loamy,Rainfed,6.81,404.4,25.5,69.5,8.2,41350.89,55631.87,25739.49,78249.02,42176.23,24054.25,44219.74,24.69,267201.76,1091914.87,824713.11
4057,2019,Satara,Onion,Rabi,Alluvial,Borewell,8.71,1022.9,23.5,58.6,6.13,44557.08,59174.96,24439.95,79547.87,37754.21,18117.24,76671.13,18.45,263591.31,1414642.91,1151051.61
4058,2023,Nashik,Cotton,Kharif,Alluvial,Drip,2.36,593.5,24.1,70.9,6.52,12449.65,16395.62,10369.04,20009.04,11276.68,6909.31,1685.14,65.88,77409.35,111015.98,33606.63
4059,2022,Kolhapur,Sugarcane,Annual,Loamy,Rainfed,4.39,1474.8,27.7,80.9,6.67,31896.02,41741.7,17577.98,59004.94,35200.8,16941.84,148478.91,2.72,202363.28,403909.81,201546.53
4060,2024,Pune,Sugarcane,Annual,Black,Borewell,4.41,898.1,22.8,51.4,7.1,30145.27,46718.8,16528.79,66541.43,34264.36,16842.22,195114.61,3.15,211040.87,614560.89,403520.02
4061,2024,Sangli,Maize,Kharif,Black,Rainfed,8.18,481.3,27.4,60.4,7.46,23388.68,55999.74,18385.95,53684.72,25624.39,15936.81,21888.31,26.06,193020.3,570516.47,377496.17
4062,2022,Satara,Rice,Kharif,Alluvial,Rainfed,8.35,836.0,22.4,74.0,6.59,28711.7,60988.54,29909.98,62566.96,39653.26,17401.63,19590.52,35.77,239232.06,700755.92,461523.86
4063,2021,Satara,Wheat,Rabi,Alluvial,Canal,1.44,980.9,25.8,52.6,7.05,4255.03,7531.76,3796.37,10409.98,3651.29,2893.9,3588.12,24.98,32538.33,89620.62,57082.29
4064,2023,Ahmednagar,Cotton,Kharif,Black,Borewell,1.77,459.0,25.1,59.5,7.31,8682.67,10091.87,6447.93,20487.28,8671.52,6190.24,1370.19,82.4,60571.5,112907.67,52336.17
4065,2024,Kolhapur,Sugarcane,Annual,Alluvial,Borewell,8.78,1426.8,26.2,56.3,6.33,67632.57,88029.25,34919.93,140851.55,64951.12,39671.28,341758.18,2.76,436055.7,944666.45,508610.75
4066,2020,Solapur,Tomato,Rabi,Alluvial,Rainfed,6.74,579.5,26.8,66.2,6.53,29739.44,49429.3,26418.99,69288.4,35920.99,19075.14,56050.18,25.57,229872.26,1433141.29,1203269.04
4067,2025,Ahmednagar,Tomato,Rabi,Red,Rainfed,1.97,629.7,27.1,59.5,6.55,10364.71,17495.06,9260.29,24062.91,13452.75,6440.88,17538.83,34.39,81076.61,603211.62,522135.02
4068,2023,Solapur,Onion,Rabi,Loamy,Borewell,6.06,692.5,23.3,57.1,5.97,36582.3,44317.66,22057.93,64327.96,38953.82,18649.89,49463.24,21.68,224889.56,1072212.36,847322.79
4069,2022,Solapur,Maize,Kharif,Red,Drip,10.94,626.1,24.9,46.3,7.23,30721.26,54136.31,24869.49,74491.09,34972.25,22446.65,31607.44,21.01,241637.05,664171.03,422533.98
4070,2023,Nashik,Maize,Kharif,Black,Canal,8.85,675.3,26.7,70.9,6.69,24667.7,54299.36,21151.76,63909.74,25370.36,16058.12,29535.76,23.41,205457.03,691443.32,485986.29
4071,2024,Satara,Soybean,Kharif,Alluvial,Borewell,9.4,1036.6,21.0,55.8,6.56,32719.61,39068.22,19959.41,48462.1,18257.96,15891.87,10170.29,48.0,174359.16,488134.21,313775.05
4072,2022,Kolhapur,Wheat,Rabi,Alluvial,Borewell,9.34,1476.0,25.3,59.7,6.77,29106.08,57239.07,26116.85,64435.52,26605.38,16173.61,21823.37,21.57,219676.5,470797.88,251121.38
4073,2023,Kolhapur,Tomato,Rabi,Alluvial,Canal,11.78,1583.5,22.9,71.5,7.58,60966.72,103810.33,55490.14,143173.17,74320.67,36333.99,117613.57,26.49,474095.02,3116123.48,2642028.46
4074,2023,Satara,Onion,Rabi,Loamy,Canal,11.72,869.9,27.7,53.2,6.76,68926.64,103410.86,51811.74,102151.38,64658.42,34542.61,87922.53,27.27,425501.64,2397477.31,1971975.67
4075,2025,Nashik,Maize,Kharif,Red,Drip,1.59,511.6,26.6,69.2,6.11,4768.96,9601.0,3951.35,10515.41,5104.71,3535.24,4794.0,29.13,37476.67,139651.54,102174.87
4076,2022,Pune,Onion,Rabi,Black,Drip,4.41,636.9,24.3,68.2,6.14,26857.84,32401.98,18179.13,44676.6,23705.5,12676.98,31480.38,24.51,158498.04,771500.16,613002.12
4077,2024,Solapur,Cotton,Kharif,Alluvial,Drip,8.31,648.6,28.5,57.3,6.18,43613.77,60512.7,34310.86,97053.3,41717.49,25694.46,6779.11,87.13,302902.58,590692.2,287789.63
4078,2024,Ahmednagar,Rice,Kharif,Black,Rainfed,1.77,631.4,27.0,59.1,7.31,6635.17,12966.26,6821.08,18035.95,8427.67,4565.96,4412.7,26.97,57452.1,119027.47,61575.37
4079,2020,Sangli,Soybean,Kharif,Red,Rainfed,8.89,594.7,27.9,66.5,6.78,26473.87,34184.18,17774.58,39416.77,15488.12,13596.05,8971.09,40.35,146933.57,361975.39,215041.82
4080,2020,Aurangabad,Rice,Kharif,Red,Borewell,1.54,816.3,25.4,54.4,7.19,5065.27,10934.01,4575.35,12220.0,5770.99,3936.71,4925.7,30.04,42502.32,147947.29,105444.96
4081,2022,Ahmednagar,Sugarcane,Annual,Alluvial,Drip,1.97,642.2,22.1,54.8,7.1,13139.58,20622.98,7331.78,26528.03,17189.83,7199.94,75954.74,2.77,92012.15,210418.89,118406.74
4082,2024,Solapur,Onion,Rabi,Alluvial,Canal,9.36,589.5,25.1,62.3,7.47,58207.96,67856.6,36898.0,83323.94,50383.5,30877.25,85108.28,20.74,327547.24,1764737.0,1437189.76
4083,2023,Ahmednagar,Maize,Kharif,Alluvial,Drip,1.58,720.7,20.6,70.1,7.55,4587.24,8161.62,3161.53,11984.96,4883.63,3009.73,5983.67,18.18,35788.71,108758.75,72970.03
4084,2024,Ahmednagar,Onion,Rabi,Alluvial,Rainfed,8.01,656.9,24.2,51.2,7.51,51918.92,56660.48,31111.08,87220.92,46687.08,25387.98,53606.82,28.43,298986.47,1523947.16,1224960.69
4085,2023,Nashik,Tomato,Rabi,Alluvial,Borewell,9.65,895.6,22.7,69.2,6.94,50570.75,82044.06,38877.89,93710.0,53071.92,27982.12,100721.56,27.21,346256.73,2741082.78,2394826.05
4086,2022,Nashik,Onion,Rabi,Black,Rainfed,8.85,664.9,24.0,72.1,6.21,51099.56,64279.11,31454.96,80221.1,43680.3,26593.73,62798.2,22.88,297328.75,1436947.62,1139618.86
4087,2023,Pune,Onion,Rabi,Black,Canal,2.16,768.0,24.9,69.4,6.08,12175.04,18042.72,7720.57,18618.43,10931.13,5800.32,18113.85,25.06,73288.2,453895.94,380607.74
4088,2021,Nashik,Cotton,Kharif,Loamy,Borewell,9.87,721.9,27.2,68.3,6.56,47551.04,62396.15,41142.03,95718.08,46251.62,27420.51,6583.71,70.99,320479.43,467394.76,146915.33
4089,2022,Kolhapur,Cotton,Kharif,Red,Canal,6.9,1392.5,24.2,67.9,7.05,30181.08,47154.9,29169.86,77467.56,34333.76,22533.36,4319.53,50.32,240840.51,217369.21,-23471.31
4090,2025,Solapur,Soybean,Kharif,Red,Canal,1.24,370.0,23.3,48.0,7.55,4204.92,5831.29,2517.91,7424.42,3076.3,1942.36,1191.91,52.79,24997.2,62926.48,37929.28
4091,2019,Kolhapur,Sugarcane,Annual,Loamy,Rainfed,9.34,1437.6,26.6,51.6,6.51,64551.49,79575.29,30349.38,116709.61,52287.76,31746.07,318062.82,2.63,375219.6,836849.57,461629.96
4092,2024,Kolhapur,Onion,Rabi,Loamy,Drip,3.93,1485.3,27.1,57.7,6.97,24669.62,29777.28,15697.34,40795.96,24261.03,10972.16,32300.3,20.6,146173.38,665424.47,519251.08
4093,2025,Kolhapur,Cotton,Kharif,Red,Rainfed,6.31,1594.0,25.4,68.6,7.15,35292.63,47418.45,28924.09,77828.93,40996.7,19412.14,4350.14,82.58,249872.95,359229.91,109356.96
4094,2022,Satara,Onion,Rabi,Black,Drip,9.43,911.9,24.7,58.5,6.76,58397.84,65363.25,36507.28,86578.77,51115.34,28567.51,80390.74,29.23,326529.99,2350117.02,2023587.03
4095,2023,Nashik,Soybean,Kharif,Red,Borewell,8.02,676.5,26.9,46.3,6.1,26664.85,35150.17,16360.43,44764.11,14217.97,12025.87,9061.68,38.61,149183.39,349854.43,200671.03
4096,2024,Nashik,Rice,Kharif,Red,Drip,1.47,693.0,22.1,71.6,6.31,5749.67,10812.19,4906.32,13870.87,6619.0,4447.38,4052.87,29.6,46405.44,119970.5,73565.06
4097,2019,Sangli,Maize,Kharif,Loamy,Drip,6.69,514.8,26.5,70.5,6.42,15501.99,36256.68,11316.59,46401.07,18512.24,11857.03,21061.15,21.48,139845.58,452446.5,312600.91
4098,2025,Solapur,Rice,Kharif,Red,Borewell,9.61,612.7,26.3,60.1,6.36,36473.61,83701.97,39747.62,101156.4,44656.77,27726.03,25869.99,25.25,333462.39,653118.96,319656.56
4099,2019,Satara,Sugarcane,Annual,Alluvial,Borewell,1.14,964.9,20.0,56.7,6.88,7096.23,10329.81,3420.84,13786.64,6621.48,3837.26,42949.15,3.44,45092.25,147866.52,102774.27
4100,2024,Solapur,Maize,Kharif,Black,Canal,0.8,692.1,27.3,56.5,7.19,2319.06,4978.6,1741.78,5039.67,2639.61,1373.87,2540.08,20.32,18092.6,51608.21,33515.61
4101,2022,Nashik,Maize,Kharif,Alluvial,Borewell,8.49,732.7,25.1,72.2,6.56,22677.55,41465.31,17701.68,59548.14,23053.06,16502.37,29256.78,22.77,180948.11,666288.83,485340.72
4102,2021,Satara,Onion,Rabi,Red,Borewell,4.57,848.3,24.9,53.5,8.19,23749.22,32578.95,15084.79,41135.22,23174.31,13295.14,36297.74,19.63,149017.63,712627.32,563609.69
4103,2023,Nashik,Wheat,Rabi,Black,Canal,9.38,592.8,21.3,54.0,7.29,29572.16,64376.07,22800.33,69775.08,26497.35,17364.54,21582.99,26.05,230385.52,562256.63,331871.11
4104,2020,Aurangabad,Tomato,Rabi,Alluvial,Canal,1.66,591.1,26.3,61.7,6.43,7365.67,11193.74,6124.95,15884.78,6714.17,4820.56,15343.0,18.82,52103.86,288683.95,236580.09
4105,2019,Aurangabad,Tomato,Rabi,Loamy,Borewell,7.22,564.0,22.8,43.5,6.12,31055.97,47669.27,27818.41,71846.06,34874.07,18589.66,65046.02,27.14,231853.44,1765197.01,1533343.58
4106,2023,Ahmednagar,Tomato,Rabi,Loamy,Rainfed,3.45,477.1,25.8,68.1,7.26,18514.28,25885.15,14812.83,38246.42,22153.19,11607.32,27678.17,26.76,131219.19,740706.86,609487.67
4107,2020,Satara,Cotton,Kharif,Loamy,Drip,9.38,694.8,25.0,43.8,6.27,38754.67,55186.09,34288.62,91993.58,37649.83,27372.38,6580.19,42.7,285245.17,280980.79,-4264.38
4108,2024,Sangli,Cotton,Kharif,Loamy,Canal,10.22,611.9,28.4,61.5,5.61,56268.85,71934.86,42347.34,112763.99,41460.28,29666.99,7939.32,92.97,354442.32,738094.93,383652.61
4109,2023,Pune,Onion,Rabi,Black,Rainfed,4.24,495.3,26.2,53.5,6.6,26711.78,32648.24,16153.03,39396.68,23602.14,11406.26,26315.48,20.59,149918.12,541827.1,391908.99
4110,2023,Pune,Rice,Kharif,Alluvial,Borewell,7.96,530.7,24.4,60.2,6.86,26968.5,57899.45,24661.25,75280.63,41028.07,19773.72,19480.51,36.59,245611.62,712822.02,467210.4
4111,2023,Pune,Soybean,Kharif,Red,Canal,2.06,855.1,23.8,54.8,6.19,6896.01,9167.1,3892.04,11721.85,4301.14,3524.71,2460.77,52.22,39502.85,128498.1,88995.25
4112,2024,Nashik,Maize,Kharif,Black,Borewell,11.01,702.1,25.9,54.6,7.72,36294.83,61887.47,23215.76,83331.86,35413.48,22089.96,37838.96,19.29,262233.37,729841.85,467608.49
4113,2020,Kolhapur,Cotton,Kharif,Alluvial,Borewell,9.77,1517.0,25.5,66.2,7.04,41770.25,58552.18,34943.43,86790.54,43971.75,25276.35,7598.71,66.67,291304.51,506592.17,215287.66
4114,2023,Kolhapur,Cotton,Kharif,Loamy,Canal,9.01,1288.8,24.1,56.7,6.71,43184.17,58778.83,39111.72,96396.66,54173.33,24845.48,5759.75,82.55,316490.18,475448.75,158958.57
4115,2023,Ahmednagar,Sugarcane,Annual,Alluvial,Borewell,1.89,434.8,24.8,58.0,6.66,14079.02,17422.49,6571.26,27300.32,15064.9,7760.66,72502.52,3.52,88198.65,254978.73,166780.08
4116,2025,Solapur,Onion,Rabi,Red,Rainfed,10.61,583.0,27.4,63.0,6.5,76413.63,96462.61,44542.8,114099.8,65937.0,31644.98,75420.95,31.54,429100.81,2378504.91,1949404.1
4117,2020,Ahmednagar,Wheat,Rabi,Black,Borewell,4.64,709.6,26.0,53.6,5.53,13513.16,25013.45,10363.64,28745.34,11335.53,9099.7,12852.89,25.94,98070.8,333393.63,235322.83
4118,2025,Nashik,Sugarcane,Annual,Red,Canal,10.37,884.8,23.1,66.1,6.32,80703.4,102198.74,44403.44,161318.96,93843.37,45526.34,441146.64,3.49,527994.24,1538826.44,1010832.19
4119,2019,Aurangabad,Soybean,Kharif,Loamy,Rainfed,7.58,761.4,25.1,57.2,6.88,20256.64,25498.44,13946.61,36327.61,14857.41,12220.29,8012.49,29.75,123106.99,238387.83,115280.84
4120,2021,Kolhapur,Onion,Rabi,Alluvial,Rainfed,1.86,1420.5,25.7,62.5,7.33,10545.07,13130.77,5870.3,16502.36,7952.68,4390.04,11621.4,22.07,58391.23,256504.6,198113.37
4121,2022,Satara,Cotton,Kharif,Loamy,Drip,3.85,937.9,24.8,62.0,6.63,19622.76,22763.7,15695.85,39407.52,18952.8,11186.85,3024.24,63.68,127629.48,192574.48,64944.99
4122,2019,Nashik,Tomato,Rabi,Red,Drip,1.33,872.4,22.7,51.3,6.03,6841.3,9976.41,3687.54,12598.81,5936.47,3730.86,13275.65,20.36,42771.4,270343.2,227571.81
4123,2023,Satara,Wheat,Rabi,Alluvial,Borewell,4.29,994.1,22.7,66.0,6.49,12659.26,27805.96,10008.57,33794.02,12439.46,9575.06,12823.82,30.54,106282.33,391656.67,285374.34
4124,2023,Nashik,Rice,Kharif,Red,Borewell,4.08,421.5,22.4,72.5,6.58,13830.53,30650.76,12605.81,39461.86,19882.85,11157.46,8620.29,37.2,127589.27,320635.99,193046.72
4125,2021,Kolhapur,Rice,Kharif,Black,Rainfed,9.17,1324.0,20.4,59.9,7.53,29245.57,68952.14,30183.0,76351.27,34355.66,24614.81,18772.84,30.45,263702.45,571570.13,307867.68
4126,2022,Nashik,Maize,Kharif,Loamy,Rainfed,6.77,804.7,18.9,68.7,6.69,18413.38,41256.28,16521.23,41706.8,20101.82,14527.75,18247.91,21.41,152527.26,390629.52,238102.26
4127,2020,Solapur,Onion,Rabi,Loamy,Borewell,10.36,579.4,29.5,69.2,7.95,54639.44,68905.36,31690.91,102147.05,50941.1,26085.34,84705.56,23.72,334409.2,2009051.32,1674642.12
4128,2025,Satara,Soybean,Kharif,Alluvial,Rainfed,3.05,903.2,25.4,75.3,7.14,11825.73,15109.04,6455.57,15783.97,6106.52,6309.62,2975.29,37.37,61590.46,111181.77,49591.31
4129,2025,Pune,Onion,Rabi,Loamy,Rainfed,4.71,708.5,27.6,37.0,6.75,28222.86,40892.95,18073.6,46987.49,27070.16,14229.76,34014.57,30.39,175476.8,1033843.57,858366.76
4130,2020,Satara,Onion,Rabi,Loamy,Rainfed,9.76,872.7,24.0,76.6,7.33,56994.7,70917.7,30349.64,90426.71,51856.17,22401.06,70017.95,22.75,322945.99,1593219.45,1270273.47
4131,2023,Nashik,Rice,Kharif,Red,Rainfed,6.76,766.2,26.2,67.3,6.82,21557.08,46102.99,18035.25,67144.86,30483.14,17077.59,15215.0,26.67,200400.9,405762.67,205361.77
4132,2025,Satara,Wheat,Rabi,Red,Borewell,6.31,987.8,22.3,63.1,6.33,18585.84,40623.96,19373.67,50327.87,18652.52,13611.68,14999.95,25.07,161175.54,376010.1,214834.56
4133,2024,Ahmednagar,Cotton,Kharif,Alluvial,Canal,7.21,619.9,22.9,78.3,7.24,37533.91,51647.55,31433.85,75908.84,42351.52,24256.23,5760.42,67.5,263131.9,388829.78,125697.88
4134,2024,Satara,Rice,Kharif,Loamy,Rainfed,4.94,889.5,23.7,82.4,7.17,19307.37,35761.98,16368.56,44073.09,23454.8,13810.38,12406.15,29.45,152776.17,365408.59,212632.42
4135,2025,Solapur,Wheat,Rabi,Black,Rainfed,3.26,472.5,29.5,60.5,6.43,10564.81,22056.36,8533.07,28496.69,9056.51,7997.83,6596.94,30.53,86705.27,201409.36,114704.09
4136,2021,Kolhapur,Wheat,Rabi,Black,Drip,9.67,1487.1,22.9,70.1,6.93,28015.92,57719.53,20718.68,74306.99,24385.55,14312.39,25099.1,30.75,219459.06,771784.74,552325.68
4137,2024,Satara,Cotton,Kharif,Loamy,Drip,4.54,1031.6,27.3,73.9,6.32,20818.58,29138.77,19062.84,51871.18,21524.73,14300.17,3836.75,88.99,156716.27,341441.43,184725.16
4138,2021,Nashik,Tomato,Rabi,Loamy,Drip,4.24,800.8,20.6,57.3,6.94,20925.34,33852.49,16960.12,45429.68,20782.33,12583.04,40110.14,23.38,150533.0,937783.7,787250.71
4139,2020,Sangli,Tomato,Rabi,Loamy,Rainfed,1.27,742.3,24.1,73.6,7.32,5172.53,10120.48,4058.59,11345.02,6326.52,3346.32,12784.93,20.39,40369.46,260743.13,220373.67
4140,2023,Solapur,Soybean,Kharif,Loamy,Drip,5.85,516.0,27.1,67.0,6.94,20684.64,23332.82,11104.2,34691.41,8746.15,11281.46,7077.5,50.6,109840.69,358145.86,248305.17
4141,2020,Solapur,Soybean,Kharif,Black,Rainfed,11.25,497.4,27.0,47.8,7.35,32426.99,42318.26,18566.17,55144.83,18940.91,16849.87,11923.75,44.83,184247.05,534538.44,350291.39
4142,2025,Solapur,Onion,Rabi,Loamy,Rainfed,6.77,584.6,26.8,69.1,6.67,42315.2,60933.77,28776.07,69586.56,37659.42,22744.96,49458.47,21.54,262015.97,1065236.01,803220.04
4143,2022,Kolhapur,Onion,Rabi,Red,Rainfed,10.52,1299.3,24.6,51.5,7.02,60277.12,80431.51,41071.01,97048.51,53941.04,28184.55,59814.28,22.68,360953.73,1356425.8,995472.07
4144,2025,Sangli,Onion,Rabi,Loamy,Drip,6.52,599.0,27.4,71.8,7.35,40596.93,55305.78,26003.28,73189.63,33243.39,21133.91,47371.3,29.25,249472.92,1385403.78,1135930.86
4145,2021,Ahmednagar,Sugarcane,Annual,Alluvial,Rainfed,11.7,459.9,27.1,58.0,7.2,81339.8,110464.25,39285.29,162724.22,74035.42,49028.87,360911.86,3.57,516877.85,1287409.05,770531.2
4146,2021,Sangli,Rice,Kharif,Red,Borewell,10.07,659.9,26.8,56.0,5.46,32957.7,61972.69,31751.77,93830.17,30947.75,22269.17,25178.85,40.07,273729.24,1008813.71,735084.47
4147,2025,Ahmednagar,Wheat,Rabi,Red,Borewell,5.61,534.4,23.1,69.5,7.82,19532.22,38764.27,16129.39,43492.33,18177.89,12449.9,14051.65,33.34,148545.99,468461.08,319915.08
4148,2022,Ahmednagar,Sugarcane,Annual,Black,Drip,10.98,610.1,28.1,61.7,6.95,75570.3,120231.08,35207.36,150170.96,73216.69,47995.18,421526.98,3.17,502391.57,1338087.99,835696.43
4149,2022,Sangli,Tomato,Rabi,Black,Canal,3.98,382.2,25.0,71.5,6.95,21235.36,27680.17,17687.28,41440.11,19791.46,9897.22,35443.89,19.84,137731.61,703112.05,565380.44
4150,2020,Kolhapur,Soybean,Kharif,Black,Borewell,8.98,1432.4,26.3,74.5,6.0,24358.76,34571.77,16325.9,38824.69,16250.91,14359.69,11395.75,43.24,144691.72,492706.59,348014.87
4151,2019,Kolhapur,Cotton,Kharif,Loamy,Rainfed,2.72,1231.1,23.9,56.3,6.07,11291.63,15687.09,8663.4,21494.65,12034.68,7539.19,1595.22,59.32,76710.63,94623.34,17912.71
4152,2023,Nashik,Wheat,Rabi,Loamy,Canal,11.78,648.9,22.6,46.2,7.05,40069.44,73118.8,26906.95,95173.33,33449.77,25603.16,27395.73,26.84,294321.46,735399.5,441078.04
4153,2023,Solapur,Soybean,Kharif,Alluvial,Borewell,3.96,397.5,24.5,53.5,5.54,14041.21,17889.94,6963.8,23757.79,8014.69,7875.48,4721.75,46.3,78542.92,218595.1,140052.17
4154,2021,Pune,Cotton,Kharif,Black,Rainfed,1.02,802.1,21.1,51.3,6.89,4418.45,5532.1,4557.09,10885.65,4542.93,3240.43,590.68,81.68,33176.65,48246.47,15069.82
4155,2020,Pune,Soybean,Kharif,Loamy,Drip,4.89,661.0,25.9,57.1,6.63,13847.91,17184.0,9150.41,23685.52,7639.2,7890.41,6656.41,46.75,79397.44,311180.09,231782.65
4156,2020,Kolhapur,Wheat,Rabi,Loamy,Borewell,5.67,1483.6,28.6,67.1,7.09,14890.45,33954.17,14247.03,37409.42,12681.22,12081.42,13619.12,30.29,125263.71,412501.91,287238.19
4157,2020,Sangli,Soybean,Kharif,Black,Canal,1.68,559.2,23.2,54.3,6.99,5023.92,5716.65,3064.75,6283.82,3171.08,2921.56,1948.06,35.79,26181.78,69712.03,43530.25
4158,2022,Kolhapur,Cotton,Kharif,Black,Drip,3.4,1529.5,24.7,56.3,7.53,15061.57,22140.7,13829.56,36727.2,19772.23,9376.47,2893.49,77.19,116907.73,223346.76,106439.03
4159,2019,Satara,Onion,Rabi,Loamy,Rainfed,10.3,948.8,22.6,46.8,7.18,51716.68,67542.31,32096.61,95974.81,41845.34,28652.08,73560.13,23.89,317827.83,1757020.89,1439193.06
4160,2022,Aurangabad,Tomato,Rabi,Alluvial,Rainfed,10.45,614.7,28.1,56.8,7.28,51576.9,90609.96,44955.15,125444.34,54089.06,31075.18,85247.39,24.8,397750.59,2114255.07,1716504.47
4161,2023,Ahmednagar,Maize,Kharif,Alluvial,Borewell,7.43,735.5,23.7,57.4,7.29,22791.65,44429.96,16571.69,57638.71,20009.51,14703.2,27235.33,21.79,176144.72,593585.9,417441.17
4162,2025,Solapur,Cotton,Kharif,Alluvial,Rainfed,9.84,789.4,24.3,59.0,7.29,47784.39,68593.93,46348.43,125725.35,58318.55,34312.34,7709.07,78.3,381082.98,603638.5,222555.51
4163,2023,Solapur,Soybean,Kharif,Loamy,Drip,11.29,498.1,22.9,66.4,6.95,35093.45,46484.69,24720.83,52562.65,22162.25,16835.82,11709.34,50.14,197859.69,587064.69,389205.0
4164,2022,Nashik,Sugarcane,Annual,Alluvial,Drip,7.29,867.5,23.3,54.8,6.38,55961.97,73636.79,26682.43,89735.11,53545.15,27174.18,290298.16,2.11,326735.61,611229.95,284494.33
4165,2025,Sangli,Wheat,Rabi,Black,Rainfed,9.31,558.9,24.8,62.9,6.57,33787.13,68511.27,26532.7,81080.95,24996.23,21438.07,21127.67,31.15,256346.35,658104.04,401757.69
4166,2025,Kolhapur,Tomato,Rabi,Black,Drip,1.4,1468.6,21.3,63.9,6.39,7622.03,13745.74,6400.76,15416.33,6692.86,4275.8,15217.14,29.32,54153.52,446183.36,392029.83
4167,2023,Satara,Cotton,Kharif,Black,Borewell,2.97,968.1,26.7,51.6,6.99,13297.02,21481.39,12530.16,33365.53,12277.64,10179.41,2337.84,93.56,103131.14,218733.75,115602.61
4168,2022,Aurangabad,Soybean,Kharif,Alluvial,Drip,1.34,487.3,24.1,61.9,6.83,3555.44,5549.43,2736.15,6940.7,2542.95,2256.68,1471.42,47.47,23581.34,69854.3,46272.96
4169,2022,Satara,Soybean,Kharif,Alluvial,Borewell,5.02,934.9,25.0,49.9,6.52,14656.76,21015.42,9440.44,25551.62,8874.26,8706.37,6996.94,40.3,88244.88,281963.3,193718.43
4170,2025,Pune,Sugarcane,Annual,Alluvial,Rainfed,5.51,838.0,24.5,65.0,6.0,45586.46,60589.34,24009.0,83925.16,45116.14,23199.03,204160.19,3.69,282425.13,753065.3,470640.17
4171,2023,Pune,Soybean,Kharif,Black,Rainfed,8.3,754.6,24.3,57.7,6.74,27968.01,36997.42,15712.19,42730.41,18314.98,15577.75,8266.21,46.33,157300.76,382997.88,225697.12
4172,2023,Satara,Onion,Rabi,Loamy,Rainfed,9.31,1039.8,24.4,65.1,6.75,58641.14,70289.51,37994.27,86870.75,51542.23,26865.25,68262.25,25.97,332203.14,1772681.73,1440478.58
4173,2022,Ahmednagar,Maize,Kharif,Red,Canal,11.41,657.1,23.9,70.0,6.69,32508.42,62846.41,25663.45,80545.83,33120.36,23542.13,36371.67,21.69,258226.61,788759.46,530532.85
4174,2019,Ahmednagar,Cotton,Kharif,Alluvial,Rainfed,0.67,642.1,23.4,60.9,6.13,2818.2,3756.18,2456.71,6886.38,2832.26,1534.23,476.81,76.83,20283.95,36635.0,16351.04
4175,2019,Satara,Maize,Kharif,Black,Canal,5.08,879.5,21.2,66.8,7.23,12226.65,26934.73,9953.1,31182.16,12152.84,8470.47,17235.67,19.38,100919.94,333998.51,233078.56
4176,2020,Aurangabad,Sugarcane,Annual,Black,Canal,4.58,425.1,28.1,63.8,6.45,27567.39,35654.19,17082.2,60354.01,27859.46,18942.52,131099.22,2.75,187459.77,361127.13,173667.36
4177,2019,Nashik,Cotton,Kharif,Black,Borewell,10.09,809.3,24.4,66.4,7.0,42037.32,58515.38,32557.76,85545.85,41491.46,26347.79,7908.63,66.43,286495.57,525369.3,238873.73
4178,2023,Nashik,Cotton,Kharif,Red,Drip,0.73,762.5,23.8,74.3,6.13,3703.57,5405.52,3132.79,7168.11,3321.82,2602.61,451.99,70.16,25334.42,31711.71,6377.28
4179,2025,Solapur,Cotton,Kharif,Red,Rainfed,8.62,429.9,24.7,88.8,6.15,50239.9,55074.05,35522.28,106657.05,40966.82,26023.92,5358.76,75.43,314484.02,404207.56,89723.54
4180,2024,Aurangabad,Wheat,Rabi,Alluvial,Rainfed,0.57,905.0,24.9,77.4,5.33,1964.05,4013.78,1545.6,4744.16,1579.66,1259.38,1579.76,28.77,15106.63,45453.54,30346.92
4181,2025,Ahmednagar,Maize,Kharif,Alluvial,Borewell,10.29,786.5,24.1,81.3,6.97,34962.31,60989.25,25245.15,81615.72,34165.79,22015.41,29011.25,21.68,258993.64,628919.25,369925.61
4182,2020,Aurangabad,Wheat,Rabi,Loamy,Canal,9.72,719.1,21.4,59.6,6.48,27237.15,56583.46,23137.6,72522.71,25195.16,16270.36,26426.88,26.29,220946.44,694701.72,473755.28
4183,2020,Satara,Tomato,Rabi,Red,Canal,5.85,1191.3,24.0,45.1,6.31,23706.24,37814.97,21401.81,60588.08,30915.62,17313.1,59847.1,22.81,191739.82,1364994.27,1173254.46
4184,2025,Aurangabad,Rice,Kharif,Alluvial,Drip,11.88,602.9,23.4,62.4,6.21,45096.85,89329.03,36611.72,118213.46,61304.55,32527.29,33003.33,37.17,383082.89,1226845.38,843762.49
4185,2019,Kolhapur,Maize,Kharif,Alluvial,Drip,4.06,1425.6,25.0,56.4,6.32,9332.55,21568.2,7900.45,23332.02,11053.11,7636.42,13330.46,20.82,80822.74,277537.12,196714.38
4186,2019,Sangli,Maize,Kharif,Black,Rainfed,7.6,785.8,23.8,73.5,7.09,19322.98,37295.63,15136.11,41741.24,17527.83,13469.55,23857.6,20.17,144493.34,481117.7,336624.36
4187,2021,Satara,Wheat,Rabi,Loamy,Borewell,1.35,792.8,24.0,41.9,6.13,3650.08,7472.41,3311.24,10300.11,3323.3,2584.08,3292.08,19.45,30641.21,64034.79,33393.58
4188,2020,Sangli,Rice,Kharif,Black,Borewell,2.65,527.2,28.1,63.2,7.41,8348.42,18063.94,8272.33,19253.21,11174.01,6237.23,7915.64,32.33,71349.15,255947.27,184598.12
4189,2023,Ahmednagar,Wheat,Rabi,Loamy,Borewell,2.1,583.8,20.9,85.1,6.6,6287.29,12663.46,5856.12,15721.66,6138.36,4343.01,6064.93,26.92,51009.88,163247.59,112237.7
4190,2020,Pune,Maize,Kharif,Black,Rainfed,2.88,718.3,25.1,73.9,7.31,7095.43,13883.38,4525.04,18183.64,8186.3,5145.52,7379.28,22.09,57019.31,162986.79,105967.49
4191,2022,Satara,Onion,Rabi,Loamy,Drip,2.17,1069.4,23.0,54.0,6.6,12077.37,17393.48,8285.31,23710.94,11284.61,6335.1,18145.46,30.8,79086.8,558890.16,479803.36
4192,2020,Solapur,Rice,Kharif,Loamy,Rainfed,2.97,521.7,28.2,54.4,6.18,8796.01,19592.07,7272.57,25466.83,9166.01,7322.23,7280.51,28.1,77615.71,204613.17,126997.47
4193,2022,Solapur,Wheat,Rabi,Loamy,Canal,6.64,575.0,26.8,64.8,6.38,19846.25,38384.36,17430.79,45532.76,19464.97,14075.85,16548.31,28.09,154734.97,464893.43,310158.46
4194,2019,Pune,Wheat,Rabi,Loamy,Drip,7.52,678.7,21.3,56.7,7.84,18983.42,38668.3,17053.05,42821.94,15886.23,12738.8,19735.29,24.18,146151.74,477168.45,331016.71
4195,2025,Solapur,Maize,Kharif,Black,Rainfed,6.35,603.2,30.4,61.1,7.14,18622.45,43129.77,13650.31,45639.23,22884.82,13040.67,15750.94,17.5,156967.24,275661.75,118694.51
4196,2023,Satara,Sugarcane,Annual,Loamy,Rainfed,2.46,952.0,24.8,52.9,6.59,19289.87,26010.99,8222.39,29584.16,18700.63,9641.87,82525.79,2.87,111449.91,236869.59,125419.68
4197,2024,Pune,Soybean,Kharif,Loamy,Drip,9.04,760.3,22.5,75.4,6.44,29438.69,36657.66,18299.62,38634.13,17183.97,16633.44,10687.93,48.85,156847.51,522145.04,365297.53
4198,2019,Nashik,Maize,Kharif,Red,Borewell,1.3,804.3,23.8,55.4,6.94,3066.67,7124.93,2410.81,8728.48,3202.96,2360.35,4198.21,19.77,26894.19,82992.48,56098.29
4199,2019,Aurangabad,Wheat,Rabi,Loamy,Borewell,4.24,930.3,30.8,49.9,7.32,11272.19,22802.43,9970.68,24738.46,9216.51,7126.81,10947.19,27.86,85127.08,305028.88,219901.79
4200,2019,Ahmednagar,Maize,Kharif,Black,Canal,10.91,627.7,25.2,63.2,7.32,25351.39,52204.03,19641.54,71232.7,28205.58,20064.6,34544.65,21.07,216699.84,727751.73,511051.88
4201,2024,Kolhapur,Onion,Rabi,Loamy,Rainfed,3.92,1283.7,22.2,71.3,6.06,24642.85,28285.46,16063.65,42296.12,19198.41,12063.38,25991.09,27.94,142549.86,726135.66,583585.8
4202,2023,Nashik,Sugarcane,Annual,Red,Rainfed,11.26,648.7,23.6,64.8,6.84,81776.62,100916.81,41330.27,147697.03,65319.87,54725.74,318997.08,2.95,491766.34,941262.51,449496.17
4203,2022,Pune,Sugarcane,Annual,Alluvial,Canal,8.31,539.3,22.9,56.4,6.59,56328.4,85921.74,27767.98,118270.06,65043.9,39346.04,265758.37,2.91,392678.12,774438.99,381760.87
4204,2019,Sangli,Soybean,Kharif,Red,Drip,4.02,788.7,25.7,65.4,6.63,12079.25,14507.68,6549.17,15181.71,7118.79,6103.38,4455.53,45.9,61539.99,204513.43,142973.45
4205,2025,Kolhapur,Cotton,Kharif,Red,Drip,2.52,1449.2,28.6,73.3,6.64,12525.03,18743.94,12228.83,29084.15,13726.13,8103.69,1726.14,86.27,94411.76,148918.64,54506.88
4206,2019,Ahmednagar,Onion,Rabi,Loamy,Rainfed,4.53,736.9,23.2,65.3,6.09,22986.25,28831.11,15746.18,39304.98,19207.13,11335.83,34325.66,24.13,137411.47,828314.29,690902.82
4207,2020,Solapur,Maize,Kharif,Red,Canal,5.76,535.7,29.1,53.3,7.65,14045.08,32750.82,13499.61,32724.12,18771.6,8284.6,14706.04,22.95,120075.83,337560.15,217484.32
4208,2024,Ahmednagar,Rice,Kharif,Black,Canal,5.22,475.9,28.0,56.1,7.19,18976.68,41942.21,16146.34,46150.0,19989.97,14177.83,14874.49,30.14,157383.04,448304.2,290921.17
4209,2025,Aurangabad,Cotton,Kharif,Loamy,Drip,6.3,821.1,27.6,58.0,6.92,33542.02,47810.56,35017.93,65614.27,34716.79,21453.5,5118.73,75.01,238155.08,383980.25,145825.18
4210,2020,Pune,Tomato,Rabi,Red,Borewell,2.94,726.5,21.8,41.6,6.12,12952.58,21556.36,11381.47,28020.49,13260.74,8320.96,27231.4,25.43,95492.6,692387.17,596894.57
4211,2019,Solapur,Onion,Rabi,Red,Drip,8.17,647.8,28.9,68.5,7.42,44424.92,53564.51,28845.11,62172.59,38715.17,20677.02,60480.35,21.33,248399.33,1290185.12,1041785.79
4212,2019,Sangli,Sugarcane,Annual,Loamy,Canal,6.89,564.3,28.1,82.1,7.19,42026.44,54595.52,21537.27,77263.93,43960.21,23902.42,246735.61,3.34,263285.79,824213.07,560927.28
4213,2021,Ahmednagar,Wheat,Rabi,Alluvial,Canal,2.09,703.6,23.1,52.6,6.35,5547.39,11946.67,5635.85,14791.42,5288.98,4467.43,5671.32,23.21,47677.75,131643.53,83965.78
4214,2022,Nashik,Onion,Rabi,Black,Drip,6.52,700.2,24.9,65.1,8.06,33779.7,52239.99,22574.6,59612.54,29838.3,21197.63,58975.17,27.7,219242.75,1633694.3,1414451.55
4215,2023,Nashik,Rice,Kharif,Black,Canal,8.19,574.1,26.3,51.2,7.25,26523.0,66109.35,30249.95,73597.38,36789.98,20579.07,22958.76,35.16,253848.74,807205.83,553357.09
4216,2025,Ahmednagar,Rice,Kharif,Loamy,Borewell,9.23,529.0,25.2,82.3,7.55,34735.5,74607.4,33318.79,89202.19,41424.45,23943.82,27578.78,35.87,297232.15,989262.66,692030.51
4217,2021,Sangli,Cotton,Kharif,Loamy,Borewell,4.48,409.2,27.9,73.1,7.46,22048.7,29778.11,18411.94,44133.36,20435.15,13239.76,2844.05,76.43,148047.03,217360.69,69313.66
4218,2020,Ahmednagar,Tomato,Rabi,Loamy,Borewell,3.06,583.9,24.5,51.8,7.17,13393.96,23555.36,10547.64,30167.5,13155.77,7965.73,29784.12,28.84,98785.96,858868.83,760082.87
4219,2023,Pune,Wheat,Rabi,Alluvial,Canal,6.72,767.1,22.1,54.4,7.09,18260.06,36421.01,16508.87,44154.07,18400.95,15262.9,18726.25,22.91,149007.85,429004.76,279996.91
4220,2019,Kolhapur,Sugarcane,Annual,Red,Borewell,5.99,1551.5,26.0,72.8,7.8,40349.39,48631.29,17845.05,65947.9,39850.59,16554.17,232947.47,3.47,229178.39,808268.5,579090.11
4221,2023,Nashik,Rice,Kharif,Black,Borewell,11.07,795.1,21.2,64.4,5.49,40320.49,85036.72,37435.17,110306.3,50068.99,24819.25,32936.07,23.1,347986.92,760986.95,413000.04
4222,2019,Ahmednagar,Cotton,Kharif,Loamy,Canal,3.76,398.7,25.6,60.1,6.59,15523.14,25192.85,14011.22,33921.34,14939.6,9063.74,2608.26,70.38,112651.89,183578.97,70927.08
4223,2022,Pune,Wheat,Rabi,Red,Borewell,11.81,839.9,24.1,72.5,6.22,37103.83,77226.98,29785.96,85246.51,28611.44,23985.9,32319.08,30.93,281960.63,999543.2,717582.57
4224,2025,Satara,Maize,Kharif,Alluvial,Drip,6.11,704.4,25.5,65.3,6.61,18585.0,32384.21,15628.62,50882.33,21337.45,14432.26,21200.87,18.24,153249.86,386622.85,233372.98
4225,2023,Kolhapur,Cotton,Kharif,Loamy,Canal,1.45,1628.7,25.6,70.8,6.83,6392.31,9753.97,5734.57,17053.21,5734.37,4268.01,1138.29,87.12,48936.44,99170.38,50233.95
4226,2023,Pune,Sugarcane,Annual,Red,Rainfed,7.05,767.4,25.2,55.9,7.43,53614.05,69242.55,23539.33,101265.39,53408.82,28899.99,253002.41,3.07,329970.13,776243.69,446273.56
4227,2021,Sangli,Soybean,Kharif,Alluvial,Borewell,6.51,651.3,25.6,67.0,5.63,19017.21,24853.31,13636.77,30179.37,13016.42,10623.04,8810.41,54.56,111326.13,480675.39,369349.26
4228,2024,Ahmednagar,Maize,Kharif,Black,Drip,10.62,575.9,25.4,54.5,7.24,32260.01,69958.76,25559.91,74503.74,34327.22,20817.11,32979.3,22.47,257426.74,740892.37,483465.63
4229,2020,Ahmednagar,Rice,Kharif,Loamy,Drip,2.42,703.0,23.7,68.7,7.73,6877.05,16559.89,7824.38,21568.01,10229.94,5503.87,6802.11,30.78,68563.13,209361.5,140798.37
4230,2021,Solapur,Wheat,Rabi,Black,Drip,8.95,458.3,27.2,51.7,7.14,25831.49,49745.6,20707.64,62007.92,18014.55,16939.13,20416.79,24.22,193246.32,494506.25,301259.93
4231,2019,Pune,Soybean,Kharif,Black,Rainfed,10.38,728.3,26.8,86.0,6.51,30441.76,39596.36,15799.67,40639.08,15712.16,14677.82,10537.95,47.33,156866.86,498716.07,341849.21
4232,2025,Satara,Tomato,Rabi,Alluvial,Borewell,8.61,885.9,25.4,53.0,6.26,46028.5,68743.41,46396.98,96867.11,55310.36,29785.44,87286.67,25.02,343131.81,2184234.51,1841102.69
4233,2023,Satara,Sugarcane,Annual,Black,Rainfed,2.25,986.6,24.5,76.2,6.83,15495.81,24210.35,9797.5,32258.44,14407.38,10091.72,80874.74,3.86,106261.19,312490.75,206229.56
4234,2019,Nashik,Wheat,Rabi,Alluvial,Rainfed,1.35,816.1,26.6,70.2,6.97,3534.91,6550.2,2880.06,8548.31,3315.83,2087.08,3467.84,27.62,26916.39,95784.04,68867.65
4235,2019,Pune,Tomato,Rabi,Black,Borewell,11.57,753.9,28.7,72.9,6.0,51527.69,82064.21,38485.57,119756.31,55511.76,27648.39,124999.56,25.17,374993.93,3145639.91,2770645.98
4236,2020,Satara,Maize,Kharif,Loamy,Drip,4.16,1025.1,25.8,56.3,5.97,10460.68,22091.85,8845.01,28230.08,11309.82,6801.8,14196.36,18.93,87739.24,268713.31,180974.06
4237,2024,Aurangabad,Sugarcane,Annual,Black,Borewell,5.22,666.5,25.4,78.1,6.96,39801.92,50941.07,20066.06,83147.8,43161.47,19436.73,193753.57,3.02,256555.06,584417.68,327862.63
4238,2021,Solapur,Wheat,Rabi,Black,Borewell,3.5,487.3,24.9,73.5,6.96,9110.6,19429.82,8674.46,28076.14,8604.65,6160.36,9932.74,27.98,80056.03,277883.64,197827.61
4239,2022,Kolhapur,Sugarcane,Annual,Red,Rainfed,8.56,1266.6,23.8,47.3,6.23,55539.62,87130.85,29830.98,124052.66,58376.73,35974.01,243266.76,2.99,390904.86,727369.03,336464.17
4240,2023,Pune,Wheat,Rabi,Alluvial,Drip,1.45,779.7,25.3,73.3,5.57,4436.66,8851.07,3468.54,9858.4,4399.54,3273.98,4255.1,35.41,34288.19,150675.83,116387.65
4241,2019,Sangli,Soybean,Kharif,Black,Drip,5.5,707.3,27.3,68.8,6.3,15624.95,17803.03,10215.83,22807.24,8474.17,9366.68,7228.24,49.4,84291.9,357092.08,272800.18
4242,2019,Nashik,Sugarcane,Annual,Black,Canal,2.45,916.0,20.6,62.5,7.03,15597.15,18140.33,7033.47,32627.01,16485.89,7802.68,109694.74,3.15,97686.53,345527.19,247840.65
4243,2024,Solapur,Rice,Kharif,Alluvial,Canal,5.07,892.3,30.2,64.6,5.44,20879.25,42242.45,17079.04,44880.04,26452.83,13453.92,15938.38,33.29,164987.53,530511.24,365523.71
4244,2020,Kolhapur,Maize,Kharif,Black,Drip,10.15,1537.3,27.2,68.2,6.13,24917.02,50800.5,19119.92,63747.8,28835.78,15116.67,36763.15,18.91,202537.68,695358.33,492820.65
4245,2019,Pune,Cotton,Kharif,Alluvial,Drip,10.06,575.2,22.3,62.5,6.06,42691.46,57463.39,39424.54,100436.21,42975.22,27678.71,7069.25,70.56,310669.53,498787.45,188117.92
4246,2021,Satara,Onion,Rabi,Loamy,Borewell,6.68,985.0,26.8,48.9,6.83,33912.5,48754.25,25197.88,70445.37,31875.34,18510.47,57604.02,21.71,228695.81,1250537.26,1021841.45
4247,2021,Aurangabad,Wheat,Rabi,Loamy,Canal,0.59,602.2,25.9,55.4,6.68,1628.08,3194.59,1348.17,3901.38,1509.78,930.28,1376.56,29.9,12512.27,41160.34,28648.07
4248,2025,Kolhapur,Cotton,Kharif,Loamy,Borewell,10.16,1494.9,25.8,45.5,6.54,51670.6,83747.14,47127.7,120931.36,55231.2,36355.81,8618.13,88.48,395063.81,762555.35,367491.54
4249,2024,Ahmednagar,Sugarcane,Annual,Black,Rainfed,0.77,863.3,24.2,58.2,6.56,6370.94,8032.06,2872.54,11156.94,5674.73,3318.44,24208.35,3.14,37425.65,76044.49,38618.83
4250,2021,Ahmednagar,Wheat,Rabi,Black,Drip,2.25,502.4,23.9,82.3,7.22,6872.94,13210.49,4789.34,14262.32,4609.97,4485.82,6175.89,23.54,48230.89,145365.16,97134.27
4251,2020,Ahmednagar,Rice,Kharif,Red,Borewell,3.72,602.9,23.0,63.7,7.52,10560.14,24070.39,11141.25,27539.88,17395.44,7560.64,10288.49,20.35,98267.74,209361.79,111094.05
4252,2020,Pune,Cotton,Kharif,Loamy,Drip,4.64,903.0,24.0,70.4,7.06,20751.81,26990.78,14083.96,45245.03,19361.22,11218.3,3772.75,71.84,137651.1,271038.66,133387.56
4253,2023,Solapur,Wheat,Rabi,Black,Borewell,10.44,518.0,27.2,63.4,6.63,31983.96,57549.67,27422.88,74471.89,30054.57,23042.77,27638.07,33.09,244525.74,914610.57,670084.83
4254,2020,Solapur,Cotton,Kharif,Loamy,Drip,11.59,530.2,27.2,84.9,5.55,53346.36,61908.63,43648.74,111640.31,44402.0,30018.03,8412.96,84.26,344964.07,708860.62,363896.55
4255,2022,Satara,Onion,Rabi,Alluvial,Drip,5.48,1024.5,21.9,62.0,6.58,30656.77,39233.94,21451.81,57571.77,28263.52,12693.65,52190.82,26.52,189871.46,1384272.15,1194400.7
4256,2022,Solapur,Soybean,Kharif,Black,Rainfed,4.74,724.1,24.0,61.1,6.37,15337.49,20440.36,9186.57,26826.11,8601.5,8291.65,6081.24,53.52,88683.68,325451.62,236767.95
4257,2020,Nashik,Cotton,Kharif,Black,Drip,11.38,655.0,27.2,60.4,7.61,49563.69,65510.89,45117.67,99625.76,51790.73,31897.51,8361.78,71.97,343506.25,601777.08,258270.82
4258,2023,Nashik,Onion,Rabi,Black,Borewell,6.04,718.0,28.1,70.8,6.78,36345.37,42327.75,21529.7,64250.05,34431.8,15932.17,48308.51,27.35,214816.85,1321176.49,1106359.65
4259,2025,Ahmednagar,Rice,Kharif,Alluvial,Canal,1.55,718.4,24.5,74.8,6.11,5981.25,11149.62,5251.71,14624.67,8222.09,4287.08,5120.39,43.65,49516.42,223492.08,173975.66
4260,2024,Kolhapur,Wheat,Rabi,Loamy,Rainfed,7.9,1439.6,24.4,50.7,7.5,26108.21,56012.33,21067.15,62437.01,23495.25,15631.74,18233.82,22.41,204751.7,408623.85,203872.15
4261,2022,Pune,Wheat,Rabi,Red,Drip,10.23,756.4,23.0,69.3,6.51,29664.47,63669.4,26745.58,77788.68,27788.13,20964.16,23039.64,25.98,246620.41,598493.3,351872.89
4262,2022,Kolhapur,Wheat,Rabi,Loamy,Rainfed,6.07,1498.4,26.6,70.4,6.62,19078.63,34902.97,15631.06,46457.26,15563.09,12841.29,14191.06,21.83,144474.29,309828.73,165354.43
4263,2020,Nashik,Wheat,Rabi,Red,Drip,8.42,860.7,25.7,48.8,7.58,23177.98,42840.46,16640.07,54345.71,21580.67,16001.33,22727.09,29.36,174586.22,667169.98,492583.76
4264,2019,Nashik,Sugarcane,Annual,Black,Drip,8.86,712.3,25.1,75.7,5.2,55423.11,76290.23,30485.21,101128.22,52287.62,27575.95,370690.65,2.61,343190.34,967818.29,624627.94
4265,2023,Ahmednagar,Soybean,Kharif,Loamy,Rainfed,9.09,555.9,26.8,66.3,7.12,29072.1,39534.78,20426.79,42716.85,18042.22,17200.77,10411.94,39.6,166993.52,412303.0,245309.48
4266,2020,Nashik,Onion,Rabi,Black,Canal,11.35,671.1,24.3,67.7,7.21,55398.41,74148.75,41811.28,88152.17,54063.35,27787.47,98185.09,24.43,341361.43,2399023.59,2057662.16
4267,2022,Pune,Onion,Rabi,Loamy,Borewell,4.43,743.9,24.5,65.6,6.3,25800.16,32375.19,20364.41,44968.49,22881.41,13874.8,33848.17,27.13,160264.47,918176.03,757911.56
4268,2025,Satara,Onion,Rabi,Alluvial,Canal,6.81,709.0,24.1,51.9,7.29,42912.29,56456.16,26529.27,59647.65,38077.88,21252.09,52525.12,25.94,244875.35,1362728.86,1117853.51
4269,2021,Pune,Tomato,Rabi,Red,Drip,6.16,1011.7,20.3,56.3,6.33,28636.58,48496.92,23164.11,63394.15,29147.34,16237.3,60874.94,26.7,209076.42,1625654.37,1416577.95
4270,2020,Sangli,Sugarcane,Annual,Alluvial,Borewell,4.09,410.9,28.3,59.6,6.47,23990.46,40832.09,11684.93,58577.12,27748.15,14496.88,141295.3,3.31,177329.63,467014.39,289684.76
4271,2023,Nashik,Wheat,Rabi,Black,Canal,2.61,778.3,23.4,55.8,7.83,8388.96,15670.48,7436.73,19169.39,8095.45,5344.8,7385.2,34.8,64105.81,257002.03,192896.22
4272,2021,Pune,Soybean,Kharif,Loamy,Drip,5.16,683.5,25.5,62.1,7.17,17377.75,22154.62,10276.81,26632.75,8373.77,8908.33,5795.35,49.17,93724.02,284939.41,191215.39
4273,2025,Aurangabad,Cotton,Kharif,Red,Canal,10.75,738.0,27.6,68.8,7.07,60823.06,79548.24,49274.7,120725.25,61884.51,29708.04,7159.75,76.85,401963.8,550228.08,148264.28
4274,2023,Solapur,Soybean,Kharif,Loamy,Rainfed,2.19,513.5,26.3,51.3,6.5,7106.14,10148.53,4826.31,10590.2,4593.25,3469.12,2421.04,40.69,40733.55,98512.52,57778.98
4275,2023,Sangli,Sugarcane,Annual,Red,Drip,1.72,550.7,31.9,68.3,7.05,12203.92,17417.86,6856.75,26234.38,13506.11,7537.07,57544.18,3.08,83756.08,176972.78,93216.7
4276,2024,Nashik,Onion,Rabi,Red,Borewell,7.54,784.8,23.4,62.9,6.8,44775.4,61453.12,29239.16,74834.61,41169.41,23588.98,58885.72,29.22,275060.7,1720363.58,1445302.88
4277,2022,Sangli,Maize,Kharif,Black,Borewell,9.39,543.1,30.7,72.4,6.3,26019.78,55486.24,20489.24,64064.16,34224.35,18984.1,28654.75,20.14,219267.88,577228.98,357961.1
4278,2021,Sangli,Tomato,Rabi,Loamy,Drip,8.46,525.3,26.8,52.4,6.47,41136.14,66672.51,33788.64,83041.64,42857.45,28842.1,83827.39,20.74,296338.48,1738663.05,1442324.57
4279,2019,Kolhapur,Maize,Kharif,Loamy,Borewell,6.82,1498.7,23.9,54.0,7.16,16616.07,36985.41,12856.45,39475.84,18268.08,9844.42,24314.14,19.4,134046.26,471653.11,337606.85
4280,2025,Kolhapur,Sugarcane,Annual,Alluvial,Borewell,5.12,1444.3,31.3,61.1,6.45,37532.07,50953.1,19777.41,83553.37,43393.49,22468.3,187665.31,3.77,257677.73,708416.37,450738.64
4281,2024,Nashik,Sugarcane,Annual,Red,Rainfed,11.73,755.6,27.2,52.9,7.54,80540.39,131749.84,43317.72,183110.81,88548.68,48613.93,416569.07,3.14,575881.36,1306242.99,730361.63
4282,2019,Solapur,Soybean,Kharif,Black,Borewell,9.16,650.5,25.7,55.7,7.19,26355.9,30430.44,15093.54,41559.17,18416.97,15730.83,12519.11,39.96,147586.86,500284.18,352697.32
4283,2023,Kolhapur,Rice,Kharif,Loamy,Canal,8.53,1287.0,24.2,59.4,6.88,30806.26,68102.93,31620.86,80450.2,39335.59,24570.3,26059.18,26.63,274886.15,693982.06,419095.91
4284,2020,Ahmednagar,Maize,Kharif,Alluvial,Canal,8.52,703.9,25.4,53.8,7.81,22924.88,52238.94,18145.85,58441.51,21416.17,14254.99,28338.6,24.34,187422.34,689674.56,502252.22
4285,2019,Kolhapur,Soybean,Kharif,Alluvial,Borewell,3.1,1585.5,24.1,61.7,6.4,8491.46,12472.98,4961.5,11853.63,4782.95,5094.11,4243.93,36.1,47656.64,153189.87,105533.24
4286,2019,Ahmednagar,Tomato,Rabi,Red,Rainfed,11.59,673.8,22.6,65.2,5.69,54017.07,84585.67,41711.54,92289.26,52476.83,31215.82,81304.7,22.61,356296.19,1838389.63,1482093.44
4287,2025,Sangli,Onion,Rabi,Alluvial,Canal,7.31,519.1,29.3,68.9,6.58,49392.18,67590.27,34492.67,72100.59,43578.09,23243.11,56136.26,27.24,290396.9,1529034.62,1238637.72
4288,2021,Solapur,Maize,Kharif,Red,Rainfed,11.35,666.5,27.2,57.6,6.77,29538.66,58193.89,25384.47,75498.75,33994.28,21843.01,29654.07,18.93,244453.05,561480.08,317027.03
4289,2025,Kolhapur,Tomato,Rabi,Alluvial,Rainfed,11.99,1420.6,27.9,67.3,7.15,67588.44,92252.74,55022.79,141805.44,78501.32,35756.02,104140.52,29.01,470926.75,3020863.79,2549937.04
4290,2024,Nashik,Rice,Kharif,Loamy,Drip,2.96,689.5,24.7,65.9,6.95,10838.7,24510.6,8843.54,21642.2,14595.32,7765.83,9406.04,41.1,88196.2,386600.64,298404.44
4291,2022,Ahmednagar,Rice,Kharif,Red,Rainfed,8.23,659.2,25.8,66.1,5.76,27471.85,55523.27,27373.08,77120.2,29846.59,18751.49,18706.36,30.02,236086.48,561473.18,325386.71
4292,2021,Satara,Tomato,Rabi,Red,Canal,5.17,978.9,22.6,61.4,5.92,23793.31,39660.53,19592.98,54593.75,23402.17,17317.83,50314.9,26.72,178360.57,1344254.06,1165893.49
4293,2024,Ahmednagar,Cotton,Kharif,Black,Canal,5.83,518.7,27.6,55.2,5.61,31004.36,39875.45,21763.35,71229.33,32686.66,15906.67,4404.33,78.12,212465.82,344068.65,131602.84
4294,2022,Pune,Tomato,Rabi,Loamy,Canal,2.8,787.0,25.5,65.2,5.86,13709.21,19217.12,12000.31,27526.08,16046.84,7393.16,33006.36,29.4,95892.72,970402.03,874509.31
4295,2025,Solapur,Wheat,Rabi,Black,Rainfed,1.45,521.2,25.4,59.8,6.63,4911.35,10242.52,3975.76,12896.34,3738.8,2975.65,3690.23,34.05,38740.41,125659.8,86919.39
4296,2019,Ahmednagar,Wheat,Rabi,Red,Canal,7.19,606.8,23.7,48.4,5.94,18068.86,33527.6,15012.8,47817.26,16325.21,11689.12,18275.36,22.8,142440.85,416708.79,274267.94
4297,2024,Satara,Cotton,Kharif,Alluvial,Rainfed,4.77,796.4,24.4,61.1,6.57,23093.43,33855.62,20606.17,54304.52,24764.76,14281.77,3152.76,53.73,170906.27,169404.6,-1501.67
4298,2025,Satara,Maize,Kharif,Black,Rainfed,6.2,908.7,25.4,62.3,6.91,18678.78,39840.82,17286.74,50427.42,21635.19,13605.12,17186.31,19.56,161474.07,336089.03,174614.96
4299,2021,Pune,Tomato,Rabi,Loamy,Rainfed,1.99,749.8,23.7,68.7,6.99,9563.31,14352.53,8307.2,19800.59,11483.71,5375.98,17350.1,24.83,68883.32,430834.63,361951.31
4300,2020,Aurangabad,Soybean,Kharif,Black,Borewell,8.62,663.7,23.4,64.7,6.08,23081.12,30524.52,14121.23,40512.01,14747.59,13970.92,11002.03,50.18,136957.38,552068.14,415110.75
4301,2020,Pune,Wheat,Rabi,Red,Rainfed,6.58,738.8,24.2,60.7,5.44,19393.71,34886.97,16713.51,41227.73,15476.41,11603.5,14736.87,21.54,139301.84,317382.52,178080.68
4302,2023,Nashik,Soybean,Kharif,Loamy,Rainfed,7.3,610.4,25.2,57.0,6.94,24752.24,28757.28,12466.52,35851.68,12548.94,12851.88,7277.05,40.18,127228.54,292410.59,165182.04
4303,2025,Nashik,Rice,Kharif,Alluvial,Rainfed,8.19,547.0,22.7,57.8,6.73,27282.17,58964.8,26096.08,84372.78,36316.83,23394.68,20222.25,36.48,256427.35,737770.35,481343.0
4304,2021,Satara,Wheat,Rabi,Loamy,Rainfed,11.81,906.9,22.4,80.4,6.54,34002.64,54945.3,27480.51,75955.94,33309.06,20823.73,27516.5,29.06,246517.18,799522.68,553005.49
4305,2025,Nashik,Soybean,Kharif,Loamy,Rainfed,7.44,731.7,24.0,58.7,6.46,26321.37,34956.43,19721.81,36564.15,15072.84,12301.58,8597.78,38.54,144938.19,331334.42,186396.23
4306,2019,Sangli,Sugarcane,Annual,Black,Borewell,5.77,705.4,27.8,61.9,6.28,35712.82,47255.41,17750.26,76493.52,33752.05,21799.08,226980.54,2.34,232763.14,530793.74,298030.59
4307,2024,Solapur,Maize,Kharif,Black,Canal,0.64,538.8,24.5,51.3,6.77,1949.1,3828.04,1397.5,4801.43,2042.84,1156.11,1935.97,17.63,15175.01,34138.95,18963.94
4308,2025,Kolhapur,Rice,Kharif,Loamy,Canal,1.18,1376.9,26.1,65.3,6.83,4832.23,8646.45,4942.02,11592.98,5466.37,3903.45,3462.82,32.54,39383.5,112693.56,73310.06
4309,2024,Pune,Onion,Rabi,Black,Rainfed,4.8,781.9,23.9,69.9,6.48,29613.41,37512.88,18650.36,46818.62,27762.74,14682.48,30934.17,23.64,175040.48,731353.92,556313.44
4310,2021,Aurangabad,Soybean,Kharif,Red,Canal,9.03,651.0,26.8,57.8,6.32,26911.65,34715.59,17543.37,43373.63,19410.51,15852.83,10129.88,40.38,157807.59,409004.02,251196.43
4311,2019,Nashik,Maize,Kharif,Loamy,Drip,2.94,872.1,22.7,70.1,6.45,7215.95,12676.37,4815.46,17721.02,6042.69,5431.93,9902.26,23.88,53903.42,236484.4,182580.98
4312,2022,Pune,Sugarcane,Annual,Red,Borewell,11.81,617.1,27.5,60.8,6.97,88177.84,103351.53,38659.6,148376.28,95324.85,46025.41,381563.73,2.81,519915.52,1070465.45,550549.92
4313,2022,Satara,Wheat,Rabi,Black,Borewell,9.97,947.3,21.9,75.7,6.0,26409.4,63929.91,24832.61,84019.6,25027.17,22078.54,25844.14,29.43,246297.25,760649.91,514352.67
4314,2019,Sangli,Rice,Kharif,Black,Borewell,3.43,602.8,24.1,58.9,6.67,10751.06,21266.96,8556.94,25112.87,12927.35,8117.05,8942.68,33.13,86732.22,296264.33,209532.11
4315,2020,Ahmednagar,Maize,Kharif,Loamy,Canal,7.62,564.1,26.0,58.9,5.63,18985.75,34167.41,14820.46,46140.43,17786.83,10596.04,19910.85,18.9,142496.92,376254.1,233757.18
4316,2025,Aurangabad,Sugarcane,Annual,Black,Drip,6.8,616.9,27.3,67.3,5.82,56952.07,72473.81,27695.45,96056.78,57267.54,30772.89,281318.98,3.22,341218.53,906505.31,565286.78
4317,2025,Solapur,Sugarcane,Annual,Red,Rainfed,8.55,544.5,22.4,42.5,6.97,73793.11,101500.27,34973.18,124831.48,65191.75,42784.59,247600.79,3.5,443074.37,865685.89,422611.52
4318,2023,Sangli,Sugarcane,Annual,Black,Rainfed,5.39,733.2,28.9,83.2,5.65,39506.76,51294.66,20555.95,84265.91,41706.17,18335.74,180270.9,3.57,255665.2,643320.77,387655.58
4319,2023,Kolhapur,Maize,Kharif,Black,Canal,10.65,1427.0,26.2,65.4,6.7,28554.06,58871.43,23568.59,77434.08,28182.42,22613.84,32379.72,19.43,239224.41,628986.89,389762.47
4320,2025,Aurangabad,Onion,Rabi,Black,Rainfed,4.5,698.5,25.5,73.3,6.86,28463.53,36331.84,19469.31,54500.15,18682.02,16422.95,33109.15,22.42,173869.8,742273.83,568404.02
4321,2024,Kolhapur,Maize,Kharif,Alluvial,Drip,3.54,1196.0,26.0,52.1,7.84,9093.79,21035.9,8908.81,30547.45,12165.6,7457.56,8859.75,20.18,89209.12,178804.44,89595.32
4322,2022,Satara,Maize,Kharif,Red,Drip,3.34,857.2,22.4,66.6,6.8,9711.27,19625.16,6041.93,22193.73,10150.65,6387.22,8876.03,12.49,74109.95,110905.36,36795.41
4323,2023,Sangli,Rice,Kharif,Black,Borewell,11.21,784.5,27.4,59.7,6.33,42042.19,83281.61,39828.6,101879.47,42981.88,31292.88,40073.74,35.79,341306.63,1434089.57,1092782.94
4324,2025,Solapur,Tomato,Rabi,Loamy,Canal,11.36,621.0,24.9,56.4,6.09,58711.07,94124.0,54862.01,155366.43,67332.34,32784.59,119556.94,28.1,463180.45,3359065.79,2895885.34
4325,2019,Aurangabad,Tomato,Rabi,Loamy,Borewell,10.92,756.0,26.3,58.2,7.25,46984.81,73222.05,38998.39,110363.69,49248.19,33662.9,115151.49,22.21,352480.03,2556961.49,2204481.46
4326,2022,Nashik,Onion,Rabi,Black,Drip,9.71,719.7,23.8,86.3,6.29,56104.19,67088.97,39420.16,82650.69,46761.56,26666.62,79112.56,20.87,318692.19,1650717.61,1332025.43
4327,2019,Ahmednagar,Onion,Rabi,Alluvial,Rainfed,1.59,557.8,26.7,50.2,7.29,7509.49,9413.0,5482.33,14118.95,6701.43,3553.74,11300.63,21.04,46778.95,237776.31,190997.36
4328,2021,Sangli,Rice,Kharif,Red,Borewell,6.32,861.3,25.9,61.4,6.29,22273.4,43297.23,19775.19,46377.38,25550.7,14401.2,18271.68,27.85,171675.09,508887.17,337212.08
4329,2022,Pune,Rice,Kharif,Black,Drip,0.62,754.7,25.8,67.6,7.01,2056.44,4446.94,1677.99,5432.39,2550.74,1677.48,1883.0,23.84,17841.99,44894.81,27052.82
4330,2019,Solapur,Soybean,Kharif,Alluvial,Drip,8.94,586.8,27.0,83.4,7.88,24733.27,32920.54,13763.8,32906.67,13571.26,13086.34,11123.5,37.32,130981.88,415161.83,284179.95
4331,2024,Satara,Cotton,Kharif,Black,Drip,4.85,772.6,27.1,47.5,6.36,23848.84,31245.94,20079.83,48175.4,26812.93,17371.41,3351.85,87.89,167534.34,294582.93,127048.59
4332,2023,Kolhapur,Maize,Kharif,Alluvial,Rainfed,5.64,1689.6,22.3,72.9,7.67,15908.44,28780.56,12730.57,41245.74,17633.55,11745.54,18429.68,20.17,128044.4,371714.25,243669.85
4333,2019,Pune,Soybean,Kharif,Alluvial,Rainfed,4.98,531.9,24.7,68.3,6.99,13576.89,16347.83,7842.99,24207.56,8603.9,7102.83,4799.6,45.97,77682.01,220631.08,142949.07
4334,2025,Nashik,Tomato,Rabi,Black,Canal,2.52,581.3,23.2,60.2,6.51,12031.06,20379.45,12195.6,35401.95,14002.17,8994.8,26510.39,23.77,103005.03,630179.36,527174.32
4335,2020,Pune,Soybean,Kharif,Black,Canal,10.47,723.0,23.2,65.0,6.12,28859.62,37585.9,17482.4,49791.49,17092.56,16394.63,12004.09,47.15,167206.6,566006.44,398799.84
4336,2022,Sangli,Rice,Kharif,Alluvial,Borewell,7.4,609.0,29.7,64.0,6.64,25490.27,55627.02,26048.3,68190.83,33108.28,18789.35,20999.15,40.48,227254.05,850019.31,622765.26
4337,2024,Sangli,Cotton,Kharif,Red,Drip,10.23,716.7,24.7,68.5,6.94,51414.68,76444.39,47195.94,111816.05,44998.66,31541.33,8984.44,74.5,363411.05,669352.8,305941.75
4338,2021,Satara,Onion,Rabi,Black,Rainfed,7.51,1104.2,24.2,53.3,7.15,36624.0,58191.68,27232.36,75064.49,38046.34,19913.25,59107.48,24.69,255072.12,1459396.87,1204324.75
4339,2019,Solapur,Wheat,Rabi,Black,Canal,11.56,680.1,23.8,64.6,6.9,27287.46,58160.79,26075.24,73866.16,28374.44,19258.0,31075.47,26.41,233022.1,820841.39,587819.29
4340,2021,Sangli,Sugarcane,Annual,Red,Borewell,2.63,818.5,29.3,56.7,6.49,17961.15,25446.29,8449.69,35988.08,18412.06,10273.33,106802.08,2.96,116530.59,316002.7,199472.11
4341,2021,Nashik,Tomato,Rabi,Loamy,Drip,11.11,751.7,25.7,63.5,7.07,49518.82,80114.13,50940.08,127013.27,56133.58,29509.66,134837.51,23.98,393229.53,3233551.69,2840322.15
4342,2024,Solapur,Onion,Rabi,Black,Drip,2.64,561.7,25.3,66.2,6.82,17641.0,20682.3,10766.27,25321.9,13094.59,8080.2,22954.2,25.54,95586.25,586185.35,490599.1
4343,2022,Aurangabad,Rice,Kharif,Alluvial,Rainfed,9.26,737.8,28.2,67.1,7.16,31973.91,71035.51,34741.24,86184.2,40768.34,24211.58,21429.76,35.03,288914.77,750707.43,461792.66
4344,2023,Satara,Maize,Kharif,Alluvial,Borewell,5.53,769.2,22.6,57.0,6.27,17205.81,34094.4,11772.05,41336.09,16748.16,10834.93,14301.98,19.74,131991.44,282256.93,150265.49
4345,2021,Solapur,Rice,Kharif,Alluvial,Drip,11.19,758.7,27.2,70.6,6.12,34821.91,78460.43,33802.74,90227.43,47221.36,27160.59,33351.6,36.19,311694.47,1206850.97,895156.5
4346,2025,Pune,Tomato,Rabi,Loamy,Drip,3.26,576.3,21.0,68.1,7.59,18652.98,29733.97,15700.32,38797.92,18530.93,11060.86,29192.99,30.3,132476.98,884680.79,752203.81
4347,2019,Sangli,Soybean,Kharif,Red,Canal,5.31,537.9,25.4,51.9,6.43,14722.57,19636.06,7885.92,22761.61,7997.84,7684.54,5846.61,41.23,80688.55,241081.22,160392.66
4348,2025,Sangli,Cotton,Kharif,Alluvial,Canal,11.8,371.9,25.2,61.8,5.84,66649.3,74548.37,51952.36,150800.36,63658.34,39053.82,7051.24,70.22,446662.54,495140.44,48477.9
4349,2022,Aurangabad,Tomato,Rabi,Red,Rainfed,5.09,727.8,22.8,49.4,6.23,24670.59,40870.02,22842.89,61570.27,27466.39,15569.54,47662.29,26.06,192989.7,1241928.4,1048938.7
4350,2022,Nashik,Onion,Rabi,Black,Rainfed,6.56,629.1,20.2,45.6,6.65,34592.32,47457.43,25455.28,69823.53,31649.97,19199.1,42270.25,29.43,228177.64,1243861.0,1015683.35
4351,2019,Satara,Sugarcane,Annual,Loamy,Rainfed,2.91,910.9,23.5,63.8,7.72,18151.35,23000.27,8485.94,31684.32,16494.63,9635.6,92573.53,3.64,107452.11,336753.2,229301.09
4352,2025,Sangli,Onion,Rabi,Alluvial,Borewell,4.38,606.2,25.0,57.7,5.93,26200.91,37029.14,19681.81,48828.21,30233.78,14951.0,34532.82,28.82,176924.84,995343.79,818418.94
4353,2024,Aurangabad,Soybean,Kharif,Black,Drip,11.26,764.6,24.6,52.8,5.5,39140.82,46801.23,26460.48,56173.74,26278.6,19247.17,15974.6,49.44,214102.03,789769.12,575667.09
4354,2021,Aurangabad,Rice,Kharif,Alluvial,Drip,2.32,681.3,24.7,57.2,6.19,6470.86,15526.61,6048.82,17915.27,9445.12,5382.82,7479.0,33.96,60789.51,254007.22,193217.71
4355,2022,Ahmednagar,Wheat,Rabi,Alluvial,Rainfed,7.51,461.2,25.6,38.1,6.66,24074.78,49274.1,19241.93,52273.69,20580.74,16412.6,15868.78,30.53,181857.84,484513.53,302655.69
4356,2024,Solapur,Cotton,Kharif,Loamy,Drip,5.81,384.9,26.2,69.6,6.89,31116.12,38540.08,26069.14,57293.14,25068.55,17599.58,4357.53,76.39,195686.61,332850.73,137164.12
4357,2020,Pune,Tomato,Rabi,Red,Canal,7.27,865.3,25.1,54.1,6.41,33940.96,53981.96,27570.78,66531.19,33603.02,20470.82,77238.5,27.94,236098.72,2157834.87,1921736.15
4358,2024,Sangli,Cotton,Kharif,Loamy,Drip,5.06,739.7,26.4,72.9,7.03,23233.76,33719.53,24425.58,67622.07,25221.92,15591.12,4340.54,82.31,189813.99,357283.72,167469.73
4359,2023,Ahmednagar,Sugarcane,Annual,Alluvial,Rainfed,10.62,597.3,28.4,52.0,5.69,82108.95,96473.95,38940.0,160133.27,91474.1,44007.29,286578.53,2.85,513137.55,816128.25,302990.7
4360,2022,Sangli,Sugarcane,Annual,Alluvial,Drip,2.25,483.5,27.9,83.7,6.48,15403.0,22451.36,8426.98,32700.51,15810.85,8737.89,70395.66,2.18,103530.59,153461.88,49931.29
4361,2024,Aurangabad,Wheat,Rabi,Loamy,Drip,3.17,591.4,26.5,63.1,6.71,10260.98,18578.47,8465.06,25016.66,9280.92,8218.0,8386.07,29.5,79820.08,247402.24,167582.16
4362,2019,Aurangabad,Maize,Kharif,Red,Canal,5.38,476.0,27.3,60.8,6.2,12938.65,29386.56,9294.25,30947.12,15120.02,8996.03,14403.41,21.8,106682.64,313943.05,207260.41
4363,2022,Sangli,Soybean,Kharif,Loamy,Drip,11.65,545.1,28.8,62.7,6.23,36554.03,46105.83,19426.81,54473.73,21444.86,20315.83,13838.94,43.7,198321.09,604732.54,406411.45
4364,2020,Ahmednagar,Onion,Rabi,Loamy,Borewell,5.99,367.7,26.4,61.2,6.66,32240.08,43393.36,17523.01,62119.02,28492.74,15786.19,40870.35,18.67,199554.39,762949.14,563394.75
4365,2024,Sangli,Wheat,Rabi,Black,Canal,9.33,657.2,26.8,78.1,7.18,29484.08,62257.36,24994.51,78878.06,26538.74,22496.39,27059.46,31.48,244649.14,851878.45,607229.31
4366,2020,Satara,Tomato,Rabi,Black,Canal,0.93,1011.3,23.1,72.4,6.11,4010.4,6790.57,3212.54,9175.09,4061.68,2472.32,8865.85,27.82,29722.59,246653.12,216930.52
4367,2021,Satara,Onion,Rabi,Black,Canal,3.52,838.5,23.3,62.9,7.91,20206.57,23187.99,13126.36,30951.1,17585.83,10844.23,23891.83,18.89,115902.08,451301.24,335399.16
4368,2022,Ahmednagar,Wheat,Rabi,Red,Borewell,10.34,622.9,27.7,62.1,7.32,30769.92,62135.38,27790.61,85051.39,28455.04,20047.38,28509.06,31.15,254249.73,888179.89,633930.16
4369,2023,Solapur,Rice,Kharif,Loamy,Borewell,11.84,599.0,27.8,68.8,6.98,42745.79,94084.45,43710.74,96541.37,51423.65,33078.56,35103.02,35.18,361584.56,1235069.09,873484.54
4370,2021,Pune,Cotton,Kharif,Red,Canal,6.76,751.9,23.5,50.5,8.18,31572.87,39568.9,27940.11,59862.79,34929.26,18966.17,4092.8,68.19,212840.1,279091.85,66251.75
4371,2019,Aurangabad,Tomato,Rabi,Loamy,Borewell,11.6,753.7,25.3,55.4,5.67,50696.66,87096.19,38275.57,101831.11,51306.48,29876.9,115928.83,24.66,359082.91,2858313.38,2499230.47
4372,2021,Solapur,Sugarcane,Annual,Alluvial,Drip,1.18,469.5,28.6,53.2,6.62,7613.84,10991.59,3419.14,15325.11,8658.04,4201.01,43073.22,3.21,50208.73,138109.7,87900.97
4373,2023,Nashik,Tomato,Rabi,Black,Drip,10.69,701.2,26.8,59.3,5.93,51966.82,82702.23,43051.57,122706.65,67898.05,29193.1,90889.87,23.32,397518.42,2119717.54,1722199.13
4374,2025,Ahmednagar,Cotton,Kharif,Red,Borewell,2.81,624.4,25.2,71.2,6.55,13466.09,20863.55,11799.59,40420.41,14732.41,9593.64,2001.35,83.82,110875.69,167746.6,56870.9
4375,2024,Sangli,Soybean,Kharif,Red,Borewell,11.61,515.5,22.3,54.0,8.01,37639.09,51657.94,26626.52,54899.57,25075.5,19990.73,10819.44,40.65,215889.36,439771.64,223882.28
4376,2019,Ahmednagar,Soybean,Kharif,Red,Drip,5.85,640.6,26.4,53.3,5.77,17360.07,22244.11,10116.32,28459.1,8601.16,8628.72,6446.14,45.65,95409.48,294258.61,198849.13
4377,2019,Aurangabad,Maize,Kharif,Black,Rainfed,9.24,689.7,26.1,65.8,7.06,23084.76,42300.11,18848.83,63207.94,23061.19,14527.5,23857.57,24.75,185030.33,590456.42,405426.09
4378,2024,Solapur,Sugarcane,Annual,Loamy,Borewell,2.6,366.9,26.8,54.6,6.0,21976.65,28579.3,9986.75,38071.49,23813.38,12269.95,89282.36,3.22,134697.52,287873.3,153175.78
4379,2019,Aurangabad,Rice,Kharif,Loamy,Drip,2.49,461.5,26.3,63.6,7.38,7781.76,14100.46,6912.04,20619.87,9084.03,5816.97,6909.04,25.87,64315.13,178742.4,114427.27
4380,2020,Kolhapur,Wheat,Rabi,Alluvial,Rainfed,3.34,1356.1,24.8,81.9,6.17,9819.36,16370.5,7179.6,24009.57,8838.23,5089.38,6483.27,25.41,71306.64,164763.13,93456.49
4381,2025,Kolhapur,Cotton,Kharif,Loamy,Drip,7.83,1662.0,26.3,71.0,6.3,37385.36,50817.92,36699.87,92765.64,44385.01,26333.85,6099.29,77.12,288387.65,470406.7,182019.06
4382,2020,Solapur,Wheat,Rabi,Black,Borewell,4.38,590.5,26.0,66.8,7.07,12247.67,21291.14,9550.15,27403.71,10871.52,7950.69,10934.82,25.91,89314.87,283297.79,193982.92
4383,2023,Satara,Wheat,Rabi,Red,Drip,6.16,1010.4,20.7,47.6,6.54,18431.4,36930.07,16110.95,49125.44,16848.72,13282.3,15803.23,32.37,150728.88,511525.0,360796.13
4384,2024,Ahmednagar,Wheat,Rabi,Loamy,Rainfed,10.68,628.1,24.0,59.1,6.64,35828.32,63879.68,30752.43,94072.73,32328.19,20178.09,23931.7,31.74,277039.43,759587.9,482548.47
4385,2020,Kolhapur,Rice,Kharif,Loamy,Canal,3.18,1489.7,24.3,63.7,8.17,9031.4,19651.8,9442.39,22372.1,11936.65,8003.12,9166.83,36.85,80437.47,337794.09,257356.62
4386,2019,Nashik,Sugarcane,Annual,Loamy,Rainfed,3.94,716.3,21.6,61.4,5.93,24835.88,31814.62,12022.83,45543.15,23407.52,15268.27,135849.3,3.41,152892.27,462917.0,310024.73
4387,2022,Aurangabad,Rice,Kharif,Black,Drip,2.93,663.5,23.8,64.6,6.5,9807.4,18482.52,10100.67,28318.42,11706.02,8258.83,9124.67,31.56,86673.86,287967.81,201293.94
4388,2020,Sangli,Rice,Kharif,Loamy,Rainfed,6.33,445.6,22.0,74.2,6.22,20004.56,41950.31,17819.65,45833.5,23061.42,15255.46,14723.18,33.45,163924.92,492475.01,328550.09
4389,2019,Pune,Onion,Rabi,Alluvial,Drip,1.47,592.7,23.4,71.0,8.08,7466.72,10778.67,4491.61,12577.52,7053.49,3430.87,11806.07,17.47,45798.88,206231.7,160432.82
4390,2022,Ahmednagar,Soybean,Kharif,Loamy,Drip,9.18,715.5,26.7,64.6,6.8,29901.93,42474.24,19082.73,47337.45,19210.88,16513.92,12281.03,33.56,174521.15,412111.08,237589.93
4391,2022,Kolhapur,Cotton,Kharif,Red,Rainfed,1.13,1346.8,24.6,66.8,6.89,5164.46,7312.91,4877.0,12867.4,6254.79,3147.42,630.64,64.79,39623.97,40859.41,1235.43
4392,2023,Ahmednagar,Sugarcane,Annual,Alluvial,Borewell,11.42,559.2,25.5,67.3,5.93,79291.92,110121.34,41320.27,172014.62,89150.47,43877.58,406110.36,3.14,535776.19,1276693.79,740917.59
4393,2023,Satara,Tomato,Rabi,Black,Drip,1.93,935.4,25.5,70.8,6.65,10270.33,15435.01,8717.23,24001.51,9140.67,5919.33,15707.62,32.0,73484.09,502607.32,429123.23
4394,2025,Sangli,Wheat,Rabi,Alluvial,Canal,10.64,822.6,24.9,66.7,6.08,33545.74,61626.55,26193.33,84516.15,36474.54,25765.67,33060.06,31.85,268121.98,1052918.74,784796.76
4395,2021,Ahmednagar,Wheat,Rabi,Alluvial,Rainfed,2.07,684.7,24.9,58.2,7.18,5666.73,11737.43,5324.57,14943.2,5259.71,3894.53,4878.66,26.56,46826.17,129574.29,82748.12
4396,2020,Satara,Soybean,Kharif,Loamy,Drip,2.68,1053.4,25.2,66.4,5.77,7709.19,10642.32,5078.28,11039.47,4521.88,4334.63,4111.56,34.92,43325.78,143562.32,100236.53
4397,2023,Ahmednagar,Sugarcane,Annual,Black,Drip,4.88,761.2,25.0,63.8,6.7,37031.11,53629.56,18423.79,73046.46,34805.38,18596.88,194677.89,3.48,235533.18,677365.11,441831.94
4398,2020,Sangli,Rice,Kharif,Alluvial,Rainfed,10.55,601.1,25.5,63.1,6.74,32141.81,68586.67,30510.68,97727.55,39370.36,23508.14,29534.72,26.62,291845.21,786102.81,494257.6
4399,2019,Sangli,Cotton,Kharif,Red,Borewell,7.95,732.0,27.8,70.6,6.61,37095.38,45114.72,25647.87,79848.28,34806.59,21074.85,5937.36,82.09,243587.69,487422.44,243834.74
4400,2022,Aurangabad,Tomato,Rabi,Alluvial,Drip,7.32,607.2,28.4,61.3,6.99,33410.48,57715.79,32223.02,83592.57,40547.79,21254.59,72213.62,20.39,268744.24,1472630.07,1203885.83
4401,2023,Ahmednagar,Sugarcane,Annual,Alluvial,Canal,11.55,488.0,24.8,61.9,7.23,83097.21,128318.98,42782.37,163172.64,101529.22,44287.27,398440.56,3.84,563187.7,1530485.09,967297.4
4402,2021,Aurangabad,Soybean,Kharif,Alluvial,Rainfed,8.96,639.2,27.4,56.1,6.6,27336.0,32895.69,15819.82,41077.01,17383.28,14268.8,9834.38,30.57,148780.59,300646.38,151865.79
4403,2023,Pune,Sugarcane,Annual,Loamy,Canal,9.07,645.9,23.0,57.1,5.58,69177.68,86856.68,35940.98,137843.53,73150.18,37561.48,309769.84,3.78,440530.53,1171257.6,730727.07
4404,2024,Sangli,Wheat,Rabi,Loamy,Canal,4.28,541.0,29.2,64.1,6.55,12075.14,30941.75,13265.21,33017.07,13477.51,9803.85,11362.38,19.9,112580.52,226129.68,113549.16
4405,2020,Pune,Tomato,Rabi,Black,Rainfed,2.42,440.0,22.7,66.3,6.44,10219.05,17078.97,9788.17,24898.01,12283.88,6953.69,16298.15,19.32,81221.77,314923.43,233701.66
4406,2023,Ahmednagar,Rice,Kharif,Black,Drip,11.5,711.6,22.5,56.8,7.9,39066.57,77164.29,38211.87,106700.41,56132.53,28873.87,28878.97,28.87,346149.55,833598.28,487448.73
4407,2021,Nashik,Maize,Kharif,Alluvial,Drip,6.36,669.0,21.1,57.5,6.8,15904.02,39005.91,12230.04,38706.94,19507.32,11551.5,21243.65,21.95,136905.72,466357.71,329451.99
4408,2021,Kolhapur,Wheat,Rabi,Black,Drip,11.85,1323.7,23.6,64.5,6.51,33800.96,60868.84,31236.96,80522.91,32949.6,21673.17,32070.75,24.17,261052.45,775251.75,514199.29
4409,2021,Ahmednagar,Maize,Kharif,Red,Drip,3.92,731.0,21.2,67.3,5.96,10502.38,20053.7,7766.54,25464.85,11674.2,7458.97,13666.46,21.41,82920.64,292631.83,209711.19
4410,2019,Ahmednagar,Soybean,Kharif,Red,Drip,4.36,630.9,23.2,75.5,6.88,12355.65,15149.53,8410.71,17925.91,7686.72,6111.52,5055.29,42.56,67640.03,215148.94,147508.91
4411,2019,Nashik,Onion,Rabi,Red,Canal,6.95,841.3,29.1,62.0,6.99,35000.13,43305.22,23506.21,60973.93,32022.58,18412.83,51145.0,21.15,213220.9,1081636.56,868415.65
4412,2025,Solapur,Onion,Rabi,Black,Rainfed,6.05,351.7,30.0,70.1,6.67,39894.31,46354.61,25433.45,66120.43,28921.92,19743.47,36575.14,21.26,226468.18,777754.38,551286.2
4413,2021,Solapur,Soybean,Kharif,Alluvial,Rainfed,8.38,476.1,31.0,55.4,7.36,25219.33,30147.04,18108.87,37101.76,14259.82,14211.14,7129.48,43.39,139047.97,309380.06,170332.08
4414,2023,Sangli,Soybean,Kharif,Alluvial,Drip,6.5,679.3,27.4,72.3,6.78,20483.72,28679.6,11890.48,33901.33,12592.16,10733.72,7982.97,41.91,118281.02,334548.29,216267.27
4415,2020,Satara,Soybean,Kharif,Red,Canal,3.73,956.2,24.3,69.7,5.99,11710.35,12702.0,7066.22,13607.55,6927.43,5841.52,3795.22,46.0,57855.07,174578.12,116723.05
4416,2020,Sangli,Soybean,Kharif,Loamy,Drip,11.73,711.9,25.5,68.8,6.98,36703.98,41187.83,21700.27,47793.41,22771.59,17131.88,16409.22,41.54,187288.97,681657.0,494368.02
4417,2021,Pune,Wheat,Rabi,Red,Rainfed,11.01,821.8,25.6,56.0,6.72,29042.7,58917.44,25738.72,77039.19,25126.72,22890.7,25495.11,27.41,238755.46,698840.43,460084.96
4418,2025,Kolhapur,Maize,Kharif,Alluvial,Rainfed,1.54,1460.5,20.5,65.1,6.28,5000.66,8896.11,3998.06,10819.8,4896.21,2717.45,3295.36,24.96,36328.29,82237.55,45909.26
4419,2022,Pune,Maize,Kharif,Alluvial,Borewell,3.49,652.9,23.5,47.4,6.65,10269.8,18083.71,7843.22,27160.59,9098.9,6146.5,10796.52,18.4,78602.73,198681.56,120078.84
4420,2019,Ahmednagar,Onion,Rabi,Black,Drip,9.79,623.3,27.5,64.6,6.99,47033.56,65351.98,37126.56,79750.46,47112.3,24830.12,80907.98,20.5,301204.97,1658441.25,1357236.27
4421,2022,Aurangabad,Soybean,Kharif,Red,Rainfed,8.9,760.7,28.0,64.4,8.2,28469.11,35223.3,17857.86,37324.76,13107.0,14368.33,8783.29,49.49,146350.35,434692.11,288341.76
4422,2021,Aurangabad,Sugarcane,Annual,Alluvial,Canal,3.95,576.5,29.5,70.1,5.81,26889.28,33992.81,13499.78,58085.07,30380.03,13006.11,123085.85,2.71,175853.08,333549.22,157696.13
4423,2019,Nashik,Maize,Kharif,Loamy,Drip,10.27,890.4,25.7,65.5,6.29,23383.34,49584.01,17644.78,62230.09,22347.83,19317.24,31143.86,19.14,194507.3,596097.63,401590.33
4424,2023,Nashik,Cotton,Kharif,Red,Borewell,9.33,622.5,26.6,76.3,6.3,46627.5,59379.3,42328.22,89520.82,40746.44,27717.15,6774.17,71.61,306319.44,485080.67,178761.24
4425,2023,Nashik,Onion,Rabi,Red,Drip,0.51,902.6,20.5,53.7,6.17,2865.38,4014.91,2136.21,5209.5,2753.61,1393.91,3692.83,16.08,18373.51,59392.86,41019.35
4426,2019,Aurangabad,Tomato,Rabi,Red,Rainfed,11.74,736.3,27.1,52.2,8.11,49567.29,70012.8,42698.59,113062.96,50102.5,27985.47,97777.59,21.24,353429.62,2076634.95,1723205.32
4427,2020,Solapur,Sugarcane,Annual,Loamy,Drip,1.72,635.0,25.5,66.5,7.03,11705.05,15167.69,6080.87,20505.46,12229.98,6112.3,67696.45,3.17,71801.34,214767.33,142965.99
4428,2022,Kolhapur,Tomato,Rabi,Alluvial,Drip,2.24,1383.2,26.8,45.4,7.91,10710.12,17778.69,9774.41,22688.3,12491.88,7307.78,25707.33,19.91,80751.17,511751.11,430999.94
4429,2022,Kolhapur,Tomato,Rabi,Black,Drip,7.62,1532.1,23.4,50.3,6.44,31079.13,55820.41,37805.37,79821.02,40770.73,22440.1,87662.82,31.83,267736.76,2790174.54,2522437.77
4430,2019,Sangli,Wheat,Rabi,Loamy,Drip,3.79,419.1,26.3,69.9,7.62,9296.3,20209.41,8840.92,26232.93,10169.41,7219.64,8228.29,25.5,81968.62,209791.55,127822.92
4431,2023,Pune,Wheat,Rabi,Red,Canal,6.53,617.2,26.6,45.3,6.83,21930.54,35547.44,16627.16,46749.77,17653.29,12607.15,14294.39,29.34,151115.35,419445.73,268330.38
4432,2021,Ahmednagar,Onion,Rabi,Black,Drip,3.58,416.4,25.5,60.0,6.72,19519.82,24773.12,13827.72,32304.49,16851.05,10278.05,28936.65,21.03,117554.25,608455.94,490901.7
4433,2019,Nashik,Maize,Kharif,Alluvial,Drip,6.8,686.1,26.4,55.5,7.37,17513.11,35736.54,13572.92,38323.81,15593.59,12174.9,24860.78,18.27,132914.88,454240.93,321326.05
4434,2019,Solapur,Onion,Rabi,Alluvial,Rainfed,3.61,697.3,26.1,50.6,6.11,18081.71,22906.38,11122.26,34682.46,15439.25,8423.68,27021.13,25.51,110655.74,689341.13,578685.38
4435,2024,Satara,Cotton,Kharif,Red,Rainfed,10.87,1035.3,21.8,69.8,6.96,54836.19,83724.39,43939.86,141710.95,57925.34,37794.26,6996.59,89.9,419930.99,628986.14,209055.15
4436,2020,Kolhapur,Rice,Kharif,Black,Borewell,8.14,1637.5,26.1,68.2,7.09,26814.51,57382.54,22673.61,59422.08,30899.06,20745.05,26070.97,29.46,217936.84,768126.52,550189.67
4437,2024,Aurangabad,Sugarcane,Annual,Red,Canal,4.03,565.3,24.1,66.7,5.91,26825.61,43357.76,15679.75,66986.01,27083.92,16385.44,139742.79,3.59,196318.48,501144.3,304825.82
4438,2021,Ahmednagar,Sugarcane,Annual,Alluvial,Drip,0.88,842.3,21.2,59.1,5.62,5974.34,7529.87,3603.16,11179.42,5134.39,3539.88,37961.45,3.4,36961.06,129151.19,92190.14
4439,2023,Nashik,Maize,Kharif,Red,Canal,10.22,585.0,21.4,56.4,6.83,28130.76,51816.3,22841.78,72795.22,31345.18,18847.52,25971.06,19.66,225776.76,510560.93,284784.17
4440,2023,Nashik,Onion,Rabi,Red,Rainfed,4.77,748.1,22.5,73.1,5.59,28285.77,37840.98,21774.51,40315.56,23793.63,16319.55,30561.41,21.65,168330.0,661788.7,493458.7
4441,2022,Aurangabad,Cotton,Kharif,Black,Borewell,2.28,793.6,27.1,57.5,5.7,11156.58,14904.39,8585.94,22533.81,12543.31,5780.03,1651.97,72.09,75504.06,119098.68,43594.62
4442,2025,Sangli,Sugarcane,Annual,Red,Drip,4.29,747.5,25.2,77.2,6.94,38351.38,43250.91,15175.12,66357.67,38116.96,18054.75,180805.76,3.46,219306.8,624913.9,405607.1
4443,2023,Ahmednagar,Soybean,Kharif,Loamy,Canal,8.22,735.0,27.2,59.6,6.37,26447.53,34786.48,16891.22,41087.8,16516.35,13588.55,10995.22,50.6,149317.92,556360.02,407042.09
4444,2025,Solapur,Rice,Kharif,Black,Drip,9.22,685.6,26.6,75.1,6.83,36271.76,74720.43,32505.64,82562.8,47559.29,23771.5,27854.4,30.55,297391.43,851063.6,553672.18
4445,2024,Aurangabad,Onion,Rabi,Alluvial,Borewell,4.28,667.2,27.5,50.4,6.3,23781.08,34077.91,18117.46,52003.26,19137.84,11725.76,36181.3,26.16,158843.3,946457.5,787614.21
4446,2023,Pune,Cotton,Kharif,Alluvial,Canal,5.41,587.6,24.9,56.4,5.54,24719.71,37622.1,19690.22,63982.83,31444.46,15614.51,3596.34,67.91,193073.83,244232.8,51158.97
4447,2025,Ahmednagar,Soybean,Kharif,Alluvial,Borewell,8.84,503.3,26.3,59.9,6.57,29505.81,40594.06,18419.83,48629.9,20521.85,17040.07,9543.62,45.27,174711.52,432051.99,257340.47
4448,2022,Ahmednagar,Sugarcane,Annual,Red,Rainfed,6.08,582.6,26.5,65.9,6.61,43325.31,68867.43,21911.04,65540.15,52710.39,23168.06,191052.37,3.24,275522.38,618239.71,342717.33
4449,2022,Sangli,Cotton,Kharif,Red,Drip,2.64,561.9,24.4,76.5,6.44,11672.76,16922.51,9004.98,29543.33,14430.75,8225.89,1867.39,63.12,89800.22,117865.37,28065.15
4450,2020,Kolhapur,Onion,Rabi,Alluvial,Canal,8.02,1470.6,26.2,69.7,7.06,40298.26,58115.35,26471.43,86069.22,35783.63,22297.52,65482.02,19.01,269035.4,1245039.6,976004.19
4451,2020,Sangli,Rice,Kharif,Red,Drip,0.91,545.4,28.0,53.6,5.76,2726.25,5765.99,2814.48,6599.6,3841.98,2189.15,2305.83,34.38,23937.45,79285.6,55348.15
4452,2019,Solapur,Maize,Kharif,Black,Drip,9.2,671.4,26.7,74.0,5.7,22263.12,48685.44,17374.09,50854.44,21830.64,15625.22,32892.58,19.66,176632.95,646729.35,470096.4
4453,2020,Sangli,Onion,Rabi,Alluvial,Borewell,1.15,690.8,28.6,70.7,7.24,6243.47,7666.21,4062.22,10028.88,5398.1,2921.47,9209.11,17.53,36320.34,161390.65,125070.31
4454,2020,Sangli,Maize,Kharif,Alluvial,Drip,10.96,745.1,24.6,57.6,7.27,25536.39,60964.19,19489.58,73270.94,27444.53,21357.48,39346.92,21.21,228063.11,834419.15,606356.04
4455,2025,Nashik,Wheat,Rabi,Red,Drip,4.97,719.3,24.6,61.2,7.26,17002.07,34969.25,15014.13,42879.07,16068.93,11388.32,12728.5,28.44,137321.79,361979.85,224658.06
4456,2019,Kolhapur,Soybean,Kharif,Alluvial,Drip,10.15,1486.2,25.6,51.1,6.94,31163.96,34545.21,14769.56,43827.21,18750.43,15177.93,16096.18,53.0,158234.29,853099.04,694864.75
4457,2023,Pune,Wheat,Rabi,Loamy,Borewell,7.6,894.1,24.2,71.7,7.06,23812.81,51299.42,19479.22,58885.11,26257.0,16867.63,22280.93,33.37,196601.2,743543.46,546942.26
4458,2019,Aurangabad,Maize,Kharif,Red,Borewell,1.39,789.0,23.0,57.5,7.11,3129.0,6651.76,2623.36,8125.29,3526.43,2111.37,3521.63,25.03,26167.21,88153.08,61985.87
4459,2021,Pune,Tomato,Rabi,Alluvial,Rainfed,4.23,510.7,23.8,56.1,7.0,18805.96,32801.46,14951.18,42131.84,20304.33,11932.12,34278.93,18.53,140926.87,635170.47,494243.6
4460,2020,Sangli,Onion,Rabi,Red,Rainfed,6.48,459.1,29.3,64.4,6.71,33032.15,43099.14,24378.07,56414.96,33260.95,16856.32,35983.25,22.19,207041.59,798538.51,591496.92
4461,2024,Kolhapur,Sugarcane,Annual,Black,Rainfed,7.52,1258.4,20.5,71.7,7.28,52237.98,83556.42,26068.73,108007.69,57243.61,40631.85,204046.42,3.29,367746.27,670897.69,303151.41
4462,2019,Nashik,Soybean,Kharif,Black,Drip,7.49,636.0,24.9,66.0,6.5,21482.38,29024.03,12803.35,33035.72,12520.24,10845.44,9683.79,38.29,119711.16,370825.69,251114.54
4463,2025,Solapur,Soybean,Kharif,Red,Drip,3.93,419.3,26.3,59.8,6.03,13981.35,19136.28,9093.7,18027.43,8680.39,6306.66,4275.9,53.11,75225.81,227082.73,151856.93
4464,2021,Ahmednagar,Maize,Kharif,Loamy,Rainfed,2.61,585.3,25.2,74.5,7.08,6690.14,13900.52,4914.72,14191.52,6642.11,5289.34,7255.88,19.47,51628.35,141238.5,89610.15
4465,2022,Satara,Rice,Kharif,Black,Rainfed,9.93,905.7,19.8,78.4,5.79,32982.56,71844.03,34891.97,85795.47,45260.48,30894.18,25184.8,36.22,301668.7,912286.18,610617.48
4466,2023,Pune,Tomato,Rabi,Red,Borewell,5.87,911.6,24.7,55.6,6.31,31179.96,38967.77,28944.9,65797.79,35619.87,16237.63,59650.55,29.16,216747.93,1739234.35,1522486.42
4467,2021,Pune,Sugarcane,Annual,Loamy,Canal,10.47,669.9,25.6,59.2,6.35,68311.7,99736.85,31929.28,137047.27,73052.08,32774.01,394090.41,2.62,442851.19,1033346.47,590495.28
4468,2024,Nashik,Tomato,Rabi,Loamy,Rainfed,6.29,502.6,21.9,62.0,6.09,34136.65,56750.67,29845.91,63619.48,38946.71,19266.12,45731.95,34.27,242565.54,1567009.8,1324444.26
4469,2025,Sangli,Sugarcane,Annual,Red,Borewell,10.07,781.9,27.8,64.8,6.9,73280.38,103941.25,39731.31,154903.67,80051.82,42949.68,333811.4,3.99,494858.11,1333384.05,838525.94
4470,2024,Satara,Cotton,Kharif,Alluvial,Rainfed,7.61,1016.0,26.0,59.1,5.83,41964.25,58679.97,34343.08,79780.89,41325.07,25208.39,5314.09,78.76,281301.66,418554.93,137253.27
4471,2020,Solapur,Wheat,Rabi,Loamy,Drip,8.67,606.0,24.6,74.0,6.75,27466.26,46285.04,20258.66,56863.77,20086.09,16233.29,28113.47,26.71,187193.11,750999.43,563806.32
4472,2022,Kolhapur,Soybean,Kharif,Black,Borewell,4.46,1432.7,21.0,78.2,6.52,14382.51,17877.06,7726.33,20175.33,8443.32,7304.83,5622.63,40.18,75909.38,225899.16,149989.78
4473,2025,Ahmednagar,Tomato,Rabi,Red,Rainfed,8.95,559.3,23.6,70.3,7.7,46481.84,76095.48,43838.9,112518.43,52351.51,29449.62,71685.4,25.34,360735.78,1816623.89,1455888.11
4474,2025,Satara,Soybean,Kharif,Loamy,Rainfed,3.4,783.9,20.5,43.5,7.89,11861.41,15609.52,7410.51,19489.67,7310.65,6241.96,2891.2,50.86,67923.72,147053.91,79130.19
4475,2021,Kolhapur,Wheat,Rabi,Black,Borewell,7.59,1387.5,26.1,54.4,6.64,20644.9,42689.65,17796.7,55936.66,20086.3,14076.79,21688.83,25.41,171231.0,551089.58,379858.58
4476,2020,Ahmednagar,Cotton,Kharif,Black,Borewell,2.84,683.8,22.4,62.0,6.75,11825.4,15098.68,10782.06,23729.74,11943.49,7568.98,2334.79,73.88,80948.34,172483.27,91534.93
4477,2025,Kolhapur,Onion,Rabi,Alluvial,Rainfed,5.66,1427.4,24.7,71.9,6.72,34585.19,45854.57,21808.47,59803.5,34486.24,19200.14,42934.73,26.54,215738.11,1139680.24,923942.12
4478,2020,Aurangabad,Soybean,Kharif,Loamy,Borewell,4.64,600.9,25.5,73.4,6.24,14184.86,17549.32,8269.35,19140.29,8725.03,6543.36,5657.6,45.92,74412.21,259811.98,185399.77
4479,2022,Solapur,Tomato,Rabi,Loamy,Rainfed,3.12,668.3,25.9,62.2,7.09,15654.73,25701.0,10582.22,34600.54,18021.02,8923.97,27013.91,27.83,113483.49,751677.09,638193.6
4480,2025,Satara,Tomato,Rabi,Alluvial,Canal,4.73,811.3,23.3,71.7,6.39,26932.1,41939.89,25040.16,57376.76,27878.8,15141.55,45388.42,35.19,194309.26,1597178.13,1402868.87
4481,2025,Pune,Maize,Kharif,Alluvial,Borewell,4.46,834.6,25.8,62.4,6.39,13628.06,26515.68,10992.26,34175.97,14234.57,9305.16,15080.54,19.82,108851.69,298895.42,190043.72
4482,2021,Aurangabad,Rice,Kharif,Alluvial,Rainfed,10.58,691.0,26.7,70.5,7.46,33811.38,81028.09,25624.64,92493.24,43317.34,26528.78,27621.4,31.37,302803.47,866362.51,563559.04
4483,2019,Pune,Sugarcane,Annual,Loamy,Drip,7.38,664.5,27.4,48.4,6.06,41825.42,63459.92,26646.92,94584.52,46796.45,28700.37,249878.4,3.36,302013.59,838722.81,536709.22
4484,2024,Kolhapur,Maize,Kharif,Red,Rainfed,4.23,1360.2,25.6,64.5,7.03,11747.21,27455.87,10280.59,31923.89,14685.89,9049.78,10001.64,21.99,105143.24,219923.61,114780.37
4485,2023,Kolhapur,Maize,Kharif,Red,Borewell,9.6,1417.6,25.6,63.5,6.74,25593.92,53200.35,19656.32,73237.74,29367.62,18268.77,30122.03,26.2,219324.72,789223.97,569899.25
4486,2025,Kolhapur,Cotton,Kharif,Alluvial,Rainfed,4.57,1567.4,24.9,62.3,6.49,25487.65,33985.97,19168.76,58094.03,25829.07,14059.38,2949.17,74.51,176624.86,219740.27,43115.42
4487,2020,Ahmednagar,Sugarcane,Annual,Alluvial,Canal,9.76,574.0,23.0,54.0,6.08,64547.01,99138.02,30547.77,119185.89,71267.54,32685.58,332125.95,2.47,417371.79,819757.49,402385.7
4488,2025,Solapur,Tomato,Rabi,Red,Borewell,6.26,439.0,25.4,73.6,6.35,32443.33,56878.93,25066.68,71156.77,37039.16,20964.6,59002.24,29.13,243549.47,1718527.56,1474978.08
4489,2023,Aurangabad,Cotton,Kharif,Black,Drip,11.24,457.8,25.2,47.3,6.0,54908.12,82434.96,48798.95,112011.48,53497.57,36028.4,8439.24,78.21,387679.48,659995.86,272316.39
4490,2025,Kolhapur,Onion,Rabi,Alluvial,Drip,5.03,1194.4,27.2,70.1,6.35,35058.11,37715.36,20773.73,57110.37,29228.71,16036.76,35837.44,31.89,195923.04,1142979.27,947056.22
4491,2022,Ahmednagar,Tomato,Rabi,Black,Canal,0.94,588.2,25.9,59.4,5.57,4459.95,7510.59,3566.83,9881.65,4793.02,2964.78,9793.37,28.12,33176.83,275424.88,242248.05
4492,2020,Ahmednagar,Sugarcane,Annual,Loamy,Canal,5.89,589.4,26.0,72.1,6.14,41872.96,54439.15,17605.26,67616.95,39366.51,23944.51,200538.66,3.43,244845.34,687442.71,442597.38
4493,2019,Pune,Rice,Kharif,Alluvial,Drip,4.69,786.5,25.0,57.8,6.43,13440.4,28070.15,12948.64,34839.67,19134.41,9684.19,13550.46,34.86,118117.47,472304.85,354187.38
4494,2022,Solapur,Onion,Rabi,Alluvial,Drip,11.25,665.9,24.5,57.2,7.1,66141.92,91184.26,36292.6,97642.34,60039.33,33999.13,101765.52,26.04,385299.58,2650369.95,2265070.37
4495,2024,Sangli,Rice,Kharif,Alluvial,Drip,8.7,619.2,27.3,43.6,7.53,33079.21,67594.27,30928.84,82388.65,45267.89,28088.2,26933.14,38.34,287347.06,1032615.05,745267.98
4496,2025,Pune,Onion,Rabi,Black,Drip,4.99,790.7,23.5,58.7,7.23,31593.35,39212.5,19643.09,49705.52,27354.52,15680.36,42743.69,26.99,183189.33,1153603.07,970413.73
4497,2021,Nashik,Sugarcane,Annual,Loamy,Rainfed,9.1,773.8,22.2,67.9,5.94,60488.59,85584.07,32030.32,131967.78,61073.42,34565.2,334024.17,3.18,405709.38,1063294.66,657585.28
4498,2025,Aurangabad,Cotton,Kharif,Loamy,Rainfed,3.84,646.2,29.0,71.1,5.36,20375.9,29711.81,17402.24,34981.7,18561.04,13410.1,2171.71,79.45,134442.8,172550.4,38107.6
4499,2022,Satara,Cotton,Kharif,Alluvial,Canal,10.42,1006.0,24.1,64.8,6.56,45238.8,62531.44,45305.19,103702.24,45485.25,34826.88,8096.17,69.22,337089.8,560402.51,223312.71
4500,2019,Aurangabad,Soybean,Kharif,Loamy,Borewell,2.78,681.0,28.7,63.3,7.23,7579.14,9819.58,4413.92,13413.1,3996.33,4132.01,2864.06,48.81,43354.09,139807.47,96453.38
4501,2025,Aurangabad,Rice,Kharif,Alluvial,Borewell,4.11,721.6,27.2,54.0,6.39,15306.18,32871.88,15565.12,39881.86,20256.91,11306.37,11861.48,29.16,135188.32,345870.47,210682.15
4502,2025,Sangli,Cotton,Kharif,Loamy,Drip,11.68,636.9,22.7,61.0,6.32,59741.75,80180.32,50683.44,135276.05,58645.14,40165.86,8242.0,84.8,424692.55,698957.11,274264.56
4503,2022,Satara,Tomato,Rabi,Black,Canal,11.49,821.5,26.2,57.7,7.38,50589.15,82164.46,50511.28,129285.84,57631.4,34499.34,107608.32,29.28,404681.48,3151270.5,2746589.02
4504,2023,Nashik,Cotton,Kharif,Alluvial,Rainfed,6.52,780.3,25.8,87.7,6.99,31725.93,46271.35,24231.0,58459.46,30190.63,21315.35,4329.66,79.49,212193.71,344149.85,131956.14
4505,2022,Ahmednagar,Wheat,Rabi,Loamy,Drip,10.5,800.7,24.1,42.0,6.63,31834.32,65696.22,28619.16,84355.69,30088.25,23255.37,30203.79,23.02,263849.0,695436.91,431587.91
4506,2025,Pune,Rice,Kharif,Alluvial,Canal,6.39,629.1,27.1,61.1,7.41,24354.76,58101.67,22407.99,63948.99,32304.86,14956.31,16994.4,36.4,216074.58,618520.29,402445.71
4507,2024,Aurangabad,Wheat,Rabi,Loamy,Rainfed,7.87,626.3,25.3,48.3,8.2,23283.74,53877.44,21436.17,58857.54,24427.99,18625.82,17886.31,32.04,200508.69,573150.51,372641.81
4508,2021,Satara,Cotton,Kharif,Loamy,Borewell,3.56,863.8,26.9,49.8,6.16,16017.18,21543.75,14282.67,38161.08,17092.72,10320.9,2778.26,77.51,117418.3,215334.52,97916.23
4509,2019,Solapur,Wheat,Rabi,Red,Drip,9.91,581.7,31.7,76.5,6.94,25561.48,54154.3,21155.18,60599.43,26435.5,16746.94,24033.75,25.78,204652.83,619574.07,414921.23
4510,2022,Kolhapur,Sugarcane,Annual,Red,Drip,2.94,1438.8,26.1,62.1,6.42,19518.82,26263.11,11127.27,41903.65,22576.62,11398.36,109466.28,3.65,132787.84,400092.11,267304.28
4511,2022,Sangli,Wheat,Rabi,Loamy,Drip,5.2,668.9,25.9,57.8,6.86,15292.84,33904.85,12724.67,39162.12,13497.79,11503.42,14360.55,29.22,126085.7,419685.96,293600.26
4512,2022,Sangli,Wheat,Rabi,Black,Drip,6.46,569.8,30.3,62.3,6.89,19310.51,36177.7,16050.03,47723.95,16110.55,12594.72,16146.17,20.36,147967.45,328688.06,180720.62
4513,2022,Ahmednagar,Maize,Kharif,Loamy,Borewell,6.21,564.9,22.9,77.0,6.66,17373.4,37751.66,15856.93,45055.25,23031.06,12580.7,20684.02,25.49,151649.01,527219.36,375570.35
4514,2023,Nashik,Cotton,Kharif,Black,Borewell,2.98,810.6,18.9,48.7,6.43,13343.04,20215.71,13529.47,31170.59,12807.47,9293.52,2120.13,63.15,100359.79,133888.43,33528.63
4515,2020,Solapur,Tomato,Rabi,Alluvial,Rainfed,0.76,626.2,25.2,56.7,5.72,3487.79,5260.38,3067.33,6970.97,3502.59,2247.26,6483.46,25.44,24536.32,164911.81,140375.49
4516,2025,Aurangabad,Tomato,Rabi,Red,Borewell,5.17,625.8,22.9,59.5,7.11,29540.9,47033.81,24299.3,65256.99,31173.69,17527.86,42758.81,28.21,214832.56,1206210.99,991378.44
4517,2024,Kolhapur,Soybean,Kharif,Red,Borewell,8.82,1562.7,25.9,59.2,6.56,28044.23,42480.71,19269.05,51837.27,19261.62,15747.18,9991.79,40.97,176640.06,409413.36,232773.29
4518,2024,Pune,Tomato,Rabi,Alluvial,Canal,10.07,810.1,23.3,52.1,6.42,50385.46,84127.81,40840.46,125314.64,61834.54,30265.83,114341.71,19.08,392768.73,2181271.85,1788503.12
4519,2023,Kolhapur,Wheat,Rabi,Red,Drip,10.35,1272.0,23.8,68.5,7.45,31592.63,61227.52,28472.58,72925.29,28025.76,24396.48,24312.38,32.33,246640.27,785980.16,539339.89
4520,2019,Aurangabad,Rice,Kharif,Alluvial,Borewell,5.05,854.7,28.4,68.8,7.39,16144.57,31860.73,15127.48,36466.23,19414.63,11279.58,18155.58,29.07,130293.21,527758.24,397465.03
4521,2024,Sangli,Rice,Kharif,Loamy,Rainfed,9.97,794.8,23.0,59.9,6.17,35053.23,79030.17,39700.38,94210.29,45145.94,27368.81,30856.45,27.79,320508.82,857616.89,537108.07
4522,2020,Sangli,Tomato,Rabi,Red,Rainfed,8.94,633.7,25.9,61.9,5.7,36982.15,54995.73,33350.98,91266.87,48561.41,24765.66,81818.22,27.67,289922.8,2264052.91,1974130.11
4523,2025,Sangli,Rice,Kharif,Red,Rainfed,2.21,638.9,27.2,66.2,7.35,7782.51,15575.58,7628.99,20317.78,10982.24,6837.32,5444.28,41.46,69124.42,225715.09,156590.67
4524,2025,Satara,Sugarcane,Annual,Red,Rainfed,3.99,822.1,23.6,63.8,6.59,31531.69,43518.35,17345.65,72701.03,27729.86,16602.57,108857.13,3.54,209429.15,385321.55,175892.4
4525,2019,Aurangabad,Maize,Kharif,Red,Borewell,11.4,756.2,23.2,58.2,7.23,28201.86,50186.84,17974.37,79105.69,29287.74,16794.55,35867.1,20.03,221551.04,718287.0,496735.97
4526,2025,Satara,Onion,Rabi,Red,Borewell,4.7,796.6,22.2,62.9,5.27,29659.64,35792.93,18163.59,48160.16,26873.92,15103.17,35307.19,25.15,173753.41,887971.32,714217.91
4527,2024,Aurangabad,Rice,Kharif,Black,Borewell,6.18,669.1,24.6,49.0,6.35,22061.25,39758.55,19134.06,59490.08,29101.93,16211.37,17340.13,28.06,185757.24,486527.2,300769.96
4528,2020,Kolhapur,Cotton,Kharif,Loamy,Canal,6.97,1670.6,26.2,69.1,5.88,30118.8,40500.73,28088.15,69178.28,30185.76,20451.13,5431.91,78.92,218522.84,428688.97,210166.13
4529,2020,Pune,Maize,Kharif,Red,Rainfed,2.73,710.6,22.1,51.8,7.69,6667.3,12746.91,5171.94,17384.69,7646.91,4898.45,6951.0,19.05,54516.19,132386.6,77870.41
4530,2021,Solapur,Soybean,Kharif,Black,Rainfed,0.83,554.6,24.1,57.2,6.54,2508.84,3319.21,1802.69,3398.73,1349.2,1272.55,1016.62,42.91,13651.22,43621.01,29969.79
4531,2025,Solapur,Cotton,Kharif,Loamy,Borewell,1.41,679.2,24.5,69.9,6.34,6902.04,9964.68,4852.38,16235.21,6521.27,4560.59,1224.2,68.55,49036.18,83924.87,34888.69
4532,2023,Sangli,Wheat,Rabi,Red,Rainfed,5.66,534.1,30.2,53.0,7.01,16891.16,39697.33,14323.65,44000.65,16138.97,13536.59,11112.37,23.11,144588.35,256793.11,112204.77
4533,2020,Aurangabad,Onion,Rabi,Black,Canal,6.76,797.1,26.4,69.8,7.16,39614.73,45188.16,23597.01,57262.16,38822.2,17219.66,58746.11,23.85,221703.91,1401008.0,1179304.08
4534,2021,Ahmednagar,Cotton,Kharif,Red,Canal,4.51,592.2,22.7,65.1,7.16,20939.27,29880.27,16967.75,43869.98,20655.89,12330.84,2923.18,66.99,144643.99,195826.49,51182.5
4535,2024,Pune,Soybean,Kharif,Red,Rainfed,8.56,667.8,24.9,57.8,6.23,30932.93,39354.78,16152.73,51770.45,18279.88,15571.85,8994.25,53.52,172062.62,481374.59,309311.97
4536,2022,Nashik,Sugarcane,Annual,Loamy,Rainfed,1.88,678.0,25.5,72.6,6.69,13805.93,20928.0,7220.32,25046.76,14314.68,7946.42,54786.45,3.25,89262.11,177892.13,88630.02
4537,2024,Sangli,Tomato,Rabi,Alluvial,Drip,1.02,559.0,24.8,70.1,6.98,5011.84,8309.45,4602.3,12713.88,5444.28,3342.34,9995.58,26.0,39424.09,259871.78,220447.69
4538,2024,Solapur,Rice,Kharif,Black,Rainfed,6.14,439.7,26.7,68.6,6.91,24124.35,46946.27,24290.07,55815.08,31229.53,16072.89,14032.9,32.57,198478.2,457033.6,258555.4
4539,2025,Kolhapur,Tomato,Rabi,Red,Rainfed,3.73,1313.8,25.5,61.4,6.37,17709.8,35700.9,16689.7,47860.19,24252.0,13339.55,26935.79,30.39,155552.14,818524.53,662972.38
4540,2020,Pune,Onion,Rabi,Loamy,Rainfed,1.32,665.0,23.6,41.1,7.08,7717.82,9429.2,4898.0,12386.88,6470.83,3579.82,8377.63,24.49,44482.55,205140.91,160658.36
4541,2019,Aurangabad,Rice,Kharif,Red,Borewell,1.26,660.3,26.1,62.3,6.8,3478.03,7583.32,3648.49,9349.4,4791.78,2637.42,3444.03,31.81,31488.44,109539.22,78050.78
4542,2022,Pune,Cotton,Kharif,Black,Drip,4.95,592.5,25.2,61.5,7.17,22359.28,27199.35,18171.83,47689.85,24638.76,15323.12,3854.41,71.56,155382.19,275837.31,120455.12
4543,2023,Pune,Wheat,Rabi,Black,Borewell,7.18,640.6,25.1,65.0,7.22,20889.88,43017.29,19074.3,56110.95,17831.42,14837.75,18646.89,24.88,171761.6,463949.4,292187.8
4544,2020,Sangli,Maize,Kharif,Red,Borewell,11.79,822.3,27.8,52.0,7.08,28985.83,60854.65,22874.77,75519.64,37454.54,20327.72,36675.85,21.14,246017.15,775399.27,529382.12
4545,2025,Kolhapur,Maize,Kharif,Alluvial,Canal,1.42,1542.3,25.9,52.6,6.44,3889.57,8244.38,3908.81,10633.21,5014.86,2927.05,4444.72,21.45,34617.87,95331.28,60713.41
4546,2022,Pune,Wheat,Rabi,Red,Canal,5.85,767.1,25.7,58.9,6.98,18603.34,31921.4,14265.51,46614.88,16625.51,9750.95,14859.06,21.92,137781.59,325770.07,187988.48
4547,2024,Aurangabad,Maize,Kharif,Alluvial,Rainfed,9.19,844.6,26.0,55.4,6.38,27958.09,52551.92,23153.44,73328.02,28297.83,19853.18,31136.18,27.36,225142.48,851827.09,626684.6
4548,2023,Sangli,Rice,Kharif,Black,Borewell,4.73,432.6,25.5,63.8,6.68,15567.97,33722.73,13165.85,42301.21,20856.25,11061.0,14593.1,38.38,136675.01,560117.58,423442.57
4549,2025,Sangli,Rice,Kharif,Black,Drip,6.54,614.3,28.5,63.5,7.03,25058.71,53878.32,25907.9,59113.4,29895.29,20586.6,18689.33,32.89,214440.21,614704.85,400264.63
4550,2022,Sangli,Sugarcane,Annual,Red,Rainfed,0.55,683.7,28.9,51.5,6.7,3658.7,5940.22,1945.85,7448.94,3604.9,1947.48,18737.81,2.93,24546.1,54847.81,30301.71
4551,2025,Ahmednagar,Wheat,Rabi,Black,Drip,7.37,569.0,31.4,52.4,6.86,22755.06,50129.3,20224.31,56879.43,21625.17,18341.97,16770.22,29.2,189955.24,489700.39,299745.14
4552,2019,Aurangabad,Rice,Kharif,Red,Borewell,11.47,588.4,23.9,48.8,6.92,32065.59,65001.6,28920.99,81812.17,47511.08,23858.68,30102.28,31.75,279170.11,955620.59,676450.47
4553,2021,Kolhapur,Soybean,Kharif,Alluvial,Drip,6.58,1418.6,28.1,63.3,6.55,20004.13,25993.61,11730.14,30016.6,12090.34,10784.91,6865.37,43.8,110619.74,300689.68,190069.94
4554,2024,Sangli,Onion,Rabi,Red,Canal,4.18,575.0,30.7,68.1,7.04,28375.69,39841.87,19616.75,40031.51,22692.24,11584.05,26358.93,23.2,162142.12,611611.9,449469.79
4555,2019,Aurangabad,Onion,Rabi,Black,Drip,10.85,537.7,27.9,72.2,6.83,54214.61,71116.62,36805.06,88759.01,51960.34,27494.38,83367.53,24.43,330350.03,2036821.9,1706471.88
4556,2025,Kolhapur,Wheat,Rabi,Red,Canal,6.36,1582.8,25.7,68.6,6.75,22198.31,40240.47,17585.8,46747.17,20589.12,15783.03,16600.76,32.46,163143.91,538858.12,375714.21
4557,2020,Solapur,Maize,Kharif,Loamy,Rainfed,5.2,351.7,28.0,74.9,7.36,12290.72,28869.71,9806.0,32199.02,14069.89,8328.17,12968.91,24.42,105563.51,316637.91,211074.4
4558,2020,Ahmednagar,Rice,Kharif,Loamy,Canal,2.7,597.3,24.7,68.5,6.31,9228.57,18499.32,7966.47,18692.91,9543.44,6523.81,7851.13,33.32,70454.52,261628.81,191174.29
4559,2020,Pune,Soybean,Kharif,Alluvial,Borewell,6.92,589.0,23.5,65.9,6.29,21739.39,26786.12,12239.51,29161.73,12653.93,11864.33,7669.28,36.36,114445.0,278871.62,164426.62
4560,2020,Pune,Tomato,Rabi,Loamy,Borewell,7.97,649.2,23.9,70.0,6.28,32830.2,55498.45,32330.43,72988.23,37303.52,22306.29,81774.87,18.93,253257.12,1547672.47,1294415.35
4561,2025,Ahmednagar,Wheat,Rabi,Alluvial,Drip,0.74,691.2,25.1,60.5,7.72,2537.62,5065.55,2156.04,6562.86,2041.34,1820.78,1613.14,31.6,20184.19,50978.01,30793.82
4562,2020,Solapur,Tomato,Rabi,Alluvial,Rainfed,10.49,624.2,26.3,47.0,7.86,43921.85,75536.95,38766.36,104691.18,49871.4,30078.08,106218.41,21.06,342865.82,2236803.37,1893937.55
4563,2020,Solapur,Onion,Rabi,Loamy,Canal,6.54,599.7,22.9,72.3,6.15,33772.1,46136.36,22058.22,58137.85,28506.93,15489.42,47607.65,23.4,204100.87,1113887.99,909787.12
4564,2025,Aurangabad,Rice,Kharif,Alluvial,Canal,11.32,613.4,28.9,67.2,6.32,39877.98,91053.68,39681.42,110520.33,47193.14,30302.46,30373.41,30.01,358629.02,911445.13,552816.12
4565,2025,Satara,Wheat,Rabi,Loamy,Canal,1.07,877.9,23.1,56.5,7.0,3844.3,6916.19,3366.52,8631.93,3394.49,2326.46,2687.41,32.0,28479.89,85984.4,57504.51
4566,2021,Nashik,Maize,Kharif,Loamy,Borewell,10.65,685.4,23.1,78.8,5.99,25563.1,61032.85,20958.91,71071.13,29769.57,18423.34,38151.87,21.68,226818.89,826980.98,600162.09
4567,2021,Solapur,Soybean,Kharif,Loamy,Borewell,0.74,621.7,27.8,54.9,6.23,2309.98,2864.63,1234.7,3530.36,1454.22,1103.12,912.13,43.14,12497.01,39353.39,26856.38
4568,2020,Satara,Maize,Kharif,Red,Borewell,8.85,984.3,20.6,72.6,7.97,20859.97,39802.84,19489.12,54834.85,23292.48,17187.3,27427.54,19.3,175466.56,529240.32,353773.76
4569,2022,Sangli,Wheat,Rabi,Loamy,Borewell,6.4,623.2,27.1,50.6,6.79,18371.14,42289.53,15419.92,45929.7,17738.58,9380.8,16062.26,25.17,149129.67,404246.2,255116.53
4570,2020,Nashik,Cotton,Kharif,Alluvial,Canal,5.55,664.6,20.2,84.5,6.95,24139.72,34155.39,19810.52,51521.39,27096.87,16403.92,4014.16,68.3,173127.81,274177.66,101049.85
4571,2020,Ahmednagar,Sugarcane,Annual,Black,Canal,6.17,720.2,26.2,61.1,6.79,36313.57,61726.73,22295.4,88815.02,42957.41,21619.96,263501.84,3.22,273728.09,849292.71,575564.62
4572,2020,Sangli,Maize,Kharif,Red,Borewell,8.09,510.4,27.3,58.1,5.83,20838.37,43987.32,14992.58,50537.98,22709.87,12913.7,22015.48,18.8,165979.82,413919.44,247939.61
4573,2022,Pune,Maize,Kharif,Loamy,Borewell,1.07,766.4,25.0,66.2,7.5,2867.06,5588.46,2226.47,7736.89,3780.74,2091.21,4096.76,23.37,24290.81,95736.42,71445.61
4574,2023,Aurangabad,Rice,Kharif,Loamy,Drip,9.39,701.6,25.4,72.5,6.46,29459.4,62753.56,33017.49,80686.75,39504.35,23530.93,26010.2,36.34,268952.48,945125.95,676173.47
4575,2022,Solapur,Soybean,Kharif,Red,Drip,7.53,551.9,27.3,53.6,6.62,23727.4,31667.62,16178.85,34073.15,14830.42,9900.81,9280.26,37.68,130378.26,349680.68,219302.42
4576,2025,Solapur,Soybean,Kharif,Loamy,Borewell,3.55,504.6,28.2,53.3,8.2,12570.54,15586.57,8141.38,19054.97,7064.0,5770.8,3953.1,53.14,68188.26,210065.38,141877.12
4577,2022,Aurangabad,Sugarcane,Annual,Red,Canal,1.9,664.3,28.0,61.5,7.18,12254.57,19775.33,6792.71,25976.14,14181.52,7799.25,70020.41,2.59,86779.53,181059.78,94280.25
4578,2021,Pune,Tomato,Rabi,Black,Drip,5.34,812.7,23.5,73.1,7.03,24055.0,41111.27,18579.17,55573.74,25868.88,14784.82,60198.49,23.08,179972.88,1389361.93,1209389.06
4579,2019,Ahmednagar,Cotton,Kharif,Alluvial,Drip,10.4,637.6,25.7,72.0,5.58,40827.91,53427.74,34519.99,86588.54,44396.19,24950.58,8527.07,71.59,284710.95,610438.49,325727.54
4580,2020,Solapur,Rice,Kharif,Red,Rainfed,6.86,695.4,23.0,54.7,6.05,20870.58,43872.23,19042.2,47879.27,26743.0,14127.29,17829.82,23.16,172534.57,412934.93,240400.37
4581,2022,Ahmednagar,Maize,Kharif,Black,Rainfed,3.08,579.1,25.2,66.5,5.98,8770.44,17082.23,7686.05,17530.55,9332.02,5555.85,7840.59,19.78,65957.14,155061.39,89104.25
4582,2021,Nashik,Wheat,Rabi,Alluvial,Rainfed,9.4,603.6,23.6,61.2,6.42,25546.9,58748.45,23273.21,72029.16,21649.56,19959.52,23420.07,30.82,221206.81,721870.84,500664.03
4583,2020,Sangli,Sugarcane,Annual,Black,Canal,9.63,556.9,23.8,55.0,6.06,64189.62,87870.42,33388.66,122627.0,65297.8,35045.06,357453.74,3.53,408418.57,1261075.15,852656.58
4584,2025,Pune,Soybean,Kharif,Alluvial,Rainfed,4.06,712.7,23.4,74.4,6.15,12295.8,20005.59,8534.61,21590.65,8616.02,8472.62,4045.24,59.82,79515.29,241979.29,162464.01
4585,2019,Kolhapur,Soybean,Kharif,Black,Drip,5.59,1390.4,21.6,57.9,6.3,15613.06,20389.23,7969.39,24278.85,10061.39,7737.23,6179.44,35.14,86049.15,217134.44,131085.29
4586,2020,Solapur,Sugarcane,Annual,Loamy,Drip,4.4,525.2,26.4,46.2,6.61,28288.46,34465.04,14882.99,57910.64,26667.34,14708.29,166057.72,3.35,176922.76,556485.52,379562.76
4587,2024,Sangli,Wheat,Rabi,Alluvial,Borewell,5.93,704.0,29.1,60.3,6.34,19530.55,39111.93,14470.32,43571.77,15782.53,14802.18,15030.16,29.97,147269.27,450519.74,303250.47
4588,2024,Ahmednagar,Cotton,Kharif,Red,Canal,6.23,640.3,28.2,57.0,7.28,31913.48,41507.82,29061.66,71653.37,34499.67,20498.31,4582.48,74.82,229134.3,342848.21,113713.91
4589,2023,Solapur,Wheat,Rabi,Red,Rainfed,0.86,392.4,25.1,74.8,7.21,2587.07,5181.14,2370.64,7012.22,2541.61,1931.43,1688.33,30.62,21624.11,51696.2,30072.09
4590,2021,Satara,Maize,Kharif,Red,Rainfed,6.41,1109.0,21.7,41.5,6.41,16328.79,39383.99,16138.91,38741.49,18491.85,12069.39,16218.12,22.41,141154.43,363515.14,222360.71
4591,2022,Sangli,Sugarcane,Annual,Black,Canal,2.01,644.3,25.7,50.4,6.02,14978.24,20225.01,8578.95,25508.53,13404.48,7880.13,75975.28,3.38,90575.34,256722.35,166147.02
4592,2023,Ahmednagar,Tomato,Rabi,Black,Canal,9.52,742.5,26.6,78.8,5.64,44615.79,80543.01,45530.16,103542.94,55329.67,32580.5,98196.95,27.78,362142.07,2727935.19,2365793.12
4593,2019,Ahmednagar,Tomato,Rabi,Black,Borewell,4.46,406.7,29.1,60.8,7.66,18985.18,30884.58,18488.26,38757.27,20776.63,11045.34,43495.3,21.44,138937.26,932656.7,793719.44
4594,2024,Satara,Onion,Rabi,Black,Borewell,7.53,970.7,24.7,60.8,6.34,48504.79,63402.88,30460.69,79840.34,41087.27,21265.63,62898.17,25.01,284561.6,1573229.89,1288668.29
4595,2019,Sangli,Tomato,Rabi,Loamy,Canal,3.09,601.0,23.2,68.4,6.59,13361.94,19378.35,11656.59,26849.15,14880.68,6856.99,30557.43,17.01,92983.69,519912.96,426929.27
4596,2025,Ahmednagar,Sugarcane,Annual,Alluvial,Rainfed,8.43,555.6,26.8,61.6,7.34,66732.36,94233.27,27084.49,121456.98,66172.36,37636.93,252138.37,3.3,413316.39,832385.88,419069.49
4597,2025,Satara,Cotton,Kharif,Alluvial,Borewell,2.81,958.7,25.9,64.2,8.2,15249.48,18982.96,13429.9,32281.95,12762.26,8592.49,2091.23,74.78,101299.04,156381.61,55082.57
4598,2024,Nashik,Cotton,Kharif,Red,Canal,7.32,659.2,21.1,66.8,6.46,36933.51,46743.37,30038.94,90439.66,43976.68,20503.39,5009.54,84.5,268635.55,423313.26,154677.71
4599,2024,Nashik,Soybean,Kharif,Red,Borewell,4.18,811.8,25.6,67.1,6.06,15370.29,19058.97,8118.61,24289.39,10024.63,7326.1,4820.61,43.46,84187.99,209485.67,125297.68
4600,2019,Sangli,Onion,Rabi,Black,Rainfed,7.69,732.1,31.2,68.0,7.04,37318.77,47720.35,23581.49,64098.78,35460.98,17906.02,50597.48,21.2,226086.39,1072535.07,846448.68
4601,2022,Aurangabad,Sugarcane,Annual,Red,Drip,1.69,650.1,24.6,49.2,6.77,12387.44,16420.81,6086.53,24274.21,12573.46,6844.36,61932.94,3.41,78586.81,211333.79,132746.99
4602,2021,Aurangabad,Rice,Kharif,Black,Drip,9.78,710.8,26.0,56.8,6.12,32736.82,66746.25,26639.24,62968.45,40688.93,20011.68,31649.2,32.49,249791.37,1028264.85,778473.48
4603,2025,Nashik,Tomato,Rabi,Red,Rainfed,6.61,644.4,24.4,57.9,5.39,34067.61,59648.05,25634.88,75108.89,42026.42,17932.59,53505.63,29.68,254418.44,1588096.46,1333678.02
4604,2025,Solapur,Maize,Kharif,Black,Drip,4.85,539.0,25.3,57.5,6.19,13138.25,31271.77,12358.57,37163.12,16482.18,10860.74,15267.6,24.96,121274.61,381037.25,259762.64
4605,2020,Satara,Sugarcane,Annual,Loamy,Rainfed,9.0,835.5,27.6,50.0,6.88,66631.37,82187.28,28238.27,107128.32,58947.61,33204.39,284237.5,3.11,376337.24,885073.55,508736.31
4606,2024,Kolhapur,Soybean,Kharif,Red,Canal,6.62,1586.4,28.2,60.2,5.43,21185.52,28454.32,13717.63,34876.5,14496.16,11265.65,8075.07,52.23,123995.79,421792.82,297797.03
4607,2025,Kolhapur,Cotton,Kharif,Loamy,Canal,1.96,1471.3,26.7,90.0,6.06,10357.61,13431.59,8409.05,22204.11,10619.12,6666.34,1448.36,82.43,71687.82,119382.15,47694.33
4608,2022,Kolhapur,Wheat,Rabi,Loamy,Rainfed,4.89,1542.5,23.4,48.7,7.05,14924.72,28595.72,13049.2,40694.77,14951.26,9335.77,11850.08,37.1,121551.44,439620.71,318069.27
4609,2025,Sangli,Sugarcane,Annual,Red,Drip,3.43,784.5,28.5,69.4,6.26,28075.59,35786.92,12673.54,52699.0,27877.03,16305.96,123992.18,3.62,173418.04,449335.75,275917.71
4610,2019,Nashik,Onion,Rabi,Loamy,Borewell,5.45,738.6,24.3,78.8,6.9,28616.37,32372.79,17669.4,47295.1,25936.41,13887.76,43913.28,18.48,165777.83,811508.46,645730.62
4611,2025,Nashik,Onion,Rabi,Black,Borewell,4.27,656.7,23.3,79.5,7.77,28375.21,35343.33,19120.3,44651.88,21797.43,13511.84,32440.83,28.52,162799.99,925266.23,762466.23
4612,2019,Solapur,Wheat,Rabi,Loamy,Drip,10.56,636.6,26.8,65.4,7.22,28522.36,58964.6,27302.97,69030.71,21087.82,16299.99,26948.03,22.91,221208.45,617458.76,396250.32
4613,2019,Solapur,Maize,Kharif,Alluvial,Canal,11.55,567.6,27.8,70.1,6.77,27480.44,58686.31,18429.45,74364.23,29570.44,18404.39,36004.55,23.99,226935.25,863861.69,636926.43
4614,2021,Satara,Tomato,Rabi,Black,Rainfed,2.1,782.0,22.3,50.6,6.09,9946.67,14312.39,8205.92,19845.89,9852.25,5431.43,15786.42,28.57,67594.54,451045.16,383450.62
4615,2021,Pune,Onion,Rabi,Alluvial,Rainfed,10.83,544.4,23.4,50.3,6.21,57854.66,81878.68,36301.57,91249.81,50552.35,28798.37,64385.07,21.03,346635.43,1354154.56,1007519.13
4616,2025,Solapur,Rice,Kharif,Loamy,Canal,7.9,506.4,23.9,62.6,7.06,31652.09,63558.96,28174.4,67771.83,40479.85,25044.26,18566.23,32.58,256681.4,604845.26,348163.86
4617,2024,Sangli,Cotton,Kharif,Alluvial,Drip,6.65,612.8,29.0,65.1,7.16,35100.28,48328.48,32397.58,64872.36,38706.11,20620.58,4124.09,77.46,240025.39,319433.84,79408.45
4618,2019,Sangli,Rice,Kharif,Loamy,Borewell,8.85,633.3,30.5,63.3,5.67,25507.33,61744.51,23168.08,64212.85,32627.6,21961.55,24213.81,33.3,229221.92,806211.7,576989.79
4619,2021,Pune,Wheat,Rabi,Black,Drip,1.46,752.0,26.4,64.1,7.05,4261.71,9204.88,3941.29,10374.48,3461.77,3172.6,4071.34,18.96,34416.73,77196.62,42779.89
4620,2021,Kolhapur,Wheat,Rabi,Alluvial,Rainfed,9.71,1232.2,26.5,52.4,5.93,24862.11,55819.65,22077.81,61472.8,30237.53,18241.15,18923.07,27.48,212711.05,520073.18,307362.13
4621,2025,Pune,Cotton,Kharif,Red,Drip,8.84,669.1,28.4,72.8,7.49,49552.59,64469.76,44318.35,77453.39,43023.69,25737.28,6176.88,70.53,304555.06,435680.48,131125.42
4622,2025,Nashik,Maize,Kharif,Black,Drip,0.88,764.9,24.6,63.2,7.13,2817.41,5537.47,2361.43,6542.19,3014.51,1996.81,2871.01,26.43,22269.81,75889.31,53619.5
4623,2025,Sangli,Tomato,Rabi,Red,Rainfed,0.67,808.8,28.0,63.0,5.97,3341.15,6684.15,3242.81,7239.95,4067.42,2560.49,6252.59,27.9,27135.96,174452.23,147316.27
4624,2025,Solapur,Soybean,Kharif,Loamy,Canal,9.81,607.5,25.7,74.8,6.05,32437.17,44276.12,23333.44,55597.05,19619.22,17907.53,12040.22,47.01,193170.54,566016.95,372846.42
4625,2023,Aurangabad,Wheat,Rabi,Black,Drip,7.72,670.5,24.1,61.9,8.07,24575.96,47929.45,21723.16,59579.7,18727.73,14640.64,22765.51,26.65,187176.64,606760.21,419583.57
4626,2020,Solapur,Tomato,Rabi,Alluvial,Rainfed,6.58,567.1,26.4,60.6,6.61,29010.79,49590.82,24280.76,65060.34,33996.02,21123.9,55897.83,24.08,223062.62,1346070.1,1123007.48
4627,2024,Kolhapur,Tomato,Rabi,Loamy,Drip,5.19,1578.2,23.3,57.7,8.2,27047.86,45496.7,23434.28,58881.21,30542.26,17363.7,65017.28,31.04,202766.01,2017870.05,1815104.04
4628,2021,Satara,Soybean,Kharif,Loamy,Drip,10.02,881.9,25.9,65.3,5.7,28141.79,42156.65,17524.11,49320.09,21793.08,17423.51,11312.06,42.41,176359.23,479712.83,303353.6
4629,2020,Pune,Soybean,Kharif,Loamy,Canal,4.39,684.8,23.8,72.3,6.12,12131.46,15974.29,8848.43,17814.65,7640.28,7314.73,4954.74,42.43,69723.84,210229.08,140505.23
4630,2023,Pune,Cotton,Kharif,Black,Borewell,2.09,814.0,24.1,78.2,6.41,9943.47,14282.1,8983.6,23772.15,10246.77,7063.77,1698.28,76.67,74291.86,130215.33,55923.47
4631,2023,Pune,Sugarcane,Annual,Loamy,Rainfed,2.95,794.0,23.5,74.2,7.38,19750.19,29221.35,11050.82,39761.2,21776.28,12992.88,96167.07,3.96,134552.73,381060.06,246507.33
4632,2024,Pune,Maize,Kharif,Black,Rainfed,9.08,590.0,26.3,50.1,6.7,27831.29,55278.83,20551.61,60556.46,29342.24,20126.07,25568.24,29.3,213686.51,749158.98,535472.47
4633,2019,Satara,Cotton,Kharif,Black,Drip,10.27,806.2,22.0,58.1,7.02,44700.88,57334.42,40220.22,88091.46,42941.47,28576.62,6949.67,59.31,301865.09,412198.55,110333.47
4634,2022,Sangli,Maize,Kharif,Black,Rainfed,1.05,496.0,25.4,59.7,6.73,3066.19,6214.59,2248.89,6453.23,3045.86,1981.69,2580.23,18.91,23010.44,48791.68,25781.24
4635,2023,Kolhapur,Onion,Rabi,Alluvial,Rainfed,8.2,1505.4,24.3,67.2,6.59,48207.0,63339.67,34967.56,79881.17,47136.49,26500.13,66514.28,22.83,300032.02,1518300.76,1218268.74
4636,2025,Ahmednagar,Onion,Rabi,Loamy,Drip,3.27,566.0,25.4,66.8,6.8,19285.76,30330.67,14062.05,27675.87,18792.29,11879.48,21911.21,26.72,122026.12,585430.46,463404.35
4637,2019,Nashik,Maize,Kharif,Loamy,Rainfed,3.76,505.1,24.1,43.4,6.38,8016.58,18379.44,7651.06,21002.15,10032.74,7320.27,10227.08,22.27,72402.24,227786.49,155384.25
4638,2025,Aurangabad,Cotton,Kharif,Red,Drip,2.31,699.7,26.6,50.7,6.78,11822.37,16115.99,8916.45,21849.86,14301.19,7752.61,1682.88,73.79,80758.47,124177.26,43418.79
4639,2020,Solapur,Wheat,Rabi,Loamy,Rainfed,3.26,628.0,27.8,78.5,6.89,8246.56,18306.9,6821.88,23457.56,7863.0,5130.01,7241.88,30.11,69825.9,218060.99,148235.09
4640,2021,Aurangabad,Sugarcane,Annual,Alluvial,Canal,10.77,725.2,26.8,68.6,7.58,64589.74,92441.37,38986.59,145534.55,72833.17,40194.23,382482.69,2.78,454579.64,1063917.34,609337.69
4641,2024,Aurangabad,Cotton,Kharif,Black,Drip,1.23,898.0,23.4,65.0,8.08,6601.07,7989.96,4904.91,12106.47,6375.08,4491.69,1045.99,81.86,42469.18,85626.06,43156.88
4642,2022,Nashik,Soybean,Kharif,Black,Canal,1.19,591.1,25.0,71.5,6.17,3498.99,4465.16,2353.05,6139.27,2018.88,2358.02,1424.39,43.03,20833.37,61289.41,40456.04
4643,2025,Nashik,Tomato,Rabi,Alluvial,Drip,10.33,816.1,25.4,42.5,6.08,62292.6,97582.79,47072.52,129859.82,56999.15,35306.96,124168.62,28.91,429113.85,3589563.72,3160449.88
4644,2025,Sangli,Cotton,Kharif,Loamy,Borewell,11.37,310.1,27.7,77.7,6.72,56928.26,79736.62,53269.69,160001.86,59241.58,39231.61,6563.07,61.86,448409.62,405981.37,-42428.25
4645,2025,Ahmednagar,Tomato,Rabi,Loamy,Drip,5.5,538.8,21.8,60.4,6.72,29083.09,46645.62,23605.25,58411.0,29347.41,18964.29,57165.72,29.61,206056.66,1692613.37,1486556.71
4646,2024,Solapur,Soybean,Kharif,Loamy,Rainfed,5.46,530.3,28.8,54.0,7.63,18697.64,23800.8,12066.36,29304.08,8462.02,9673.15,5566.81,50.32,102004.05,280131.23,178127.18
4647,2019,Satara,Onion,Rabi,Red,Borewell,4.28,940.1,23.7,77.6,6.41,22380.99,29111.2,12762.48,37928.08,21125.77,11936.33,31266.55,18.65,135244.85,583028.01,447783.15
4648,2019,Kolhapur,Rice,Kharif,Red,Canal,1.98,1750.7,24.2,63.5,6.36,6447.91,12108.83,5413.47,16161.02,6763.64,4384.96,6241.62,26.8,51279.83,167274.29,115994.47
4649,2019,Aurangabad,Sugarcane,Annual,Red,Borewell,1.75,531.6,22.2,78.1,6.46,10612.04,15405.81,5672.67,22497.26,11630.55,6114.06,56338.4,3.35,71932.39,188674.03,116741.64
4650,2021,Pune,Tomato,Rabi,Black,Borewell,4.47,710.9,26.1,74.5,6.54,20623.93,33182.16,18147.12,48246.01,22577.17,13173.93,44878.85,24.63,155950.32,1105322.73,949372.42
4651,2022,Pune,Soybean,Kharif,Loamy,Drip,4.73,770.2,20.9,72.1,6.6,14469.75,20272.3,9391.25,20003.01,8626.01,8965.98,5859.46,50.77,81728.3,297481.48,215753.18
4652,2021,Pune,Tomato,Rabi,Black,Drip,2.47,666.2,23.6,69.4,6.2,12389.31,18034.08,10661.2,25958.53,12232.86,8107.69,29652.09,26.64,87383.68,789836.6,702452.92
4653,2021,Sangli,Rice,Kharif,Black,Rainfed,8.29,570.1,25.2,62.0,6.34,27557.08,58538.48,27739.2,70558.22,34745.51,18584.54,20960.79,36.11,237723.04,756918.52,519195.49
4654,2023,Satara,Wheat,Rabi,Black,Rainfed,1.87,948.4,26.2,60.7,7.2,5939.81,12437.35,4809.8,14745.96,5047.43,4158.22,4298.75,18.25,47138.56,78442.79,31304.23
4655,2025,Pune,Maize,Kharif,Red,Rainfed,7.16,665.8,24.5,61.6,6.5,20023.59,45567.12,19809.45,59120.26,27512.89,15297.4,19183.09,21.68,187330.71,415952.76,228622.05
4656,2020,Solapur,Maize,Kharif,Black,Canal,1.78,421.3,29.3,68.6,6.0,4568.86,9477.01,3237.46,11219.62,5057.3,3313.96,4879.02,25.48,36874.21,124303.87,87429.66
4657,2024,Ahmednagar,Onion,Rabi,Red,Borewell,1.71,506.6,24.0,74.5,6.89,10642.51,13546.63,5746.32,18863.87,9934.73,5313.88,12259.19,22.95,64047.95,281310.64,217262.7
4658,2024,Aurangabad,Onion,Rabi,Alluvial,Drip,11.62,647.2,23.0,66.3,7.77,69883.06,89728.41,48841.23,132135.33,66784.89,30263.5,94278.12,30.91,437636.42,2913949.85,2476313.43
4659,2022,Ahmednagar,Rice,Kharif,Black,Rainfed,11.58,561.8,27.8,67.9,6.51,37018.94,91192.16,38226.99,110197.18,58373.13,33258.56,28365.15,30.33,368266.96,860402.47,492135.51
4660,2020,Pune,Tomato,Rabi,Loamy,Canal,6.4,819.4,25.2,64.1,7.35,28891.83,48957.23,26273.25,65211.56,29915.24,18080.35,72132.6,22.3,217329.46,1608357.54,1391028.07
4661,2024,Kolhapur,Sugarcane,Annual,Alluvial,Canal,10.1,1497.9,24.1,67.3,6.68,81364.54,111248.02,30089.5,123109.34,90536.15,38982.6,382523.25,2.79,475330.15,1066091.18,590761.03
4662,2019,Ahmednagar,Cotton,Kharif,Alluvial,Canal,11.2,573.4,21.6,78.3,6.66,48075.18,69529.84,36949.01,88588.07,46338.17,30424.6,9204.06,72.39,319904.87,666271.46,346366.58
4663,2021,Kolhapur,Cotton,Kharif,Red,Rainfed,7.72,1289.3,25.2,71.3,6.49,39686.42,41165.15,28710.96,75296.36,41262.68,17984.09,3962.06,70.06,244105.67,277583.34,33477.67
4664,2024,Pune,Rice,Kharif,Black,Borewell,2.92,663.8,22.4,51.8,7.46,9566.09,20558.47,9190.67,26676.52,13983.65,7017.25,8035.45,34.91,86992.64,280531.54,193538.89
4665,2023,Solapur,Onion,Rabi,Red,Canal,0.65,693.1,24.2,71.7,7.19,3814.14,4835.78,2569.47,7106.7,3363.63,1838.9,5284.61,24.46,23528.62,129276.4,105747.78
4666,2022,Solapur,Cotton,Kharif,Loamy,Drip,3.26,540.6,25.4,71.4,7.47,16920.36,22116.62,12378.55,36548.12,14008.89,9249.53,2320.93,61.75,111222.06,143320.56,32098.5
4667,2020,Solapur,Maize,Kharif,Black,Borewell,9.14,496.5,26.2,49.4,6.69,21181.69,44249.88,18207.03,58878.88,24340.61,15727.46,30174.87,24.57,182585.56,741286.48,558700.92
4668,2021,Pune,Sugarcane,Annual,Loamy,Borewell,9.03,866.6,24.2,58.8,6.5,60384.22,85761.04,30427.55,119061.59,55728.78,36605.76,364669.98,3.58,387968.95,1305208.44,917239.49
4669,2025,Satara,Wheat,Rabi,Loamy,Rainfed,2.85,1092.3,25.7,49.6,6.33,9444.06,19578.02,8673.19,24281.46,9739.45,7478.92,6634.36,35.72,79195.1,236955.26,157760.16
4670,2021,Ahmednagar,Tomato,Rabi,Loamy,Rainfed,9.52,688.4,22.8,59.5,8.2,44393.83,70367.4,39906.72,100145.96,53509.82,27012.37,74364.19,27.9,335336.11,2074879.09,1739542.99
4671,2021,Pune,Sugarcane,Annual,Loamy,Drip,2.86,750.3,25.7,72.0,6.5,21082.19,25818.46,10204.0,37892.16,17949.9,12274.52,105298.63,3.28,125221.23,345471.81,220250.58
4672,2019,Sangli,Tomato,Rabi,Red,Drip,9.05,681.7,27.3,71.4,6.67,39640.36,56102.59,32231.91,88209.89,40164.49,25562.16,96911.17,17.87,281911.41,1731975.93,1450064.52
4673,2021,Nashik,Onion,Rabi,Alluvial,Rainfed,9.08,695.5,27.0,71.5,6.27,49099.72,66793.47,34538.27,79514.09,39933.67,23822.99,65971.56,27.55,293702.21,1817645.99,1523943.78
4674,2020,Solapur,Rice,Kharif,Black,Rainfed,9.69,706.6,32.2,70.4,7.07,33762.98,66685.04,27308.57,85053.44,38817.25,23483.58,24326.96,28.78,275110.86,700083.5,424972.64
4675,2024,Satara,Sugarcane,Annual,Black,Borewell,3.65,901.2,23.7,58.6,6.55,26191.19,34607.11,13078.48,51875.06,29039.09,16003.4,153779.35,3.36,170794.34,516352.59,345558.25
4676,2021,Nashik,Sugarcane,Annual,Loamy,Rainfed,9.69,712.5,22.9,73.6,6.61,64243.25,92754.72,34866.58,122782.21,68784.67,36219.09,313687.16,3.46,419650.52,1086813.59,667163.07
4677,2023,Aurangabad,Onion,Rabi,Black,Canal,0.96,644.6,28.5,66.8,6.37,5363.85,7410.22,4131.41,9623.36,5009.86,2956.16,8480.6,25.48,34494.86,216119.21,181624.34
4678,2021,Ahmednagar,Maize,Kharif,Alluvial,Rainfed,9.47,516.5,23.4,54.7,6.52,25026.11,53444.56,23002.03,74790.55,27039.46,18843.91,26004.94,23.29,222146.63,605600.9,383454.27
4679,2023,Satara,Soybean,Kharif,Alluvial,Canal,8.53,947.8,24.1,63.0,6.52,26763.27,39115.06,18459.86,46288.21,17433.38,14236.19,12088.76,51.04,162295.97,617052.87,454756.91
4680,2019,Kolhapur,Sugarcane,Annual,Loamy,Canal,0.91,1452.6,24.7,79.2,6.83,5740.46,7148.75,3160.43,11040.53,5819.55,3107.5,33658.88,2.4,36017.21,80812.99,44795.78
4681,2019,Satara,Onion,Rabi,Alluvial,Borewell,6.6,915.2,28.0,70.4,7.05,35111.19,43265.94,23435.41,67034.82,27029.06,18657.49,48066.26,21.89,214533.91,1052157.62,837623.71
4682,2024,Solapur,Wheat,Rabi,Loamy,Rainfed,5.34,639.0,28.5,57.5,6.54,17288.29,33814.04,13923.05,39745.67,14799.09,12277.47,12047.77,26.72,131847.61,321886.27,190038.66
4683,2022,Sangli,Rice,Kharif,Alluvial,Borewell,9.51,626.9,25.8,62.0,6.03,31263.2,60757.04,30875.27,85639.18,41477.92,21881.67,26597.66,30.62,271894.29,814475.98,542581.69
4684,2021,Sangli,Soybean,Kharif,Loamy,Rainfed,8.48,665.7,28.8,53.2,5.52,26370.63,32210.36,15095.52,40212.5,17022.08,12190.17,9890.24,42.51,143101.25,420456.62,277355.36
4685,2021,Satara,Soybean,Kharif,Loamy,Canal,7.34,1052.2,26.2,68.2,7.03,21045.13,29345.75,12808.2,37688.45,13639.37,9885.81,9832.97,36.27,124412.72,356637.44,232224.72
4686,2023,Sangli,Sugarcane,Annual,Black,Canal,11.24,483.2,26.9,70.1,5.97,88857.52,113494.85,45544.59,160944.21,90151.54,51967.9,424121.79,2.62,550960.62,1110089.87,559129.25
4687,2025,Pune,Sugarcane,Annual,Red,Drip,9.12,584.4,22.1,55.4,7.99,71900.85,99317.91,35912.32,138325.4,75861.67,38669.73,312773.61,2.9,459987.89,906533.76,446545.87
4688,2025,Aurangabad,Sugarcane,Annual,Black,Canal,1.35,898.5,27.6,74.9,6.51,9946.44,14289.2,5243.9,21378.26,10514.06,5599.0,56769.56,3.62,66970.87,205349.59,138378.72
4689,2025,Pune,Soybean,Kharif,Black,Drip,1.18,566.9,24.7,68.1,6.07,4333.55,5191.44,2276.58,6271.37,2504.58,2527.91,1373.79,64.59,23105.43,88728.19,65622.76
4690,2023,Pune,Maize,Kharif,Alluvial,Borewell,7.77,716.5,25.2,49.5,5.98,24163.43,38733.79,18075.88,61092.09,23186.63,17481.13,27707.87,24.8,182732.95,687140.82,504407.87
4691,2020,Satara,Sugarcane,Annual,Red,Drip,3.68,1067.2,24.8,58.4,7.18,23778.11,31854.54,12582.56,46797.8,24944.76,13198.92,138880.39,3.28,153156.7,454852.03,301695.33
4692,2025,Satara,Sugarcane,Annual,Red,Drip,3.07,1021.0,21.8,54.0,7.12,22538.3,35017.03,12347.26,47031.36,24888.97,14108.27,107377.28,3.75,155931.19,402293.64,246362.44
4693,2021,Kolhapur,Tomato,Rabi,Black,Drip,2.99,1547.3,24.9,66.1,6.96,13712.39,22729.53,11926.92,29869.88,14642.01,9556.27,33248.7,24.11,102437.01,801649.5,699212.49
4694,2020,Solapur,Maize,Kharif,Red,Borewell,8.08,506.3,26.6,54.7,6.27,19651.65,43622.19,16023.29,53703.58,21264.2,15600.41,24491.44,26.0,169865.33,636669.67,466804.34
4695,2023,Sangli,Sugarcane,Annual,Red,Canal,6.1,607.7,26.9,53.8,6.62,50423.18,53481.91,18756.59,82516.26,48159.91,27926.52,198178.87,3.34,281264.36,661498.45,380234.09
4696,2022,Aurangabad,Maize,Kharif,Red,Drip,6.37,734.6,26.4,46.1,7.15,16718.89,37775.61,12805.15,45325.79,20627.86,12442.55,19781.89,20.79,145695.85,411213.67,265517.83
4697,2024,Solapur,Soybean,Kharif,Red,Rainfed,9.09,593.3,25.1,38.7,5.51,29677.15,36495.89,17938.73,47359.6,19057.5,15722.9,9677.38,54.04,166251.77,523012.29,356760.52
4698,2024,Satara,Maize,Kharif,Red,Rainfed,2.02,983.7,21.8,68.0,6.64,5786.43,13943.71,4855.95,15465.15,6077.24,4291.91,5594.24,21.45,50420.38,120000.02,69579.64
4699,2024,Kolhapur,Rice,Kharif,Black,Rainfed,5.85,1437.6,21.9,60.8,6.78,19857.29,40748.27,23048.74,52775.44,26966.09,18400.41,15095.0,37.1,181796.24,560081.23,378284.99
4700,2020,Satara,Tomato,Rabi,Red,Canal,1.12,760.5,19.7,73.2,7.2,5005.54,7853.29,5230.05,11290.43,6648.63,3545.22,9300.9,26.18,39573.15,243519.61,203946.47
4701,2020,Ahmednagar,Cotton,Kharif,Alluvial,Borewell,6.68,541.3,23.6,59.1,8.0,34169.8,37634.35,19312.64,54370.37,30702.06,19090.1,4829.26,71.63,195279.32,345897.23,150617.91
4702,2023,Ahmednagar,Rice,Kharif,Black,Borewell,3.91,537.7,21.2,67.6,6.36,13941.11,28613.85,13949.26,31145.77,20705.33,9002.04,10633.48,31.15,117357.34,331197.08,213839.73
4703,2025,Solapur,Onion,Rabi,Black,Canal,11.56,572.2,24.3,73.9,6.84,74630.87,79241.97,54320.78,124231.86,66039.21,38105.23,102317.58,25.34,436569.91,2592889.88,2156319.96
4704,2020,Solapur,Cotton,Kharif,Loamy,Rainfed,8.27,501.3,27.0,71.7,7.1,36727.95,50966.93,27272.26,72770.46,38978.23,19360.4,4982.69,58.7,246076.24,292506.87,46430.63
4705,2022,Solapur,Sugarcane,Annual,Black,Drip,0.55,759.5,28.6,70.5,6.03,3645.57,5703.07,1977.94,6694.09,4118.86,2276.77,24473.15,3.45,24416.3,84521.42,60105.12
4706,2019,Nashik,Soybean,Kharif,Black,Borewell,1.47,639.2,25.8,84.6,6.77,4246.59,4325.13,2597.27,6544.27,2249.38,1889.51,1893.53,44.91,21852.16,85043.57,63191.42
4707,2020,Satara,Cotton,Kharif,Red,Drip,5.63,1010.6,26.8,46.1,6.62,26903.02,29315.27,20177.39,50823.55,22701.0,15549.87,4426.87,71.36,165470.09,315907.34,150437.25
4708,2020,Ahmednagar,Tomato,Rabi,Loamy,Borewell,10.75,594.0,27.4,50.5,6.77,51830.02,75456.65,46661.73,103119.87,53259.64,31750.24,101022.4,21.63,362078.13,2185283.84,1823205.71
4709,2020,Aurangabad,Sugarcane,Annual,Red,Rainfed,1.18,683.9,29.5,66.4,6.93,7656.95,9054.06,3811.67,15426.53,8021.37,4258.73,35004.41,3.6,48229.31,126140.86,77911.55
4710,2022,Pune,Tomato,Rabi,Loamy,Canal,2.55,890.2,28.0,70.8,5.78,11528.17,19588.31,11214.92,28942.47,14999.38,6676.69,26935.29,22.54,92949.94,607198.12,514248.18
4711,2025,Pune,Sugarcane,Annual,Loamy,Rainfed,7.55,635.0,25.4,67.3,5.97,61376.96,85630.14,31651.25,113595.92,57341.22,32556.46,231911.12,3.89,382151.94,902790.17,520638.23
4712,2019,Solapur,Soybean,Kharif,Red,Borewell,3.6,494.3,30.0,55.7,6.93,10646.58,12241.87,6311.35,15963.51,6429.91,5543.56,3236.74,53.14,57136.78,172000.83,114864.05
4713,2023,Solapur,Wheat,Rabi,Alluvial,Drip,7.85,784.3,27.3,63.6,7.2,24472.15,49454.8,21804.79,56496.2,22290.46,16006.45,23686.26,31.12,190524.86,737156.29,546631.44
4714,2024,Ahmednagar,Cotton,Kharif,Alluvial,Rainfed,0.92,860.0,25.7,73.3,7.42,4888.2,6604.28,4124.75,9559.94,4708.67,2649.65,724.67,81.27,32535.48,58890.86,26355.38
4715,2025,Aurangabad,Wheat,Rabi,Alluvial,Rainfed,10.38,782.5,27.6,69.9,5.86,34707.2,69575.95,32103.43,81595.71,29239.85,22348.13,21862.81,25.96,269570.27,567567.29,297997.02
4716,2021,Aurangabad,Maize,Kharif,Black,Borewell,2.66,840.2,24.1,58.2,5.84,6841.9,14707.55,5001.89,15281.78,6409.89,4986.33,8214.01,24.06,53229.34,197605.08,144375.74
4717,2023,Solapur,Sugarcane,Annual,Red,Borewell,4.97,509.9,23.9,50.8,6.38,34939.0,42935.97,20909.95,75805.12,35783.5,21940.33,162163.41,3.08,232313.87,499468.97,267155.09
4718,2020,Sangli,Sugarcane,Annual,Alluvial,Rainfed,3.98,772.0,27.1,67.7,7.82,25412.58,39313.08,12308.03,50530.15,25675.34,16144.95,134240.64,2.57,169384.13,345235.74,175851.61
4719,2019,Ahmednagar,Tomato,Rabi,Black,Drip,1.89,337.2,23.7,67.8,6.64,8002.73,12257.64,6673.11,18162.57,8307.42,5153.1,18863.75,29.74,58556.56,560924.41,502367.85
4720,2025,Satara,Tomato,Rabi,Alluvial,Borewell,8.0,918.7,23.7,58.5,6.52,38302.38,67883.28,36192.41,96455.82,48419.05,26483.37,82577.13,29.42,313736.3,2429578.45,2115842.15
4721,2024,Sangli,Cotton,Kharif,Black,Canal,10.69,852.4,25.2,48.5,6.81,53880.91,69116.11,45852.52,115482.42,54169.71,31926.22,9498.32,70.51,370427.88,669767.88,299340.0
4722,2021,Kolhapur,Sugarcane,Annual,Loamy,Drip,8.69,1353.8,25.8,45.9,6.41,52266.11,70588.83,26833.51,88830.07,70910.66,33471.9,342763.22,2.85,342901.07,976211.33,633310.26
4723,2023,Satara,Rice,Kharif,Loamy,Canal,7.22,687.8,21.5,63.3,7.08,26352.45,50366.29,22724.43,58196.39,28831.52,17985.43,17231.17,37.62,204456.51,648211.58,443755.07
4724,2023,Kolhapur,Rice,Kharif,Loamy,Rainfed,8.86,1384.1,24.1,53.9,6.35,33626.39,66176.74,26485.01,74650.39,37889.23,26129.57,22935.61,37.0,264957.33,848672.86,583715.54
4725,2019,Solapur,Onion,Rabi,Alluvial,Drip,4.48,628.4,28.0,63.9,7.13,21318.3,28732.54,14265.55,39826.82,20432.34,12333.45,38976.72,23.0,136909.01,896636.2,759727.19
4726,2025,Sangli,Maize,Kharif,Loamy,Canal,11.11,807.2,27.3,73.3,7.42,34521.04,80682.48,28545.76,74268.01,36769.55,22227.7,42957.93,28.35,277014.55,1218062.43,941047.88
4727,2020,Ahmednagar,Soybean,Kharif,Red,Canal,1.97,576.1,25.7,77.8,6.89,5915.84,7202.51,3401.63,8720.35,3396.9,2767.97,2032.72,44.24,31405.2,89933.71,58528.51
4728,2020,Nashik,Tomato,Rabi,Black,Drip,11.66,768.1,27.4,56.1,7.81,50939.24,86537.95,49471.52,117067.94,59066.63,30323.1,133735.02,24.32,393406.38,3251777.23,2858370.85
4729,2021,Nashik,Rice,Kharif,Alluvial,Canal,4.99,744.3,23.0,51.8,6.41,17598.9,29463.29,15746.1,43537.52,21341.59,12574.04,15204.9,36.93,140261.43,561566.91,421305.48
4730,2019,Kolhapur,Soybean,Kharif,Black,Rainfed,4.53,1473.0,27.2,59.3,6.99,12827.52,16868.94,7616.53,17635.45,6443.16,6459.41,5070.6,46.92,67851.01,237934.66,170083.65
4731,2022,Aurangabad,Maize,Kharif,Red,Drip,8.62,763.5,22.7,63.8,6.8,22796.63,42084.6,19369.66,53947.6,25560.89,15754.05,30018.66,21.41,179513.42,642704.39,463190.96
4732,2022,Kolhapur,Soybean,Kharif,Alluvial,Drip,5.71,1239.6,23.7,57.7,7.34,17223.61,21384.49,12024.48,27370.46,11257.47,8520.67,6208.51,35.51,97781.19,220439.78,122658.6
4733,2022,Solapur,Maize,Kharif,Loamy,Borewell,8.37,666.4,26.5,61.1,6.87,22309.21,53721.18,18171.66,59260.16,28295.87,18461.15,26797.21,21.5,200219.23,576019.75,375800.52
4734,2020,Ahmednagar,Rice,Kharif,Red,Borewell,3.24,506.4,21.9,61.2,5.9,9672.38,22831.48,8310.8,26766.55,13159.49,7312.25,8147.51,27.4,88052.95,223272.37,135219.42
4735,2021,Pune,Sugarcane,Annual,Alluvial,Rainfed,10.73,650.5,26.4,64.9,7.12,72416.92,94146.6,35843.61,141925.36,72545.54,43380.53,392746.4,3.4,460258.56,1337019.25,876760.68
4736,2022,Pune,Tomato,Rabi,Black,Drip,8.02,680.2,29.3,52.5,6.55,38377.2,69398.2,32144.72,89392.2,32829.24,24476.79,75269.1,29.37,286618.35,2211017.2,1924398.84
4737,2022,Solapur,Cotton,Kharif,Alluvial,Borewell,1.97,324.8,28.4,67.3,6.01,9066.35,11735.58,7948.5,18033.45,8756.79,5985.72,1410.82,67.96,61526.39,95876.71,34350.32
4738,2019,Sangli,Cotton,Kharif,Alluvial,Borewell,4.85,720.5,27.5,47.1,6.88,22088.7,28862.4,17168.06,36324.85,20148.22,11950.95,3671.87,70.11,136543.17,257432.67,120889.5
4739,2023,Kolhapur,Sugarcane,Annual,Loamy,Drip,11.01,1466.9,26.6,60.5,5.99,77399.68,106176.78,39057.53,179166.05,88214.72,44433.63,375914.22,3.19,534448.39,1197660.42,663212.03
4740,2025,Pune,Soybean,Kharif,Loamy,Drip,11.3,795.7,24.6,53.3,6.05,36208.52,57543.5,24388.19,57199.35,22338.66,19447.35,14035.36,51.84,217125.58,727538.54,510412.96
4741,2025,Sangli,Soybean,Kharif,Black,Rainfed,5.94,536.0,25.7,67.9,7.26,19205.26,23723.63,13982.06,31692.36,12600.44,10269.09,5996.38,55.3,111472.85,331627.66,220154.81
4742,2022,Ahmednagar,Wheat,Rabi,Black,Borewell,10.93,543.4,23.5,64.1,7.38,30387.37,69445.21,25359.41,91789.14,29390.18,20760.79,28929.26,30.03,267132.1,868857.25,601725.15
4743,2019,Ahmednagar,Tomato,Rabi,Black,Borewell,10.62,535.3,23.8,65.1,6.71,43973.32,64939.37,38679.89,108366.5,51957.76,28654.96,114886.6,27.21,336571.81,3125606.83,2789035.02
4744,2021,Solapur,Onion,Rabi,Loamy,Borewell,3.39,805.7,28.1,43.7,6.44,18152.03,25171.41,11493.14,36143.98,12795.91,9054.39,26494.84,24.55,112810.87,650547.0,537736.12
4745,2022,Solapur,Cotton,Kharif,Loamy,Canal,4.29,677.5,24.4,51.5,8.2,22996.4,26591.03,18742.28,44760.09,19309.19,11755.13,3253.99,51.18,144154.11,166530.81,22376.7
4746,2022,Solapur,Onion,Rabi,Alluvial,Rainfed,8.5,663.0,26.7,81.6,5.8,44048.78,55743.81,31541.58,79048.8,39901.37,25734.11,61037.1,28.05,276018.44,1712218.68,1436200.24
4747,2022,Kolhapur,Maize,Kharif,Loamy,Canal,4.1,1588.4,25.4,66.0,7.29,10353.07,22866.97,7658.16,28513.31,12671.64,7036.18,14622.32,23.86,89099.31,348889.44,259790.13
4748,2019,Pune,Wheat,Rabi,Loamy,Borewell,11.17,771.7,23.3,66.9,6.79,26785.45,54077.88,25581.82,70645.56,26754.31,22303.7,27227.65,27.39,226148.72,745791.45,519642.73
4749,2025,Sangli,Onion,Rabi,Red,Canal,2.84,536.2,26.2,72.1,7.91,18318.1,24648.92,12182.37,25694.06,14129.81,8811.74,21954.08,32.24,103785.01,707873.98,604088.97
4750,2019,Solapur,Wheat,Rabi,Loamy,Borewell,8.09,619.4,26.2,64.5,7.12,20144.03,43739.64,18028.13,57517.37,19835.26,16729.02,20524.4,28.25,175993.45,579736.08,403742.63
4751,2021,Kolhapur,Onion,Rabi,Black,Drip,7.03,1624.3,26.0,69.4,6.57,39858.32,47905.7,28383.06,63145.84,35328.24,18878.19,64972.27,27.87,233499.34,1810991.77,1577492.43
4752,2025,Kolhapur,Maize,Kharif,Alluvial,Canal,7.5,1309.4,23.4,61.5,6.66,22902.51,45975.48,18796.7,62475.62,25175.37,17317.75,23477.32,23.91,192643.43,561257.12,368613.69
4753,2021,Aurangabad,Rice,Kharif,Black,Drip,10.94,774.4,25.3,56.5,8.2,37176.95,79165.26,34912.79,93463.7,46607.82,26917.64,37482.79,30.08,318244.16,1127444.49,809200.32
4754,2023,Satara,Soybean,Kharif,Loamy,Borewell,11.19,987.4,22.8,46.7,6.65,40565.65,48520.63,23456.41,54908.66,21377.09,18483.81,13587.32,39.43,207312.24,535687.45,328375.2
4755,2025,Satara,Wheat,Rabi,Alluvial,Borewell,8.16,953.3,25.8,54.7,7.37,32530.9,54527.88,26259.41,61000.52,23351.76,20346.63,23282.86,28.04,218017.1,652772.02,434754.92
4756,2022,Nashik,Wheat,Rabi,Black,Drip,1.32,719.3,22.8,71.2,6.63,4027.74,7927.98,3352.55,9848.64,4025.29,2878.82,3757.12,25.49,32061.03,95751.87,63690.85
4757,2019,Satara,Tomato,Rabi,Alluvial,Canal,4.15,855.4,22.9,50.0,7.1,16519.07,26948.33,16160.48,39298.08,19872.04,11260.01,43801.32,23.35,130058.01,1022602.04,892544.03
4758,2023,Satara,Maize,Kharif,Loamy,Rainfed,2.02,781.8,21.3,72.2,6.55,6099.29,11067.44,4751.39,12639.71,6322.54,4398.21,5103.65,19.21,45278.59,98041.65,52763.06
4759,2025,Pune,Maize,Kharif,Alluvial,Rainfed,2.62,727.5,23.2,68.6,6.58,8183.93,18238.34,6001.49,18467.53,8961.64,5737.2,6920.75,22.33,65590.12,154545.96,88955.85
4760,2023,Pune,Soybean,Kharif,Alluvial,Rainfed,7.5,648.3,22.2,65.7,6.46,23238.22,29710.44,15126.92,38587.75,15857.2,13170.54,8144.02,35.4,135691.07,288288.88,152597.81
4761,2024,Kolhapur,Soybean,Kharif,Black,Borewell,6.25,1410.0,31.9,43.6,7.41,20276.28,28520.55,13459.08,32757.69,12690.26,11124.01,7322.2,50.18,118827.87,367434.94,248607.06
4762,2023,Aurangabad,Rice,Kharif,Loamy,Borewell,9.98,811.7,27.8,53.5,5.81,34573.98,74143.96,32829.16,92775.69,44698.3,29215.42,27970.2,34.97,308236.51,978104.15,669867.64
4763,2021,Kolhapur,Maize,Kharif,Red,Canal,3.0,1569.1,25.0,55.1,7.15,7346.98,17086.94,5415.9,17619.02,9323.01,4832.36,8559.16,20.54,61624.21,175836.16,114211.96
4764,2021,Satara,Rice,Kharif,Loamy,Canal,0.86,938.2,25.0,70.1,7.6,2764.74,6329.63,2745.48,7726.3,4118.53,1923.1,2492.12,34.48,25607.78,85934.46,60326.68
4765,2021,Kolhapur,Wheat,Rabi,Black,Borewell,8.91,1640.0,23.2,55.9,6.45,23485.53,49501.11,23977.59,59945.34,22221.37,19453.5,25132.36,20.23,198584.45,508449.69,309865.24
4766,2025,Solapur,Soybean,Kharif,Loamy,Borewell,5.01,724.1,25.8,59.4,7.18,19717.32,23902.42,9929.32,29091.09,10212.76,9493.96,6943.2,56.6,102346.87,392998.72,290651.84
4767,2023,Pune,Cotton,Kharif,Alluvial,Borewell,1.12,694.2,28.4,59.5,6.3,5236.26,8346.1,4036.7,13598.49,5554.62,3323.52,868.03,90.54,40095.68,78591.09,38495.41
4768,2024,Kolhapur,Soybean,Kharif,Black,Canal,2.05,1324.3,24.4,57.9,6.67,6921.0,9574.32,3768.47,11185.62,4120.31,3843.26,2523.14,53.72,39412.98,135539.08,96126.1
4769,2024,Ahmednagar,Wheat,Rabi,Loamy,Rainfed,7.67,772.6,23.3,77.1,6.61,24450.8,46659.34,20932.26,64936.42,23576.7,17454.01,19238.48,26.28,198009.53,505656.25,307646.73
4770,2021,Kolhapur,Maize,Kharif,Red,Rainfed,11.09,1507.1,22.0,70.1,6.25,32227.4,66406.82,22948.13,78734.9,30596.25,19778.08,25379.21,19.79,250691.57,502323.91,251632.34
4771,2021,Nashik,Soybean,Kharif,Red,Canal,4.33,677.2,22.3,52.8,6.68,12959.62,17022.46,8710.79,20071.9,8274.56,6360.26,4286.29,37.57,73399.6,161029.15,87629.55
4772,2022,Pune,Cotton,Kharif,Red,Canal,3.59,642.7,26.8,63.7,5.58,17075.9,21213.95,14353.72,34210.39,16929.86,10111.83,2198.88,73.05,113895.64,160628.09,46732.44
4773,2020,Pune,Maize,Kharif,Black,Borewell,7.73,784.7,28.4,55.6,6.67,20806.82,41453.48,14426.41,43797.08,21457.3,14470.71,26355.92,22.31,156411.8,588038.92,431627.13
4774,2021,Aurangabad,Sugarcane,Annual,Loamy,Borewell,3.17,532.6,29.0,57.1,7.28,25349.55,28742.42,10811.15,40370.24,22771.6,11469.94,117441.13,3.61,139514.9,424145.17,284630.27
4775,2019,Solapur,Onion,Rabi,Alluvial,Rainfed,5.17,516.3,28.3,64.3,6.53,29148.29,35316.45,19213.9,38670.17,23499.93,12379.88,37438.56,24.21,158228.62,906393.6,748164.98
4776,2024,Kolhapur,Tomato,Rabi,Red,Drip,6.13,1510.0,23.9,54.0,6.18,31049.03,53794.9,27867.53,72481.28,34211.41,20298.36,65457.3,25.79,239702.51,1688044.0,1448341.5
4777,2025,Ahmednagar,Wheat,Rabi,Alluvial,Borewell,10.42,370.4,27.3,65.2,6.87,34911.89,75973.46,31683.03,82912.23,38719.54,25288.06,25341.0,37.73,289488.21,956190.45,666702.24
4778,2023,Nashik,Cotton,Kharif,Loamy,Drip,8.91,670.5,25.2,59.9,6.67,44371.04,62721.23,38919.53,97377.34,50293.26,32002.9,6212.12,78.58,325685.3,488150.86,162465.56
4779,2020,Satara,Soybean,Kharif,Loamy,Rainfed,6.88,978.4,24.6,53.1,6.75,18985.28,23080.87,12201.93,28191.24,12082.63,11477.27,7297.27,38.65,106019.22,282009.99,175990.78
4780,2024,Sangli,Onion,Rabi,Alluvial,Drip,11.83,560.7,24.9,51.2,6.31,71162.73,95903.6,50525.22,113228.94,60649.75,41054.34,93455.64,27.68,432524.59,2586950.22,2154425.63
4781,2025,Sangli,Sugarcane,Annual,Loamy,Canal,3.41,476.0,25.1,60.1,6.24,27579.65,37514.78,13806.08,55564.83,28783.67,14562.76,138030.65,2.71,177811.76,373503.53,195691.77
4782,2025,Nashik,Soybean,Kharif,Loamy,Drip,0.5,491.6,23.2,43.3,6.69,1604.12,2447.71,1139.1,2955.44,949.38,876.02,540.34,57.18,9971.78,30895.29,20923.52
4783,2022,Sangli,Wheat,Rabi,Red,Drip,8.83,461.7,28.8,74.4,7.7,26137.73,47987.16,21737.55,69566.54,24771.31,15921.51,17692.25,27.32,206121.79,483423.39,277301.6
4784,2019,Solapur,Rice,Kharif,Black,Borewell,10.02,652.2,23.7,63.8,6.47,27876.36,62060.45,29731.97,75280.89,37174.15,23472.07,26455.81,30.66,255595.89,811010.4,555414.51
4785,2025,Kolhapur,Maize,Kharif,Red,Borewell,8.31,1513.5,26.3,68.2,6.11,26388.55,54129.21,19179.22,59850.53,28565.56,18671.18,23115.22,19.04,206784.26,440084.96,233300.71
4786,2023,Solapur,Onion,Rabi,Alluvial,Borewell,0.86,462.3,27.8,46.5,6.2,4794.11,6403.02,3314.74,10089.45,4089.44,2584.83,6575.47,21.32,31275.6,140205.92,108930.32
4787,2020,Sangli,Wheat,Rabi,Red,Drip,3.97,709.0,25.7,41.6,6.34,10703.95,24269.46,9373.77,30632.25,10588.67,7703.06,10288.62,27.04,93271.16,278189.86,184918.7
4788,2020,Ahmednagar,Sugarcane,Annual,Loamy,Rainfed,10.46,594.7,22.8,44.0,5.46,69831.21,98394.16,35658.48,123596.19,74769.7,34590.39,332886.13,2.6,436840.13,866768.7,429928.57
4789,2020,Pune,Sugarcane,Annual,Red,Drip,3.05,665.5,23.8,64.8,6.61,20410.45,24842.31,9913.59,35102.46,19572.61,10701.61,98814.84,2.86,120543.03,282388.83,161845.79
4790,2019,Pune,Sugarcane,Annual,Loamy,Canal,10.57,701.6,23.4,53.6,7.09,63824.28,89487.25,37103.94,126110.19,68670.63,41515.48,397830.29,3.37,426711.78,1341431.42,914719.64
4791,2019,Aurangabad,Cotton,Kharif,Alluvial,Borewell,9.59,591.6,25.2,43.9,6.17,42085.81,53021.29,30615.14,76488.24,42956.69,24624.39,6621.56,58.09,269791.55,384642.71,114851.15
4792,2024,Solapur,Sugarcane,Annual,Alluvial,Rainfed,11.56,486.6,28.2,74.2,5.73,90495.03,109980.93,44753.68,187207.05,96631.56,51629.33,347832.22,3.69,580697.57,1282261.87,701564.3
4793,2022,Sangli,Sugarcane,Annual,Alluvial,Canal,2.33,565.1,29.0,57.5,7.11,15591.55,20290.96,8497.84,32972.45,15970.45,9169.42,98274.94,2.86,102492.67,281283.73,178791.05
4794,2025,Nashik,Soybean,Kharif,Black,Borewell,6.71,636.4,23.3,42.8,6.63,23232.46,28308.7,14385.62,33223.91,13510.99,12578.6,7922.51,56.02,125240.28,443798.14,318557.86
4795,2023,Aurangabad,Soybean,Kharif,Black,Canal,10.42,636.7,26.5,63.5,7.51,35837.94,43404.03,18685.76,54190.77,20149.54,20329.88,11528.67,41.94,192597.92,483546.49,290948.57
4796,2022,Solapur,Rice,Kharif,Black,Canal,8.72,579.7,25.0,63.1,6.33,27561.51,64187.32,29123.24,79552.39,38199.96,21198.83,29039.36,41.96,259823.25,1218356.51,958533.26
4797,2020,Sangli,Onion,Rabi,Loamy,Drip,8.89,589.7,26.6,51.2,6.75,49782.82,65810.09,28535.59,72171.24,44740.77,20362.68,62353.42,20.08,281403.19,1252186.26,970783.07
4798,2022,Aurangabad,Cotton,Kharif,Red,Rainfed,7.57,732.8,24.5,73.0,6.38,36000.52,45284.52,32022.51,79367.37,34270.09,20547.13,4129.94,61.73,247492.14,254928.02,7435.88
4799,2024,Pune,Maize,Kharif,Loamy,Borewell,10.63,761.7,24.0,69.7,6.55,28712.53,70547.47,24250.78,79993.35,33233.88,19475.26,29381.7,19.62,256213.26,576548.45,320335.19
4800,2020,Ahmednagar,Rice,Kharif,Loamy,Rainfed,8.7,701.8,27.8,71.3,5.74,26540.34,54746.5,27172.69,62907.86,35696.74,18268.06,19784.58,31.76,225332.18,628431.1,403098.91
4801,2024,Nashik,Maize,Kharif,Black,Canal,9.51,649.7,22.1,74.6,6.64,29160.55,54998.76,20759.15,68913.88,30183.52,19126.97,31935.89,26.37,223142.83,842034.07,618891.24
4802,2020,Nashik,Rice,Kharif,Loamy,Rainfed,1.28,544.8,26.7,48.2,6.38,4338.75,7418.06,3992.52,10190.23,4575.51,2859.95,2844.72,29.68,33375.03,84426.99,51051.96
4803,2024,Pune,Maize,Kharif,Loamy,Rainfed,2.73,776.9,25.8,62.9,7.34,8521.72,16641.26,6282.73,20163.37,8232.09,5764.17,8355.76,23.26,65605.34,194386.31,128780.97
4804,2024,Sangli,Tomato,Rabi,Black,Rainfed,8.74,700.0,27.5,66.8,6.82,44805.2,77040.97,44973.41,107025.58,49175.25,26202.27,89793.76,25.54,349222.67,2293446.04,1944223.37
4805,2023,Aurangabad,Wheat,Rabi,Red,Drip,8.69,495.9,26.7,58.4,7.11,27833.47,54561.26,20000.41,66701.31,24609.64,17975.71,19787.49,30.77,211681.8,608791.51,397109.71
4806,2023,Ahmednagar,Sugarcane,Annual,Red,Borewell,8.52,437.4,22.4,74.7,5.89,63228.91,83984.18,29225.57,132841.1,68203.95,37721.4,306669.82,3.16,415205.11,970241.23,555036.13
4807,2021,Satara,Soybean,Kharif,Loamy,Canal,8.96,791.2,24.9,70.6,6.99,30005.57,36546.64,18182.61,44670.92,15859.27,14951.09,10502.43,48.23,160216.11,506513.15,346297.04
4808,2020,Pune,Sugarcane,Annual,Alluvial,Rainfed,6.38,561.7,22.7,68.5,7.61,41050.84,57492.09,20508.39,86325.85,41662.98,24642.22,194366.71,2.52,271682.37,489230.4,217548.03
4809,2021,Aurangabad,Tomato,Rabi,Loamy,Borewell,5.56,922.9,28.3,55.9,6.66,27448.51,41550.27,21661.94,53419.25,30730.96,16436.33,51919.99,25.5,191247.25,1323927.98,1132680.72
4810,2021,Satara,Soybean,Kharif,Alluvial,Borewell,3.32,945.3,24.7,65.1,6.72,9572.38,14133.95,5770.2,14662.01,6006.15,4899.87,3821.61,48.55,55044.57,185521.39,130476.82
4811,2022,Aurangabad,Wheat,Rabi,Red,Rainfed,0.55,738.0,25.0,63.6,6.98,1446.21,3301.0,1352.06,3856.47,1527.79,1179.63,1180.23,20.07,12663.15,23683.22,11020.06
4812,2019,Satara,Maize,Kharif,Alluvial,Canal,9.67,911.2,20.4,63.7,6.7,22120.29,48665.96,19060.0,53293.0,23112.87,16591.1,26269.65,18.12,182843.22,476125.75,293282.53
4813,2024,Pune,Onion,Rabi,Alluvial,Borewell,8.82,832.1,24.9,42.6,6.57,51410.13,72152.92,29340.24,86712.62,46904.98,28405.34,71384.48,32.02,314926.23,2285440.73,1970514.5
4814,2020,Solapur,Wheat,Rabi,Black,Borewell,1.28,562.3,29.1,72.2,6.3,3268.92,7686.94,3005.41,9385.61,3116.95,2604.29,3336.29,29.17,29068.13,97332.91,68264.78
4815,2024,Kolhapur,Soybean,Kharif,Alluvial,Canal,11.64,1402.6,26.9,70.1,6.91,40576.46,52860.33,23384.84,63471.35,24805.03,22535.55,15585.56,50.65,227633.56,789361.2,561727.64
4816,2021,Kolhapur,Wheat,Rabi,Red,Rainfed,2.37,1497.6,27.4,55.5,6.9,6400.74,12783.29,5921.67,18648.04,6133.33,4685.48,5569.22,28.59,54572.55,159231.26,104658.71
4817,2019,Kolhapur,Rice,Kharif,Alluvial,Borewell,7.84,1713.0,21.2,59.5,6.26,23601.68,49456.83,21821.67,51188.87,31256.72,15607.65,22381.52,33.62,192933.42,752501.88,559568.46
4818,2025,Nashik,Wheat,Rabi,Red,Drip,7.84,736.6,25.9,67.2,5.97,26735.43,43229.85,22098.94,79390.84,26030.7,17206.77,21944.59,32.23,214692.53,707247.93,492555.4
4819,2020,Pune,Onion,Rabi,Loamy,Borewell,10.24,867.5,23.5,73.2,6.11,57938.81,76792.32,37728.8,99088.08,51720.38,25863.2,87763.21,24.34,349131.59,2136164.07,1787032.48
4820,2024,Solapur,Rice,Kharif,Loamy,Rainfed,2.97,607.5,28.2,62.2,6.41,10880.15,22991.47,10006.05,29831.56,13702.92,7592.21,7496.31,33.25,95004.36,249230.41,154226.04
4821,2025,Aurangabad,Wheat,Rabi,Loamy,Borewell,7.6,638.1,20.3,61.4,7.08,24166.02,48990.69,20099.94,58888.25,24242.23,16830.62,22156.11,27.27,193217.75,604204.95,410987.21
4822,2020,Ahmednagar,Wheat,Rabi,Alluvial,Canal,10.38,692.8,26.4,56.0,6.52,27462.99,52871.74,26693.67,60451.15,26517.9,21656.16,28488.09,23.81,215653.62,678411.7,462758.09
4823,2023,Sangli,Onion,Rabi,Alluvial,Canal,8.76,668.8,26.5,59.6,8.2,51394.3,69492.9,30616.82,91886.53,45580.8,26886.47,74542.57,21.57,315857.82,1607719.98,1291862.16
4824,2023,Aurangabad,Tomato,Rabi,Alluvial,Rainfed,5.35,575.0,26.9,54.1,6.56,26555.64,47901.21,25321.91,56378.06,29772.81,14885.72,44703.34,21.83,200815.35,975860.53,775045.17
4825,2024,Sangli,Soybean,Kharif,Loamy,Canal,8.61,801.5,23.3,71.0,6.13,30230.91,40399.62,18925.48,42860.57,19170.78,14766.02,10270.49,46.71,166353.39,479747.13,313393.74
4826,2022,Nashik,Wheat,Rabi,Red,Drip,4.93,708.2,23.0,63.5,6.33,14072.92,31681.56,10953.73,41528.74,14254.51,8812.56,11871.63,25.89,121304.03,307415.8,186111.77
4827,2020,Aurangabad,Onion,Rabi,Loamy,Drip,7.24,731.0,22.5,63.8,7.47,40342.02,54245.22,25046.18,73847.98,33278.64,17431.56,60271.54,19.87,244191.6,1197567.11,953375.51
4828,2023,Solapur,Rice,Kharif,Loamy,Canal,5.13,599.4,23.4,81.3,6.49,17822.38,37900.92,17410.8,42350.03,18302.75,12144.71,14970.22,30.73,145931.6,460048.22,314116.62
4829,2023,Ahmednagar,Sugarcane,Annual,Red,Borewell,9.31,600.9,24.6,46.6,7.25,63298.17,105459.28,35686.75,134355.16,70858.81,44312.98,337916.14,3.68,453971.14,1242721.23,788750.09
4830,2023,Nashik,Soybean,Kharif,Loamy,Drip,4.61,445.7,21.4,59.6,6.34,14605.7,19094.39,9111.24,22973.2,9357.58,8744.64,4919.02,42.53,83886.75,209210.66,125323.91
4831,2023,Ahmednagar,Wheat,Rabi,Black,Canal,6.38,572.9,27.5,63.5,7.5,18549.53,44983.49,17910.23,54541.54,18939.13,13620.83,16358.64,32.4,168544.75,529968.21,361423.46
4832,2024,Kolhapur,Onion,Rabi,Red,Drip,2.96,1423.3,24.3,61.6,7.35,16995.0,24389.14,11923.38,29301.53,14698.76,9650.23,23043.58,23.33,106958.05,537631.55,430673.5
4833,2021,Ahmednagar,Soybean,Kharif,Black,Borewell,3.57,637.8,28.8,75.6,6.76,11140.87,14238.13,5825.47,16462.93,6721.09,5857.32,4033.88,39.15,60245.82,157920.36,97674.53
4834,2023,Nashik,Onion,Rabi,Alluvial,Canal,2.67,555.6,23.6,71.4,7.58,17017.68,19819.56,11811.55,25231.25,13259.89,7586.08,20178.12,22.21,94726.02,448149.55,353423.53
4835,2025,Sangli,Soybean,Kharif,Loamy,Rainfed,9.61,861.2,32.0,65.2,5.93,35145.9,43225.62,19542.7,52533.51,18591.93,21797.46,9458.32,53.15,190837.12,502695.98,311858.86
4836,2021,Satara,Sugarcane,Annual,Alluvial,Borewell,7.43,807.3,25.4,63.7,7.75,47706.05,85422.69,26266.29,102100.35,41472.08,30631.93,311918.31,2.25,333599.38,700655.21,367055.84
4837,2022,Kolhapur,Sugarcane,Annual,Red,Rainfed,1.12,1621.2,22.9,52.2,7.83,7630.26,10415.56,3535.91,17157.46,9217.0,3833.24,36039.83,3.06,51789.41,110209.06,58419.64
4838,2023,Solapur,Onion,Rabi,Alluvial,Rainfed,1.15,604.1,24.6,53.7,6.33,7058.39,8431.36,4430.27,12253.73,4941.45,3474.53,8887.84,27.02,40589.74,240184.3,199594.56
4839,2024,Kolhapur,Sugarcane,Annual,Black,Borewell,8.67,1521.8,23.2,74.0,6.7,59914.29,85995.14,31486.69,132665.37,74033.19,36361.33,349430.95,3.42,420456.01,1196139.19,775683.18
4840,2019,Aurangabad,Rice,Kharif,Alluvial,Rainfed,8.88,340.8,24.7,71.9,6.54,25898.35,49556.96,26351.61,60055.49,33036.04,20105.45,20456.06,26.99,215003.89,552111.16,337107.27
4841,2019,Ahmednagar,Maize,Kharif,Black,Borewell,7.17,437.6,25.8,72.2,6.97,16821.12,33636.02,15049.64,44317.99,18929.68,12425.1,23245.77,16.5,141179.55,383564.34,242384.79
4842,2019,Kolhapur,Rice,Kharif,Red,Canal,11.62,1497.3,27.3,60.6,6.28,38529.05,71832.07,28975.65,96792.22,38115.7,22394.23,29570.79,28.38,296638.93,839339.44,542700.52
4843,2022,Aurangabad,Cotton,Kharif,Black,Canal,8.83,688.7,24.1,52.6,5.93,43081.57,60816.72,32076.32,83443.24,49681.24,26335.63,6306.28,69.18,295434.72,436257.56,140822.85
4844,2025,Aurangabad,Soybean,Kharif,Loamy,Canal,11.32,631.6,27.3,64.1,6.0,41513.77,50825.5,22269.72,69856.72,27597.26,23761.7,10553.11,50.9,235824.68,537195.89,301371.21
4845,2023,Ahmednagar,Wheat,Rabi,Red,Borewell,6.37,399.2,24.5,71.7,5.83,22502.56,37093.7,17518.82,52623.24,20356.06,12293.3,15736.91,26.26,162387.69,413276.9,250889.21
4846,2020,Satara,Cotton,Kharif,Black,Drip,6.97,924.7,25.2,70.2,7.08,29034.23,41122.84,27128.68,70300.18,34458.87,18990.52,5313.8,58.53,221035.32,311002.66,89967.34
4847,2024,Solapur,Tomato,Rabi,Black,Borewell,6.58,539.6,26.6,63.6,6.35,30887.71,53106.25,32205.32,81039.5,40021.54,22870.09,68860.13,26.17,260130.41,1802022.5,1541892.09
4848,2023,Nashik,Maize,Kharif,Red,Borewell,6.8,759.4,22.2,44.1,7.17,18081.39,42362.73,16941.66,45419.75,17635.35,14700.0,21279.58,26.28,155140.88,559229.71,404088.83
4849,2022,Aurangabad,Tomato,Rabi,Black,Borewell,9.39,588.2,23.4,65.8,7.37,41634.33,61550.61,38798.26,95262.23,46809.82,31507.64,90218.58,28.62,315562.88,2582318.57,2266755.69
4850,2022,Sangli,Tomato,Rabi,Black,Rainfed,5.89,627.3,27.3,61.5,7.29,27707.17,45943.31,26619.04,65551.68,31564.68,19018.85,52281.64,24.24,216404.74,1267048.21,1050643.47
4851,2024,Solapur,Maize,Kharif,Loamy,Drip,6.31,432.6,26.8,68.4,7.03,18111.3,34446.25,15297.19,47192.93,20857.31,12754.37,21043.39,25.01,148659.35,526293.96,377634.61
4852,2025,Ahmednagar,Cotton,Kharif,Black,Drip,11.04,547.1,23.9,66.7,7.09,56298.24,69774.52,47116.55,120096.97,59585.17,36996.29,6790.25,98.84,389867.73,671120.42,281252.69
4853,2024,Ahmednagar,Maize,Kharif,Red,Canal,9.89,553.3,28.4,67.8,6.03,31388.79,61997.55,24611.09,79527.44,33014.76,21104.14,23705.67,22.77,251643.77,539724.88,288081.12
4854,2020,Nashik,Wheat,Rabi,Loamy,Borewell,3.05,702.4,23.2,65.6,5.75,8494.58,16232.24,7616.74,20057.38,7723.74,5681.83,7726.51,21.32,65806.5,164701.3,98894.8
4855,2022,Sangli,Soybean,Kharif,Alluvial,Rainfed,3.83,608.7,29.2,74.6,6.63,10421.43,18247.12,7764.03,20693.04,8046.27,5589.31,3816.05,43.08,70761.2,164403.6,93642.4
4856,2025,Aurangabad,Rice,Kharif,Loamy,Rainfed,11.08,484.2,26.2,62.4,8.04,39970.42,84125.23,47772.93,95823.38,59067.86,27099.5,24127.34,36.33,353859.32,876554.55,522695.23
4857,2024,Ahmednagar,Onion,Rabi,Alluvial,Canal,1.22,449.1,25.6,59.2,7.67,6830.9,9923.61,4753.71,14062.92,6615.15,3639.8,9403.63,21.94,45826.08,206342.95,160516.88
4858,2021,Nashik,Tomato,Rabi,Alluvial,Rainfed,2.57,589.7,26.4,55.2,6.31,11261.63,20928.5,11664.13,24701.71,14056.8,6791.02,22129.01,24.17,89403.8,534966.83,445563.03
4859,2020,Satara,Maize,Kharif,Alluvial,Rainfed,7.26,1152.7,25.5,62.1,6.85,19403.87,38828.87,13675.62,46781.39,19368.32,12491.07,22549.07,20.01,150549.13,451198.83,300649.7
4860,2025,Kolhapur,Sugarcane,Annual,Loamy,Canal,5.55,1597.5,25.0,55.3,7.39,38752.96,64556.41,22839.85,91155.1,45566.2,25418.2,243615.0,3.3,288288.73,804890.0,516601.27
4861,2020,Kolhapur,Tomato,Rabi,Loamy,Rainfed,4.0,1485.1,27.8,59.0,6.98,18045.35,29117.42,16806.88,36431.6,20583.41,10254.0,36517.56,21.94,131238.67,801089.03,669850.36
4862,2020,Sangli,Rice,Kharif,Loamy,Drip,10.02,562.9,25.3,63.2,6.83,34607.37,67514.82,33442.48,79353.91,37456.73,21203.09,29041.44,29.91,273578.41,868739.6,595161.19
4863,2019,Satara,Tomato,Rabi,Alluvial,Borewell,4.46,938.3,24.2,64.2,6.98,19129.63,29730.14,15494.94,45483.68,18287.93,12269.05,42876.62,29.65,140395.37,1271134.18,1130738.81
4864,2023,Solapur,Onion,Rabi,Red,Drip,3.31,579.9,27.9,53.4,6.75,20751.96,25233.51,12270.41,30567.69,18803.4,10530.97,23950.71,30.75,118157.94,736509.54,618351.6
4865,2022,Aurangabad,Sugarcane,Annual,Alluvial,Rainfed,2.12,610.0,25.7,50.6,6.51,14352.45,21009.47,7049.13,32176.05,15997.47,7980.68,67958.5,1.95,98565.25,132227.59,33662.33
4866,2019,Pune,Cotton,Kharif,Red,Canal,6.79,853.0,27.4,66.7,7.47,29628.23,38242.14,24031.88,64219.8,29479.21,16175.33,4953.1,71.01,201776.58,351708.67,149932.09
4867,2024,Ahmednagar,Wheat,Rabi,Alluvial,Canal,1.45,716.8,23.9,56.6,7.21,4738.58,8623.03,3837.32,9152.21,4061.39,3237.81,3822.85,26.51,33650.34,101324.6,67674.26
4868,2025,Satara,Rice,Kharif,Alluvial,Canal,9.47,914.8,22.6,68.1,6.51,35468.93,83388.01,36039.57,96472.59,45123.73,25486.7,31531.8,33.24,321979.52,1048042.25,726062.73
4869,2022,Sangli,Cotton,Kharif,Red,Drip,11.75,764.2,29.5,59.2,7.46,55556.76,70960.43,45962.69,127153.18,54301.22,35436.2,8813.96,67.19,389370.48,592250.42,202879.94
4870,2021,Pune,Soybean,Kharif,Loamy,Drip,3.56,730.9,28.4,50.3,7.11,11417.38,14777.81,6329.1,16444.58,6684.5,5353.64,4466.69,50.86,61007.0,227198.36,166191.36
4871,2021,Nashik,Soybean,Kharif,Alluvial,Canal,5.87,904.2,21.3,56.7,6.57,18011.87,23797.82,12624.59,28396.68,9937.98,10785.97,7693.76,53.29,103554.91,410021.32,306466.41
4872,2021,Nashik,Tomato,Rabi,Loamy,Canal,10.76,791.7,25.4,51.9,6.15,47283.47,74029.54,46577.45,111978.93,54837.1,27559.26,116744.86,23.87,362265.74,2786856.19,2424590.45
4873,2021,Ahmednagar,Soybean,Kharif,Black,Rainfed,2.16,757.3,22.2,56.5,5.2,6349.45,7446.16,3606.64,8457.06,3898.91,3720.04,2054.34,44.52,33478.27,91466.6,57988.34
4874,2023,Aurangabad,Cotton,Kharif,Loamy,Canal,3.79,659.4,30.3,60.1,7.74,21051.6,21966.56,14297.19,39325.75,21192.23,11405.35,2630.21,67.27,129238.67,176945.39,47706.72
4875,2020,Nashik,Soybean,Kharif,Black,Canal,9.8,771.1,24.8,58.1,6.34,26666.82,40361.65,19517.74,43460.6,20122.84,15660.59,12917.54,40.84,165790.25,527548.01,361757.77
4876,2021,Solapur,Wheat,Rabi,Red,Borewell,3.73,500.2,23.6,63.0,7.38,10491.52,20320.98,9653.73,22099.19,10643.66,6905.45,8115.7,26.73,80114.54,216950.46,136835.92
4877,2022,Sangli,Sugarcane,Annual,Black,Drip,2.11,631.8,27.9,64.3,6.4,14996.52,19469.13,7689.61,30533.29,14778.52,9306.43,79202.91,2.63,96773.5,208674.34,111900.85
4878,2023,Solapur,Wheat,Rabi,Black,Rainfed,1.94,560.8,28.5,62.3,6.44,5765.22,10754.38,5240.13,15129.73,4849.68,3986.85,4275.61,27.67,45725.98,118315.26,72589.28
4879,2020,Aurangabad,Rice,Kharif,Black,Canal,5.19,647.8,25.9,41.8,6.67,14578.12,35231.11,14227.45,46067.63,20699.71,11944.84,14470.07,32.48,142748.86,470052.49,327303.63
4880,2021,Nashik,Soybean,Kharif,Black,Rainfed,1.42,673.2,22.2,54.4,7.66,4593.52,5836.79,2502.63,6653.73,2656.67,2412.14,1437.59,42.49,24655.49,61081.06,36425.57
4881,2022,Satara,Cotton,Kharif,Loamy,Borewell,5.03,921.8,20.5,58.3,7.03,20980.22,33085.6,21487.33,54271.77,25934.33,13631.88,3165.07,74.41,169391.12,235506.26,66115.14
4882,2025,Nashik,Maize,Kharif,Black,Borewell,10.08,862.0,25.7,55.7,7.33,26483.97,58431.96,22746.73,81252.65,35384.77,22667.25,39426.72,26.34,246967.33,1038676.25,791708.92
4883,2019,Aurangabad,Rice,Kharif,Black,Borewell,4.08,715.7,22.0,57.9,7.3,13006.26,27430.81,10719.0,28027.27,16301.8,9332.1,11655.45,31.79,104817.24,370557.56,265740.31
4884,2021,Sangli,Onion,Rabi,Red,Canal,9.67,397.2,26.3,64.5,7.36,53172.78,68188.87,35521.18,79781.88,45133.96,21646.73,63026.45,22.06,303445.4,1390084.55,1086639.15
4885,2022,Pune,Sugarcane,Annual,Black,Drip,2.33,781.7,25.6,61.9,5.72,17706.29,22361.91,9012.85,32067.05,16164.47,8958.2,83606.0,3.68,106270.78,308052.04,201781.26
4886,2020,Satara,Tomato,Rabi,Black,Canal,2.63,831.9,25.9,55.2,7.22,11643.02,19401.01,9497.14,27882.99,11636.1,6881.21,27286.36,23.71,86941.48,647017.26,560075.79
4887,2024,Ahmednagar,Cotton,Kharif,Red,Rainfed,8.14,429.6,28.2,61.7,6.37,39416.66,58389.59,35257.49,79669.46,42054.54,23195.54,4268.63,83.38,277983.28,355904.17,77920.9
4888,2019,Pune,Tomato,Rabi,Red,Drip,9.21,634.3,21.3,64.9,6.83,36607.9,62420.12,33410.99,79112.7,36548.12,20640.72,79078.53,19.51,268740.55,1542461.35,1273720.79
4889,2023,Ahmednagar,Wheat,Rabi,Loamy,Canal,5.97,691.1,26.0,66.3,7.4,17099.2,39527.55,14796.53,47228.42,13994.68,13767.29,14754.31,30.02,146413.66,442908.27,296494.6
4890,2024,Pune,Onion,Rabi,Alluvial,Drip,7.58,886.4,23.2,88.1,7.65,43646.08,72256.91,33183.8,75156.07,42049.48,24614.19,60120.85,28.11,290906.53,1690082.49,1399175.96
4891,2024,Kolhapur,Maize,Kharif,Black,Rainfed,11.74,1474.7,22.4,59.4,6.84,36296.61,72656.77,27164.81,91674.46,32235.47,22899.4,31336.04,22.76,282927.52,713277.92,430350.4
4892,2019,Ahmednagar,Cotton,Kharif,Loamy,Borewell,11.43,533.5,23.3,61.7,5.28,45153.75,55396.3,40464.1,104040.01,55476.72,30145.05,8298.7,68.09,330675.93,565065.01,234389.08
4893,2019,Pune,Sugarcane,Annual,Alluvial,Rainfed,11.77,703.6,23.6,47.7,6.71,71691.26,108159.91,40766.21,138476.76,82630.08,42086.43,355921.98,3.54,483810.65,1259088.25,775277.6
4894,2024,Solapur,Cotton,Kharif,Red,Rainfed,9.84,551.7,25.3,65.6,6.41,52988.29,67357.19,43259.7,121622.72,52906.32,29637.62,5961.06,71.61,367771.83,426901.01,59129.18
4895,2022,Sangli,Rice,Kharif,Red,Drip,8.1,763.3,27.1,62.5,6.34,25621.46,53819.54,27545.58,54482.01,33262.17,21142.06,24915.25,38.01,215872.83,947093.8,731220.96
4896,2020,Ahmednagar,Maize,Kharif,Red,Canal,1.89,767.0,25.8,58.7,6.85,4606.98,9921.74,3505.14,10912.71,5362.12,3251.63,5995.06,20.83,37560.33,124878.5,87318.16
4897,2021,Pune,Wheat,Rabi,Red,Drip,3.54,675.9,24.2,67.9,6.34,10145.29,20335.86,8051.37,24011.74,9498.3,6612.34,8875.85,21.19,78654.9,188071.22,109416.32
4898,2019,Ahmednagar,Maize,Kharif,Alluvial,Borewell,4.07,489.2,25.1,77.0,6.46,9653.13,19722.05,8513.16,20737.86,9742.52,7340.23,11304.21,16.2,75708.95,183102.59,107393.64
4899,2019,Pune,Maize,Kharif,Black,Rainfed,2.66,708.3,28.1,52.3,6.48,6399.48,11512.74,4588.65,15847.6,5234.28,4262.68,6387.4,18.95,47845.44,121035.85,73190.42
4900,2021,Satara,Rice,Kharif,Alluvial,Drip,8.67,987.8,25.5,70.4,6.65,27317.25,60126.41,26563.02,64213.93,30654.28,20293.38,29491.74,30.0,229168.27,884816.3,655648.03
4901,2020,Nashik,Soybean,Kharif,Red,Drip,10.4,880.2,21.3,58.5,7.64,30740.15,35594.99,18729.47,45840.46,20069.85,16425.86,13353.83,52.58,167400.78,702102.63,534701.85
4902,2023,Ahmednagar,Onion,Rabi,Loamy,Rainfed,6.58,485.4,27.5,60.9,7.04,37016.75,48831.52,27166.89,64060.93,28720.94,20907.51,46480.49,25.78,226704.54,1198330.2,971625.65
4903,2020,Ahmednagar,Soybean,Kharif,Alluvial,Canal,11.88,733.9,20.5,72.9,7.95,36275.95,47784.6,22052.47,52693.81,19764.63,19762.96,14922.16,36.85,198334.42,549810.23,351475.82
4904,2021,Kolhapur,Tomato,Rabi,Red,Drip,2.97,1350.2,28.1,73.7,6.55,12953.0,22708.72,12448.81,30659.74,12089.44,8874.89,24238.15,18.69,99734.61,453052.82,353318.21
4905,2023,Ahmednagar,Cotton,Kharif,Loamy,Canal,2.1,624.9,27.0,72.9,5.54,10460.69,14937.73,9079.03,20122.62,10586.12,6865.76,1436.35,65.24,72051.94,93714.53,21662.59
4906,2022,Aurangabad,Cotton,Kharif,Black,Drip,3.41,630.2,23.7,58.3,6.38,16951.29,20721.52,13134.9,36625.38,16832.77,9509.78,2508.52,81.04,113775.65,203295.32,89519.67
4907,2022,Sangli,Cotton,Kharif,Red,Canal,8.91,528.1,28.7,45.4,7.07,37823.72,57175.17,33985.8,101888.03,48272.5,31407.19,6050.33,85.94,310552.42,519983.18,209430.77
4908,2024,Pune,Maize,Kharif,Alluvial,Drip,6.76,799.2,25.1,58.7,8.19,20855.45,40639.25,14048.95,56504.96,18529.65,11657.73,22101.5,25.2,162235.99,557011.78,394775.79
4909,2024,Aurangabad,Tomato,Rabi,Loamy,Drip,4.45,607.5,23.5,58.1,6.7,22424.89,40928.87,18091.69,49398.91,30414.08,14452.29,45383.81,28.95,175710.72,1313949.34,1138238.61
4910,2020,Solapur,Cotton,Kharif,Loamy,Drip,10.43,606.3,24.4,68.8,7.07,48978.7,61675.42,37837.2,90214.63,52434.07,25922.94,9098.53,51.78,317062.96,471130.48,154067.52
4911,2025,Sangli,Onion,Rabi,Black,Canal,1.48,631.9,29.1,63.2,6.81,9566.53,12372.58,5880.81,16778.78,7562.34,4735.61,11272.76,31.78,56896.65,358196.44,301299.8
4912,2022,Sangli,Maize,Kharif,Alluvial,Canal,4.74,737.3,24.5,54.2,7.3,11379.22,29158.57,10079.27,33244.43,13932.59,9966.01,15439.0,18.86,107760.1,291132.1,183372.0
4913,2022,Kolhapur,Rice,Kharif,Loamy,Drip,9.23,1293.9,27.8,67.7,5.82,32954.02,68925.83,28406.57,75455.11,41358.91,23379.7,23104.14,34.54,270480.14,797979.08,527498.94
4914,2025,Satara,Onion,Rabi,Black,Borewell,6.21,1001.1,22.3,71.5,6.73,41565.37,56558.63,26475.53,61795.92,35811.31,18208.53,48806.12,26.56,240415.29,1296275.54,1055860.25
4915,2019,Kolhapur,Tomato,Rabi,Alluvial,Borewell,4.5,1472.2,25.0,53.6,7.35,19389.68,33932.73,14608.91,48111.71,20116.59,12942.88,46090.36,27.79,149102.5,1280743.72,1131641.22
4916,2020,Satara,Onion,Rabi,Loamy,Canal,5.33,922.7,22.4,52.3,6.07,26355.62,38495.74,22205.36,46408.13,24607.77,11855.04,38391.98,20.06,169927.66,770048.04,600120.38
4917,2022,Kolhapur,Maize,Kharif,Alluvial,Borewell,1.61,1519.9,28.0,56.2,5.65,4534.13,9322.43,3103.97,10897.25,5018.78,2755.37,5695.33,24.62,35631.93,140241.56,104609.63
4918,2024,Solapur,Tomato,Rabi,Red,Canal,9.83,383.8,29.9,78.9,6.95,47120.5,85097.22,35974.54,122374.52,54704.17,30208.02,76270.85,23.49,375478.96,1791722.85,1416243.89
4919,2020,Sangli,Soybean,Kharif,Alluvial,Drip,6.11,548.7,25.2,62.3,7.1,18553.1,25196.32,11363.65,31566.3,9832.52,10395.76,7342.92,40.98,106907.65,300905.06,193997.42
4920,2020,Kolhapur,Maize,Kharif,Loamy,Borewell,3.16,1231.9,28.6,73.1,7.43,7976.62,16947.64,6090.45,23169.99,8490.59,5400.12,9111.88,20.18,68075.41,183865.92,115790.51
4921,2019,Kolhapur,Maize,Kharif,Alluvial,Borewell,9.44,1380.5,22.1,63.2,6.45,23055.08,48282.26,18831.91,51878.01,21616.42,14821.27,30149.42,19.54,178484.95,589197.87,410712.91
4922,2024,Ahmednagar,Rice,Kharif,Loamy,Borewell,11.39,574.1,25.6,60.0,6.96,36686.27,85352.64,34315.21,104671.96,47706.19,31966.42,32473.15,39.52,340698.69,1283248.6,942549.91
4923,2021,Satara,Soybean,Kharif,Alluvial,Drip,5.52,836.8,23.8,56.6,6.63,17980.82,20956.74,9069.1,29792.09,11410.36,7384.2,7249.42,45.93,96593.31,332999.29,236405.98
4924,2023,Sangli,Cotton,Kharif,Alluvial,Borewell,1.29,616.2,26.2,71.9,7.78,6034.82,9267.92,5583.56,14178.43,6749.49,3988.16,854.1,78.42,45802.38,66975.19,21172.8
4925,2022,Pune,Soybean,Kharif,Black,Borewell,3.08,877.7,23.7,61.5,7.29,9364.88,11819.41,5946.62,15411.77,6316.57,4367.75,4400.0,44.58,53226.99,196164.21,142937.21
4926,2023,Kolhapur,Maize,Kharif,Loamy,Drip,3.37,1356.3,25.0,48.6,7.58,9879.05,22809.01,7347.61,25493.47,10820.79,7592.76,10867.52,24.58,83942.67,267084.33,183141.65
4927,2019,Sangli,Rice,Kharif,Alluvial,Drip,9.55,537.5,25.4,54.0,6.65,30666.48,63721.33,26478.09,75287.56,39164.72,24882.51,27749.9,32.61,260200.7,904829.48,644628.78
4928,2022,Nashik,Rice,Kharif,Red,Borewell,5.02,964.1,27.5,58.9,6.97,16399.79,39587.15,16845.78,45330.76,19706.11,11057.53,14597.41,36.39,148927.12,531166.44,382239.32
4929,2020,Pune,Rice,Kharif,Black,Borewell,3.14,739.9,27.0,65.9,6.83,9165.67,18205.52,8916.77,23223.35,11875.91,7295.29,9149.67,32.26,78682.51,295187.42,216504.91
4930,2020,Aurangabad,Soybean,Kharif,Loamy,Rainfed,8.74,669.4,25.8,64.6,7.49,24691.57,30106.75,15420.23,35508.33,15950.72,14196.45,9250.38,50.46,135874.05,466817.48,330943.43
4931,2025,Ahmednagar,Sugarcane,Annual,Black,Rainfed,10.52,657.2,19.6,64.5,7.64,93306.73,124706.39,42617.08,172361.54,86602.03,48994.79,382252.48,3.87,568588.56,1478616.3,910027.74
4932,2025,Sangli,Cotton,Kharif,Loamy,Rainfed,10.83,764.0,27.3,61.3,6.67,61464.22,73465.87,48948.62,123986.43,60574.29,35723.21,6698.46,74.7,404162.65,500372.73,96210.08
4933,2024,Sangli,Maize,Kharif,Alluvial,Drip,9.58,607.1,29.2,63.1,6.23,29721.27,57368.76,22066.28,64059.65,31146.97,21442.06,35198.92,17.7,225804.99,622886.14,397081.15
4934,2019,Ahmednagar,Rice,Kharif,Alluvial,Borewell,2.9,806.2,25.7,63.5,6.33,8711.38,16684.54,8849.56,20745.07,10276.41,7528.75,8949.12,34.6,72795.71,309621.62,236825.91
4935,2025,Kolhapur,Soybean,Kharif,Loamy,Borewell,2.45,1429.7,25.9,54.8,6.34,9054.89,10010.53,4548.08,12270.06,5040.54,5017.54,3177.16,41.44,45941.65,131646.31,85704.66
4936,2024,Solapur,Maize,Kharif,Alluvial,Drip,4.05,662.3,26.3,73.9,7.05,10865.43,25337.62,9785.34,26688.96,12356.81,9009.77,12874.69,27.82,94043.93,358139.91,264095.97
4937,2025,Sangli,Maize,Kharif,Alluvial,Canal,9.43,636.2,27.5,50.9,6.52,30169.18,57157.25,24827.13,69101.3,29467.61,19155.8,27556.67,19.28,229878.27,531170.08,301291.81
4938,2025,Satara,Tomato,Rabi,Red,Rainfed,3.46,871.4,21.3,66.9,5.64,19187.82,32248.63,15091.76,45129.06,20045.61,13486.05,25945.1,22.65,145188.92,587547.22,442358.3
4939,2024,Ahmednagar,Sugarcane,Annual,Alluvial,Rainfed,6.95,574.5,23.3,69.0,6.04,49942.97,70223.96,27027.22,98382.65,58610.36,30367.26,228278.06,2.93,334554.41,669835.99,335281.57
4940,2025,Sangli,Soybean,Kharif,Alluvial,Rainfed,3.74,680.7,24.7,63.6,7.69,11692.14,16416.45,8156.68,23881.73,7293.58,7040.69,4206.39,42.59,74481.27,179142.56,104661.3
4941,2024,Ahmednagar,Rice,Kharif,Loamy,Borewell,4.49,606.5,27.2,48.3,6.44,16308.63,37193.56,16074.15,38579.55,20945.89,11318.0,13642.91,33.25,140419.79,453644.39,313224.6
4942,2019,Aurangabad,Cotton,Kharif,Loamy,Borewell,11.18,560.9,26.7,53.0,6.8,49962.27,68687.47,29619.48,98997.98,39063.92,31769.15,7829.75,66.4,318100.27,519889.2,201788.93
4943,2024,Sangli,Wheat,Rabi,Red,Drip,7.14,563.6,24.8,64.2,6.63,22632.79,48697.02,19941.95,51256.42,20283.97,15927.39,18263.58,27.8,178739.54,507689.08,328949.53
4944,2023,Satara,Onion,Rabi,Black,Rainfed,11.68,962.5,23.2,58.8,6.99,72553.86,88361.24,45930.48,111466.32,65923.69,31851.61,87505.35,25.31,416087.2,2214795.13,1798707.93
4945,2019,Sangli,Rice,Kharif,Red,Canal,6.92,597.5,29.2,58.4,6.6,20927.64,47104.09,22589.91,55693.29,25405.21,15794.03,16176.02,27.8,187514.17,449705.04,262190.88
4946,2022,Nashik,Wheat,Rabi,Red,Canal,2.89,839.3,26.9,56.2,6.45,9485.74,15680.33,6554.87,22803.12,7453.07,6215.62,7540.65,25.87,68192.75,195080.65,126887.9
4947,2020,Nashik,Wheat,Rabi,Red,Drip,1.95,727.1,27.1,64.5,6.16,5128.24,10979.9,4462.02,13235.65,5355.76,3925.7,4772.35,25.61,43087.27,122215.15,79127.88
4948,2020,Kolhapur,Cotton,Kharif,Loamy,Borewell,1.43,1451.1,25.2,45.6,6.91,5923.05,7548.76,4820.43,13587.71,5654.76,3464.57,1108.55,87.07,40999.28,96519.45,55520.17
4949,2024,Satara,Sugarcane,Annual,Alluvial,Rainfed,0.64,735.3,23.9,64.1,6.06,5459.34,7350.12,2825.44,9186.55,4937.4,2872.4,19903.09,3.13,32631.24,62208.31,29577.07
4950,2025,Pune,Cotton,Kharif,Alluvial,Rainfed,9.48,671.4,28.6,50.6,6.9,48209.07,68587.98,46374.63,111858.3,51671.06,26245.35,5744.47,86.67,352946.39,497868.46,144922.06
4951,2025,Nashik,Wheat,Rabi,Loamy,Borewell,10.34,701.9,22.8,63.4,7.27,30401.2,73797.14,30653.97,77361.13,27530.75,23679.45,30013.56,29.82,263423.64,895063.19,631639.55
4952,2019,Pune,Soybean,Kharif,Alluvial,Rainfed,9.43,461.2,25.4,72.7,5.88,23758.7,33437.57,16725.37,39727.91,17541.29,12544.14,9625.15,47.06,143735.0,452954.27,309219.27
4953,2019,Sangli,Rice,Kharif,Alluvial,Rainfed,1.47,337.9,28.8,62.7,6.94,4515.57,9023.54,4139.54,11996.41,5750.37,2847.24,3103.0,29.26,38272.66,90787.83,52515.16
4954,2025,Pune,Wheat,Rabi,Alluvial,Drip,5.6,774.4,26.6,76.3,7.22,18780.54,37990.24,16189.87,37078.25,16285.71,13290.16,15352.75,34.4,139614.77,528163.16,388548.39
4955,2023,Ahmednagar,Wheat,Rabi,Loamy,Borewell,2.78,565.5,23.8,58.1,6.31,9014.21,17926.09,7349.76,19163.8,8197.75,6839.48,7552.64,28.01,68491.08,211539.37,143048.28
4956,2023,Sangli,Rice,Kharif,Black,Rainfed,7.35,545.9,23.7,70.3,6.45,25828.56,49177.23,25220.81,58466.74,29834.69,17252.22,17821.31,33.5,205780.25,597001.1,391220.85
4957,2021,Satara,Wheat,Rabi,Red,Rainfed,6.89,707.4,22.7,80.4,6.5,17880.2,37520.45,17357.72,50887.43,18049.75,13953.55,13305.26,31.92,155649.09,424647.27,268998.18
4958,2023,Kolhapur,Soybean,Kharif,Alluvial,Canal,9.11,1485.3,25.0,66.8,6.22,31550.34,38433.41,17876.87,38242.39,15742.22,16828.73,12147.22,52.7,158673.95,640104.34,481430.39
4959,2019,Ahmednagar,Cotton,Kharif,Red,Canal,11.11,591.2,25.8,67.3,7.95,50315.08,61222.71,35507.64,103670.88,40017.03,28670.65,8449.31,70.85,319403.99,598648.72,279244.73
4960,2022,Nashik,Soybean,Kharif,Black,Borewell,7.44,677.1,21.7,75.8,6.86,23455.44,28533.42,15731.82,36806.51,14636.56,13256.68,8999.37,40.85,132420.43,367593.0,235172.57
4961,2025,Aurangabad,Rice,Kharif,Black,Drip,6.96,651.6,26.1,74.9,6.53,29467.51,57924.31,25652.12,65510.48,36744.27,17899.04,22544.14,28.0,233197.73,631292.06,398094.33
4962,2019,Pune,Tomato,Rabi,Alluvial,Borewell,6.5,739.8,23.4,76.2,6.53,27074.92,44185.61,24884.18,60049.15,30607.27,17979.97,65426.38,24.08,204781.09,1575249.27,1370468.18
4963,2025,Nashik,Rice,Kharif,Loamy,Rainfed,3.49,727.6,24.8,46.2,7.17,13354.5,30125.03,13511.28,34352.34,16226.61,9587.92,9566.06,34.01,117157.69,325315.05,208157.36
4964,2025,Ahmednagar,Soybean,Kharif,Black,Canal,6.22,430.7,26.1,70.9,7.24,22663.63,27454.3,12067.28,31936.64,10400.11,10846.86,6566.31,40.02,115368.82,262792.21,147423.39
4965,2021,Ahmednagar,Wheat,Rabi,Loamy,Rainfed,10.82,660.4,27.8,52.9,6.32,30282.49,60646.72,27677.22,81249.69,27536.3,20312.24,25698.73,27.08,247704.66,695837.87,448133.21
4966,2021,Nashik,Maize,Kharif,Black,Rainfed,4.48,753.9,24.3,48.5,6.44,11614.25,23603.65,8679.48,32732.78,12650.4,8618.13,12568.64,21.12,97898.68,265484.51,167585.83
4967,2025,Aurangabad,Maize,Kharif,Alluvial,Canal,5.71,669.8,27.6,67.3,6.71,17864.37,32753.35,14324.2,46564.74,18109.39,11187.36,16571.97,26.69,140803.42,442284.85,301481.42
4968,2024,Aurangabad,Maize,Kharif,Black,Drip,0.55,499.2,26.4,54.2,7.75,1582.85,3336.94,1412.96,4061.0,1501.09,1284.41,1737.24,25.54,13179.25,44370.69,31191.45
4969,2025,Aurangabad,Tomato,Rabi,Alluvial,Borewell,9.89,609.2,24.8,65.6,6.37,51787.32,90368.57,46602.41,123885.71,56146.33,35484.26,106979.01,36.44,404274.61,3897916.51,3493641.9
4970,2025,Kolhapur,Tomato,Rabi,Loamy,Drip,8.88,1413.0,24.6,44.7,6.71,45362.54,76484.33,33782.1,105604.02,53869.9,25719.8,86224.1,32.87,340822.69,2834282.72,2493460.03
4971,2023,Satara,Rice,Kharif,Black,Rainfed,9.66,1072.7,24.9,53.4,6.92,32206.1,65390.88,34013.52,93753.53,39699.96,25296.85,27426.67,26.51,290360.84,726965.18,436604.33
4972,2023,Kolhapur,Sugarcane,Annual,Black,Borewell,6.69,1430.2,26.5,57.0,6.41,46101.88,69709.45,28257.81,102620.31,57295.93,29362.2,239410.83,3.27,333347.59,781763.57,448415.98
4973,2020,Kolhapur,Rice,Kharif,Red,Drip,9.9,1409.7,22.2,71.0,6.18,28455.81,60331.96,27722.95,81136.8,37796.33,21773.08,29343.99,33.01,257216.93,968740.74,711523.81
4974,2021,Solapur,Rice,Kharif,Black,Rainfed,5.28,615.0,28.8,66.5,6.61,16620.14,36806.83,15096.0,39842.11,19338.8,13203.59,12697.82,33.29,140907.47,422654.53,281747.06
4975,2021,Nashik,Soybean,Kharif,Red,Canal,5.1,898.9,25.1,65.1,7.86,15798.49,19359.59,9980.48,22716.18,9133.43,8158.17,6448.77,48.25,85146.33,311125.08,225978.75
4976,2023,Sangli,Wheat,Rabi,Loamy,Drip,10.64,458.4,24.2,55.1,7.14,33228.11,57644.59,27979.5,81855.47,33001.58,22878.22,25648.12,31.55,256587.48,809102.12,552514.64
4977,2022,Nashik,Tomato,Rabi,Alluvial,Canal,6.3,801.2,25.4,62.1,6.49,32547.25,46604.8,26930.48,64944.11,31325.54,18014.9,64833.08,28.47,220367.07,1845961.83,1625594.76
4978,2021,Ahmednagar,Onion,Rabi,Red,Borewell,7.2,641.6,25.2,74.5,6.48,37215.45,49387.28,26761.66,69951.44,34566.83,19969.77,59408.32,22.9,237852.44,1360453.57,1122601.13
4979,2019,Nashik,Cotton,Kharif,Red,Canal,5.36,773.6,23.7,58.3,8.05,22581.04,28732.42,20118.88,51827.77,20725.52,14218.05,3595.22,46.62,158203.68,167609.77,9406.08
4980,2024,Aurangabad,Cotton,Kharif,Black,Borewell,5.35,511.4,26.1,64.3,7.24,27239.86,31435.67,27122.3,60429.69,28491.98,18502.49,3692.42,74.94,193221.99,276699.25,83477.25
4981,2022,Solapur,Cotton,Kharif,Loamy,Canal,10.41,498.8,27.6,64.8,6.01,44898.82,75620.69,46067.01,89697.52,54116.42,30951.33,7361.68,58.23,341351.79,428648.18,87296.39
4982,2019,Pune,Soybean,Kharif,Alluvial,Rainfed,6.19,746.8,22.2,52.1,6.76,19275.28,23517.11,10786.57,24373.5,9410.88,9544.36,5950.43,43.31,96907.71,257715.0,160807.3
4983,2022,Sangli,Onion,Rabi,Alluvial,Borewell,6.09,354.9,23.3,47.2,6.86,37063.21,45967.19,27124.46,61729.22,34443.64,18602.31,44727.2,24.85,224930.02,1111690.78,886760.76
4984,2021,Solapur,Soybean,Kharif,Alluvial,Drip,7.28,659.4,29.7,73.4,6.0,20367.76,27523.08,12970.39,35718.52,13241.45,11750.8,9346.42,50.68,121571.99,473634.85,352062.86
4985,2024,Aurangabad,Maize,Kharif,Black,Borewell,7.64,713.8,26.9,61.1,7.56,23645.7,44730.82,16014.78,55303.58,23935.86,15459.58,25483.55,23.95,179090.32,610231.92,431141.6
4986,2022,Sangli,Maize,Kharif,Red,Canal,2.68,572.3,24.8,71.1,7.52,7713.26,14766.44,5860.43,17112.87,7823.39,5152.06,8275.81,18.04,58428.45,149283.68,90855.24
4987,2019,Solapur,Tomato,Rabi,Alluvial,Borewell,0.64,431.2,27.8,58.3,6.81,2837.22,4515.34,2190.96,6121.85,2485.3,1604.67,5949.42,24.9,19755.34,148134.53,128379.19
4988,2019,Aurangabad,Wheat,Rabi,Black,Rainfed,2.45,724.5,23.1,64.7,6.54,6283.05,12008.19,4810.98,16155.67,5624.37,4839.46,6379.41,28.03,49721.72,178828.35,129106.63
4989,2019,Kolhapur,Cotton,Kharif,Red,Rainfed,11.38,1240.6,22.0,74.6,7.4,47492.05,63623.41,35158.28,98868.17,51215.17,29318.33,6408.88,74.59,325675.41,478064.77,152389.36
4990,2025,Sangli,Tomato,Rabi,Red,Canal,8.58,515.0,28.8,68.4,6.79,44403.74,70286.24,37326.85,106107.33,50366.97,24951.76,73295.41,26.42,333442.89,1936617.7,1603174.81
4991,2025,Aurangabad,Wheat,Rabi,Black,Rainfed,11.17,808.5,24.1,79.7,6.94,34710.86,73508.16,30961.47,79255.47,33940.1,27168.82,29015.73,28.03,279544.88,813328.17,533783.29
4992,2022,Sangli,Wheat,Rabi,Black,Canal,9.32,502.0,24.4,48.8,7.29,28575.12,60795.0,26582.03,63293.99,24586.63,20229.33,25180.36,17.95,224062.1,452014.2,227952.1
4993,2020,Aurangabad,Rice,Kharif,Red,Rainfed,10.59,783.2,25.5,65.3,6.61,32077.59,62955.4,28452.49,84555.84,40222.94,25415.46,27001.9,29.88,273679.73,806842.73,533163.0
4994,2020,Sangli,Sugarcane,Annual,Red,Rainfed,8.69,846.8,25.2,63.3,6.29,57342.34,75665.99,33658.21,124509.98,58259.56,27865.33,285534.06,2.92,377301.42,835167.66,457866.24
4995,2025,Solapur,Rice,Kharif,Red,Drip,3.93,533.8,27.3,64.5,7.4,16115.44,32355.52,13312.28,34690.26,16957.05,12004.17,10187.11,33.02,125434.73,336388.89,210954.16
4996,2023,Ahmednagar,Soybean,Kharif,Red,Drip,9.65,648.5,23.4,72.3,6.44,32608.85,48166.25,18482.34,42581.19,19805.97,18014.95,11100.52,44.49,179659.57,493835.64,314176.07
4997,2021,Ahmednagar,Maize,Kharif,Black,Canal,0.88,516.3,23.5,75.1,6.09,2560.65,5066.98,1909.67,6161.34,2387.11,1481.87,3126.49,21.82,19567.63,68225.29,48657.67
4998,2025,Solapur,Sugarcane,Annual,Red,Drip,2.38,530.9,28.6,69.7,6.05,19984.0,25090.27,10749.82,38263.16,22407.5,10315.68,81927.97,3.75,126810.44,307543.12,180732.68
4999,2019,Kolhapur,Onion,Rabi,Black,Canal,9.36,1548.6,26.0,54.4,8.07,49236.88,63557.01,27912.62,85937.28,38181.17,22659.07,77773.97,23.25,287484.05,1807927.72,1520443.68
5000,2024,Pune,Rice,Kharif,Alluvial,Borewell,11.38,805.8,25.2,60.7,6.0,38037.65,82419.22,41882.46,94276.01,49491.64,29514.9,31207.68,39.23,335621.86,1224180.55,888558.69
